"employee_id","hire_date","termination_date","termination_reason","voluntary_involuntary","department","grade","manager","gender","age","tenure"
"BLD-100003","2019-11-11","2023-07-19","Resignation - Better Opportunity","Voluntary","R&D","G3","Waleed Cruz","Female","57","3.7"
"BLD-100005","2017-10-26","2024-06-09","Resignation - Relocation","Voluntary","Engineering & Maintenance","G8","Ramesh Kapoor","Male","49","6.6"
"BLD-100007","2015-08-29","2023-07-01","Resignation - Relocation","Voluntary","Quality Assurance & Food Safety","G1","Khalid Al-Marri","Male","30","7.8"
"BLD-100010","2020-06-20","2025-05-07","Resignation - Relocation","Voluntary","Marketing","G2","Shobha Mahmoud","Female","58","4.9"
"BLD-100011","2010-10-21","2023-09-01","Resignation - Relocation","Voluntary","Finance","G4","Rajesh Malik","Male","33","12.9"
"BLD-100013","2010-10-29","2025-09-26","Resignation - Relocation","Voluntary","Marketing","G8","Anil Kapoor","Female","66","14.9"
"BLD-100014","2010-09-05","2024-04-23","Resignation - Personal Reasons","Voluntary","Engineering & Maintenance","G6","Ravi Youssef","Male","35","13.6"
"BLD-100018","2019-05-02","2025-04-24","Resignation - Relocation","Voluntary","Engineering & Maintenance","G6","Ramesh Kapoor","Male","31","6"
"BLD-100022","2019-10-03","2024-10-21","Resignation - Relocation","Voluntary","Sales & Distribution","G5","Krishna Thapa","Male","42","5.1"
"BLD-100024","2016-02-14","2023-06-29","Resignation - Personal Reasons","Voluntary","People & Culture","G5","Hind Youssef","Male","58","7.4"
"BLD-100026","2010-08-30","2024-11-07","Resignation - Relocation","Voluntary","Quality Assurance & Food Safety","G7","Sameer Al-Sayed","Female","48","14.2"
"BLD-100029","2022-01-10","2024-10-24","Resignation - Relocation","Voluntary","Quality Assurance & Food Safety","G1","Nadia Santos","Female","29","2.8"
"BLD-100031","2015-06-18","2023-12-22","Resignation - Better Opportunity","Voluntary","Engineering & Maintenance","G7","Ravi Youssef","Male","60","8.5"
"BLD-100035","2020-10-18","2023-09-04","Resignation - Better Opportunity","Voluntary","People & Culture","G8","Waleed Rai","Female","32","2.9"
"BLD-100037","2011-03-13","2025-09-22","Resignation - Personal Reasons","Voluntary","People & Culture","G5","Sara Santos","Female","36","14.5"
"BLD-100042","2022-01-20","2024-10-20","Resignation - Personal Reasons","Voluntary","Supply Chain & Logistics","G8","Khalid Ibrahim","Male","47","2.7"
"BLD-100043","2022-05-19","2024-09-05","Resignation - Better Opportunity","Voluntary","IT & Digital","G3","Juan Islam","Female","50","2.3"
"BLD-100044","2017-05-05","2025-08-06","Resignation - Relocation","Voluntary","People & Culture","G6","Fatima Malik","Male","56","8.3"
"BLD-100047","2012-09-19","2024-12-26","Resignation - Personal Reasons","Voluntary","Quality Assurance & Food Safety","G5","Nadia Thapa","Female","47","12.3"
"BLD-100048","2022-02-24","2023-06-02","Resignation - Personal Reasons","Voluntary","Farm Operations","G2","Tariq Pereira","Male","38","1.3"
"BLD-100049","2018-07-06","2023-06-30","Resignation - Personal Reasons","Voluntary","Finance","G2","Sanjay Gurung","Male","40","5"
"BLD-100050","2015-01-24","2023-03-30","Termination - Disciplinary","Involuntary","Farm Operations","G1","Faisal Mansour","Male","51","8.2"
"BLD-100053","2016-04-16","2023-06-13","Resignation - Relocation","Voluntary","Sales & Distribution","G1","Jose Malik","Male","58","7.2"
"BLD-100056","2018-05-23","2024-07-27","Resignation - Personal Reasons","Voluntary","Marketing","G8","Anil Kapoor","Female","43","6.2"
"BLD-100057","2022-06-18","2024-05-03","Resignation - Personal Reasons","Voluntary","Quality Assurance & Food Safety","G3","Pooja Mansour","Male","42","1.9"
"BLD-100058","2018-07-10","2025-04-12","Resignation - Better Opportunity","Voluntary","Quality Assurance & Food Safety","G1","Manoj Pereira","Male","46","6.8"
"BLD-100060","2012-05-08","2025-09-26","Termination - Redundancy","Involuntary","Procurement","G1","Priya Baig","Male","46","13.4"
"BLD-100062","2022-04-16","2024-02-18","End of Contract - Not Renewed by Employee","Voluntary","Quality Assurance & Food Safety","G5","Rajesh Kapoor","Male","49","1.8"
"BLD-100063","2019-07-13","2025-10-30","End of Contract - Not Renewed by Employee","Voluntary","Supply Chain & Logistics","G4","Layla Ahmed","Male","40","6.3"
"BLD-100064","2010-11-18","2023-08-22","End of Contract - Not Renewed by Employee","Voluntary","Finance","G2","Hassan Reyes","Female","51","12.8"
"BLD-100065","2020-10-24","2023-02-03","Termination - Disciplinary","Involuntary","Marketing","G4","Juan Sharma","Female","45","2.3"
"BLD-100067","2017-05-31","2023-03-01","Contract Non-Renewal - Company Decision","Involuntary","Sales & Distribution","G1","Bishnu Al-Marri","Male","49","5.7"
"BLD-100074","2011-03-18","2023-11-17","Resignation - Better Opportunity","Voluntary","Procurement","G5","Joy Reyes","Female","41","12.7"
"BLD-100076","2020-03-10","2025-02-01","Resignation - Better Opportunity","Voluntary","Marketing","G2","Nadia Iqbal","Male","57","4.9"
"BLD-100077","2017-09-30","2024-07-13","Resignation - Better Opportunity","Voluntary","Quality Assurance & Food Safety","G7","Sameer Al-Sayed","Male","37","6.8"
"BLD-100078","2014-11-12","2023-04-25","Resignation - Relocation","Voluntary","Engineering & Maintenance","G3","Yasmin Fernandes","Male","32","8.4"
"BLD-100079","2014-07-09","2023-06-01","Resignation - Better Opportunity","Voluntary","Procurement","G1","Hari Hassan","Female","35","8.9"
"BLD-100080","2021-10-06","2023-03-16","Resignation - Personal Reasons","Voluntary","Production","G3","Faisal Ibrahim","Male","53","1.4"
"BLD-100081","2021-03-15","2023-10-20","End of Contract - Not Renewed by Employee","Voluntary","Quality Assurance & Food Safety","G1","Sara Al-Marri","Female","36","2.6"
"BLD-100084","2012-10-22","2023-12-12","End of Contract - Not Renewed by Employee","Voluntary","Finance","G6","Omar Thapa","Female","65","11.1"
"BLD-100085","2015-08-02","2024-06-08","End of Contract - Not Renewed by Employee","Voluntary","Supply Chain & Logistics","G1","Santosh Devi","Male","55","8.9"
"BLD-100089","2017-04-15","2024-04-13","Termination - Performance","Involuntary","Supply Chain & Logistics","G1","Prakash Kapoor","Female","50","7"
"BLD-100092","2013-07-13","2025-12-23","End of Contract - Not Renewed by Employee","Voluntary","Production","G1","Tariq Youssef","Male","62","12.4"
"BLD-100094","2018-08-10","2023-09-21","Resignation - Relocation","Voluntary","Procurement","G7","Arjun Hassan","Male","53","5.1"
"BLD-100098","2020-05-06","2023-04-23","Resignation - Better Opportunity","Voluntary","Quality Assurance & Food Safety","G4","Dalia Baig","Male","36","3"
"BLD-100099","2013-03-23","2024-01-06","Resignation - Personal Reasons","Voluntary","Sales & Distribution","G2","Arjun Fernandes","Male","46","10.8"
"BLD-100100","2011-04-11","2024-11-21","Resignation - Personal Reasons","Voluntary","Sales & Distribution","G10","Waleed Gurung","Male","49","13.6"
"BLD-100103","2020-12-21","2025-09-04","Resignation - Better Opportunity","Voluntary","Corporate & Executive Office","G2","Santosh Islam","Female","39","4.7"
"BLD-100106","2014-08-24","2024-05-26","Termination - Disciplinary","Involuntary","Engineering & Maintenance","G3","Juan Kapoor","Male","43","9.8"
"BLD-100108","2020-09-13","2025-10-15","Termination - Redundancy","Involuntary","IT & Digital","G5","Waleed Chowdhury","Male","55","5.1"
"BLD-100110","2019-07-30","2024-07-25","Resignation - Personal Reasons","Voluntary","Procurement","G1","Joy Reyes","Female","56","5"
"BLD-100114","2013-10-11","2025-05-01","Resignation - Relocation","Voluntary","Supply Chain & Logistics","G1","Ahmed Iqbal","Male","58","11.6"
"BLD-100115","2018-12-30","2025-12-30","Resignation - Better Opportunity","Voluntary","Engineering & Maintenance","G6","Suresh Devi","Male","31","7"
"BLD-100116","2012-12-06","2023-06-29","Resignation - Relocation","Voluntary","Sales & Distribution","G5","Mohamed Mahmoud","Male","55","10.6"
"BLD-100117","2011-01-04","2023-03-20","Resignation - Relocation","Voluntary","Finance","G2","Jose Malik","Male","34","12.2"
"BLD-100120","2015-05-05","2023-10-01","Contract Non-Renewal - Company Decision","Involuntary","Procurement","G5","Dina Mahmoud","Male","42","8.4"
"BLD-100123","2018-12-06","2025-11-12","Resignation - Personal Reasons","Voluntary","Procurement","G7","Ali Kapoor","Male","27","6.9"
"BLD-100124","2020-06-26","2023-12-06","Resignation - Relocation","Voluntary","Farm Operations","G9","Anil Cruz","Male","38","3.4"
"BLD-100129","2019-03-12","2025-08-19","Resignation - Relocation","Voluntary","People & Culture","G1","Noor Sharma","Male","34","6.4"
"BLD-100131","2018-06-21","2025-07-19","Termination - Redundancy","Involuntary","Sales & Distribution","G4","Arjun Fernandes","Male","61","7.1"
"BLD-100132","2010-03-06","2023-07-13","Resignation - Relocation","Voluntary","Corporate & Executive Office","G2","Rina Fernandes","Male","63","13.4"
"BLD-100133","2014-02-02","2025-07-26","Resignation - Personal Reasons","Voluntary","Marketing","G7","Tariq Kapoor","Male","46","11.5"
"BLD-100134","2014-02-09","2025-05-05","Termination - Disciplinary","Involuntary","IT & Digital","G7","Manoj Abdullah","Male","53","11.2"
"BLD-100135","2022-04-02","2023-03-24","Resignation - Better Opportunity","Voluntary","IT & Digital","G2","Aisha Al-Sayed","Male","33","1"
"BLD-100136","2018-04-13","2024-06-07","Termination - Redundancy","Involuntary","Corporate & Executive Office","G8","Deepak Mahmoud","Female","41","6.2"
"BLD-100139","2012-10-03","2024-05-03","Termination - Disciplinary","Involuntary","Supply Chain & Logistics","G9","Sanjay Devi","Male","52","11.6"
"BLD-100145","2011-09-06","2025-04-11","Termination - Redundancy","Involuntary","Production","G4","Lubna Devi","Male","39","13.6"
"BLD-100147","2017-04-05","2024-12-14","Resignation - Better Opportunity","Voluntary","People & Culture","G2","Hassan Cruz","Male","39","7.7"
"BLD-100151","2016-11-12","2024-02-11","Resignation - Better Opportunity","Voluntary","IT & Digital","G10","Ramesh Islam","Male","48","7.2"
"BLD-100153","2013-02-27","2024-05-22","Resignation - Better Opportunity","Voluntary","Finance","G3","Prakash Ibrahim","Male","62","11.2"
"BLD-100155","2013-11-14","2023-06-25","Resignation - Personal Reasons","Voluntary","Production","G14","Yousef Al-Attiyah","Male","35","9.6"
"BLD-100156","2018-05-10","2023-04-10","Resignation - Better Opportunity","Voluntary","People & Culture","G5","Arjun Kapoor","Female","52","4.9"
"BLD-100160","2011-08-23","2024-02-29","Termination - Performance","Involuntary","Production","G2","Omar Al-Kuwari","Male","66","12.5"
"BLD-100162","2020-12-31","2023-08-23","Resignation - Personal Reasons","Voluntary","Marketing","G2","Aisha Iqbal","Male","31","2.6"
"BLD-100164","2020-09-26","2023-03-13","Resignation - Better Opportunity","Voluntary","People & Culture","G1","Manoj Youssef","Female","35","2.5"
"BLD-100165","2012-12-21","2025-02-07","Resignation - Better Opportunity","Voluntary","People & Culture","G1","Juan Santos","Female","46","12.1"
"BLD-100167","2010-11-18","2025-04-02","End of Contract - Not Renewed by Employee","Voluntary","Production","G2","Hari Al-Marri","Male","36","14.4"
"BLD-100173","2022-08-08","2023-09-16","Resignation - Personal Reasons","Voluntary","Marketing","G1","Vikram Ahmed","Male","45","1.1"
"BLD-100175","2022-05-03","2024-08-03","Resignation - Personal Reasons","Voluntary","Farm Operations","G9","Bikram Hassan","Male","52","2.3"
"BLD-100176","2016-04-24","2025-10-03","Resignation - Better Opportunity","Voluntary","Sales & Distribution","G9","Suresh Hassan","Male","34","9.4"
"BLD-100178","2013-02-26","2025-09-24","Resignation - Personal Reasons","Voluntary","People & Culture","G1","Reem Ibrahim","Female","54","12.6"
"BLD-100180","2015-10-16","2023-10-15","End of Contract - Not Renewed by Employee","Voluntary","Finance","G2","Juan El-Sayed","Female","49","8"
"BLD-100183","2016-01-06","2023-11-19","End of Contract - Not Renewed by Employee","Voluntary","Production","G5","Rajesh Mendoza","Male","34","7.9"
"BLD-100184","2015-10-28","2024-02-24","Termination - Redundancy","Involuntary","Corporate & Executive Office","G4","Rowena Pereira","Male","43","8.3"
"BLD-100185","2013-10-12","2023-02-14","Resignation - Relocation","Voluntary","Marketing","G2","Ahmed Mahmoud","Male","58","9.3"
"BLD-100186","2019-07-03","2024-09-01","Contract Non-Renewal - Company Decision","Involuntary","People & Culture","G2","Rowena Islam","Female","49","5.2"
"BLD-100188","2018-08-12","2025-04-27","Contract Non-Renewal - Company Decision","Involuntary","Sales & Distribution","G6","Tariq Islam","Male","58","6.7"
"BLD-100189","2012-04-24","2024-03-16","Termination - Disciplinary","Involuntary","People & Culture","G2","Bishnu Kapoor","Female","34","11.9"
"BLD-100190","2020-12-20","2023-10-30","Resignation - Relocation","Voluntary","Supply Chain & Logistics","G2","Sanjay El-Sayed","Male","49","2.9"
"BLD-100192","2021-04-27","2025-01-24","Resignation - Relocation","Voluntary","Finance","G6","Ravi Malik","Female","39","3.7"
"BLD-100194","2016-11-16","2025-05-17","Termination - Performance","Involuntary","People & Culture","G4","Sara Santos","Female","33","8.5"
"BLD-100195","2013-07-14","2024-06-19","Resignation - Personal Reasons","Voluntary","Production","G2","Anil Mendoza","Male","38","10.9"
"BLD-100198","2011-01-19","2023-12-11","Resignation - Relocation","Voluntary","Supply Chain & Logistics","G5","Sanjay El-Sayed","Male","53","12.9"
"BLD-100199","2012-01-05","2025-03-02","Resignation - Relocation","Voluntary","Farm Operations","G13","Yousef Al-Attiyah","Male","34","13.2"
"BLD-100200","2017-09-17","2023-02-22","Resignation - Relocation","Voluntary","Quality Assurance & Food Safety","G3","Rajesh Farouk","Female","29","5.4"
"BLD-100201","2015-01-21","2025-01-10","Resignation - Better Opportunity","Voluntary","Supply Chain & Logistics","G1","Mohamed Mansour","Male","59","10"
"BLD-100203","2011-01-27","2023-11-08","Resignation - Relocation","Voluntary","Marketing","G1","Nadia Iqbal","Male","35","12.8"
"BLD-100204","2012-05-01","2024-09-04","Resignation - Personal Reasons","Voluntary","Engineering & Maintenance","G7","Ravi Youssef","Male","58","12.3"
"BLD-100206","2021-03-16","2023-07-26","End of Contract - Not Renewed by Employee","Voluntary","Corporate & Executive Office","G9","Bishnu Mendoza","Male","50","2.4"
"BLD-100207","2019-11-07","2025-08-20","Resignation - Relocation","Voluntary","Corporate & Executive Office","G6","Deepak Mahmoud","Female","47","5.8"
"BLD-100211","2019-11-30","2024-03-11","Resignation - Better Opportunity","Voluntary","Finance","G3","Rina Malik","Male","42","4.3"
"BLD-100218","2015-03-06","2024-10-03","Resignation - Better Opportunity","Voluntary","Finance","G10","Krishna Kapoor","Male","29","9.6"
"BLD-100223","2020-07-24","2024-12-24","Resignation - Better Opportunity","Voluntary","Procurement","G3","Ali Al-Kuwari","Male","41","4.4"
"BLD-100224","2014-10-03","2025-11-20","Termination - Redundancy","Involuntary","People & Culture","G3","Rina Rai","Male","56","11.1"
"BLD-100226","2022-07-21","2023-05-22","Resignation - Relocation","Voluntary","Finance","G3","Manoj Abdullah","Male","30","0.8"
"BLD-100227","2017-08-21","2023-06-23","Contract Non-Renewal - Company Decision","Involuntary","Sales & Distribution","G8","Khalid Sharma","Male","36","5.8"
"BLD-100230","2020-12-06","2023-03-21","Termination - Disciplinary","Involuntary","Quality Assurance & Food Safety","G6","Omar Sharma","Male","41","2.3"
"BLD-100231","2022-02-04","2023-11-21","Termination - Redundancy","Involuntary","Engineering & Maintenance","G2","Ravi Mansour","Male","28","1.8"
"BLD-100234","2019-09-25","2024-06-06","Resignation - Relocation","Voluntary","Finance","G3","Suresh Baig","Male","41","4.7"
"BLD-100237","2012-08-12","2023-09-29","Resignation - Relocation","Voluntary","People & Culture","G1","Hind Mahmoud","Female","56","11.1"
"BLD-100241","2022-07-23","2024-09-20","Resignation - Personal Reasons","Voluntary","Farm Operations","G7","Anil Fernandes","Male","44","2.2"
"BLD-100244","2016-03-08","2024-10-21","Resignation - Better Opportunity","Voluntary","Engineering & Maintenance","G3","Prakash Gurung","Male","37","8.6"
"BLD-100245","2010-08-29","2023-02-26","End of Contract - Not Renewed by Employee","Voluntary","Engineering & Maintenance","G3","Jose Youssef","Male","40","12.5"
"BLD-100248","2022-05-17","2024-06-06","Resignation - Better Opportunity","Voluntary","Finance","G5","Santosh Mendoza","Male","34","2.1"
"BLD-100249","2012-03-12","2023-05-12","Resignation - Better Opportunity","Voluntary","Production","G1","Rakesh Youssef","Male","48","11.2"
"BLD-100251","2021-05-28","2024-12-28","Resignation - Relocation","Voluntary","Supply Chain & Logistics","G3","Prakash Reyes","Male","26","3.6"
"BLD-100254","2021-12-01","2023-07-26","End of Contract - Not Renewed by Employee","Voluntary","Marketing","G2","Ahmed Mahmoud","Male","41","1.6"
"BLD-100255","2020-04-16","2024-01-23","Resignation - Personal Reasons","Voluntary","Sales & Distribution","G7","Sunita Al-Marri","Male","39","3.8"
"BLD-100263","2022-05-11","2024-08-31","Resignation - Relocation","Voluntary","Procurement","G4","Huda Sharma","Male","37","2.3"
"BLD-100266","2011-04-06","2023-02-08","Resignation - Relocation","Voluntary","Engineering & Maintenance","G1","Krishna Fernandes","Male","33","11.8"
"BLD-100267","2020-03-05","2023-09-30","Resignation - Personal Reasons","Voluntary","Engineering & Maintenance","G2","Pooja Cruz","Male","46","3.6"
"BLD-100273","2010-01-17","2023-06-12","Termination - Disciplinary","Involuntary","IT & Digital","G11","Deepak Gurung","Male","54","13.4"
"BLD-100274","2022-07-01","2023-01-22","Termination - Redundancy","Involuntary","R&D","G1","Bishnu Khan","Female","51","0.6"
"BLD-100277","2013-04-07","2024-09-22","End of Contract - Not Renewed by Employee","Voluntary","Sales & Distribution","G2","Juan Baig","Male","35","11.5"
"BLD-100279","2020-06-16","2024-06-29","Resignation - Personal Reasons","Voluntary","Supply Chain & Logistics","G1","Kumar Thapa","Male","32","4"
"BLD-100280","2019-11-14","2024-03-06","Resignation - Better Opportunity","Voluntary","Production","G1","Hari Al-Marri","Male","34","4.3"
"BLD-100282","2011-03-25","2024-08-29","Termination - Disciplinary","Involuntary","Sales & Distribution","G9","Hassan Baig","Male","54","13.4"
"BLD-100283","2017-06-21","2023-12-09","Resignation - Personal Reasons","Voluntary","Quality Assurance & Food Safety","G7","Tariq El-Sayed","Male","60","6.5"
"BLD-100286","2017-11-07","2023-06-07","End of Contract - Not Renewed by Employee","Voluntary","IT & Digital","G1","Omar Thapa","Female","34","5.6"
"BLD-100287","2011-12-01","2023-01-08","Termination - Disciplinary","Involuntary","Farm Operations","G5","Vikram Rai","Male","57","11.1"
"BLD-100288","2021-06-25","2024-04-02","Resignation - Personal Reasons","Voluntary","Supply Chain & Logistics","G3","Prakash Reyes","Male","46","2.8"
"BLD-100289","2013-03-31","2023-08-20","Resignation - Relocation","Voluntary","Supply Chain & Logistics","G2","Faisal Al-Marri","Female","38","10.4"
"BLD-100292","2014-07-22","2025-11-12","Resignation - Relocation","Voluntary","Corporate & Executive Office","G2","Santosh Islam","Female","33","11.3"
"BLD-100294","2010-07-09","2023-01-15","End of Contract - Not Renewed by Employee","Voluntary","Farm Operations","G2","Faisal Mansour","Male","32","12.5"
"BLD-100296","2014-07-31","2023-08-29","Termination - Disciplinary","Involuntary","Procurement","G3","Ali Ibrahim","Male","58","9.1"
"BLD-100299","2014-12-16","2023-10-08","Termination - Redundancy","Involuntary","Finance","G5","Prakash Ibrahim","Female","34","8.8"
"BLD-100300","2021-12-30","2023-09-06","Resignation - Personal Reasons","Voluntary","Finance","G2","Mohamed Al-Sayed","Male","34","1.7"
"BLD-100302","2011-01-31","2024-07-27","End of Contract - Not Renewed by Employee","Voluntary","Corporate & Executive Office","G4","Rajesh Al-Marri","Male","50","13.5"
"BLD-100306","2016-09-22","2025-08-05","End of Contract - Not Renewed by Employee","Voluntary","People & Culture","G4","Noor Baig","Male","55","8.9"
"BLD-100307","2020-10-07","2025-11-12","Termination - Performance","Involuntary","Finance","G3","Amina Cruz","Male","29","5.1"
"BLD-100309","2013-11-20","2025-02-09","Resignation - Relocation","Voluntary","IT & Digital","G3","Amina Fernandes","Male","43","11.2"
"BLD-100310","2018-08-23","2023-11-21","Termination - Performance","Involuntary","Quality Assurance & Food Safety","G4","Amina Farouk","Male","59","5.2"
"BLD-100312","2014-05-15","2025-04-15","End of Contract - Not Renewed by Employee","Voluntary","Quality Assurance & Food Safety","G2","Deepak Cruz","Male","41","10.9"
"BLD-100314","2014-10-11","2025-06-27","Resignation - Relocation","Voluntary","Quality Assurance & Food Safety","G7","Tariq El-Sayed","Male","55","10.7"
"BLD-100315","2021-11-08","2023-03-31","Resignation - Personal Reasons","Voluntary","People & Culture","G2","Arjun Kapoor","Male","49","1.4"
"BLD-100318","2016-07-05","2023-06-08","Termination - Performance","Involuntary","Finance","G6","Khalid Chowdhury","Female","37","6.9"
"BLD-100321","2011-01-03","2024-02-08","Resignation - Personal Reasons","Voluntary","Corporate & Executive Office","G2","Santosh Islam","Male","44","13.1"
"BLD-100323","2013-12-20","2025-06-04","Resignation - Relocation","Voluntary","Finance","G1","Deepak Cruz","Male","52","11.5"
"BLD-100324","2021-09-11","2024-06-06","Termination - Disciplinary","Involuntary","Production","G5","Anil Mendoza","Male","42","2.7"
"BLD-100327","2010-10-13","2023-09-29","Resignation - Better Opportunity","Voluntary","R&D","G8","Sameer Sharma","Male","36","13"
"BLD-100329","2021-03-13","2024-12-25","Termination - Performance","Involuntary","Production","G8","Mohamed Al-Kuwari","Male","42","3.8"
"BLD-100330","2013-04-11","2024-01-14","Resignation - Personal Reasons","Voluntary","Farm Operations","G4","Prakash Kapoor","Male","38","10.8"
"BLD-100334","2015-03-01","2024-12-16","Termination - Disciplinary","Involuntary","People & Culture","G7","Sameer Iqbal","Female","48","9.8"
"BLD-100336","2020-09-01","2023-05-07","Termination - Performance","Involuntary","Farm Operations","G2","Hari Cruz","Male","57","2.7"
"BLD-100337","2018-07-29","2025-05-28","Resignation - Personal Reasons","Voluntary","Procurement","G1","Bikram Al-Kuwari","Male","48","6.8"
"BLD-100342","2021-07-14","2025-03-01","Resignation - Personal Reasons","Voluntary","Farm Operations","G5","Prakash Kapoor","Male","40","3.6"
"BLD-100345","2018-04-09","2023-08-22","Resignation - Relocation","Voluntary","People & Culture","G2","Sara Hassan","Female","57","5.4"
"BLD-100346","2013-03-06","2023-01-23","Resignation - Better Opportunity","Voluntary","IT & Digital","G5","Lubna Mansour","Male","42","9.9"
"BLD-100348","2016-11-20","2023-02-11","End of Contract - Not Renewed by Employee","Voluntary","R&D","G2","Waleed Cruz","Male","48","6.2"
"BLD-100350","2011-11-22","2025-05-07","Termination - Disciplinary","Involuntary","R&D","G3","Faisal Fernandes","Female","61","13.5"
"BLD-100352","2018-05-12","2023-08-30","Resignation - Relocation","Voluntary","People & Culture","G2","Arjun Islam","Male","51","5.3"
"BLD-100354","2010-10-05","2023-06-01","Termination - Redundancy","Involuntary","Finance","G6","Ravi Malik","Male","55","12.7"
"BLD-100356","2014-09-11","2024-01-22","Resignation - Personal Reasons","Voluntary","Sales & Distribution","G6","Hari Chowdhury","Male","50","9.4"
"BLD-100360","2013-03-26","2024-02-08","Termination - Disciplinary","Involuntary","Finance","G8","Ravi Malik","Male","38","10.9"
"BLD-100364","2022-09-20","2024-02-01","Resignation - Better Opportunity","Voluntary","Sales & Distribution","G3","Arjun Fernandes","Male","32","1.4"
"BLD-100365","2013-04-07","2024-09-09","Resignation - Relocation","Voluntary","People & Culture","G3","Juan Santos","Female","56","11.4"
"BLD-100366","2011-08-26","2024-10-25","End of Contract - Not Renewed by Employee","Voluntary","Production","G2","Santosh Gurung","Male","60","13.2"
"BLD-100367","2014-10-14","2024-05-03","End of Contract - Not Renewed by Employee","Voluntary","Finance","G6","Sameer Abdullah","Male","55","9.6"
"BLD-100368","2014-07-19","2024-09-11","Resignation - Relocation","Voluntary","People & Culture","G2","Hind Mahmoud","Male","40","10.1"
"BLD-100371","2019-07-16","2024-06-22","Resignation - Better Opportunity","Voluntary","Finance","G3","Rajesh Malik","Female","53","4.9"
"BLD-100372","2015-10-20","2024-06-29","Contract Non-Renewal - Company Decision","Involuntary","Finance","G2","Suresh Mahmoud","Male","52","8.7"
"BLD-100374","2015-05-13","2024-10-19","End of Contract - Not Renewed by Employee","Voluntary","Engineering & Maintenance","G2","Anil Mahmoud","Male","48","9.4"
"BLD-100376","2019-11-06","2024-05-14","Resignation - Better Opportunity","Voluntary","IT & Digital","G2","Lubna Mansour","Male","42","4.5"
"BLD-100378","2013-05-10","2025-07-02","Resignation - Relocation","Voluntary","Supply Chain & Logistics","G3","Ahmed Abdullah","Male","31","12.1"
"BLD-100379","2016-08-06","2023-08-06","Resignation - Relocation","Voluntary","Marketing","G3","Ahmed Kapoor","Female","46","7"
"BLD-100381","2010-04-12","2023-04-11","Termination - Performance","Involuntary","People & Culture","G1","Yasmin Cruz","Female","36","13"
"BLD-100384","2012-08-20","2024-07-10","Resignation - Better Opportunity","Voluntary","Quality Assurance & Food Safety","G1","Sanjay Devi","Male","34","11.9"
"BLD-100385","2021-09-11","2024-01-21","Resignation - Relocation","Voluntary","People & Culture","G8","Waleed Mendoza","Male","25","2.4"
"BLD-100387","2013-01-13","2023-12-13","Resignation - Relocation","Voluntary","People & Culture","G3","Hind Youssef","Male","54","10.9"
"BLD-100389","2012-11-25","2023-04-21","End of Contract - Not Renewed by Employee","Voluntary","IT & Digital","G3","Arjun Mendoza","Female","39","10.4"
"BLD-100393","2022-05-10","2024-04-10","Resignation - Relocation","Voluntary","Supply Chain & Logistics","G2","Anil Fernandes","Male","26","1.9"
"BLD-100396","2010-03-07","2023-06-15","End of Contract - Not Renewed by Employee","Voluntary","People & Culture","G1","Bishnu Kapoor","Female","47","13.3"
"BLD-100397","2019-12-08","2023-12-30","End of Contract - Not Renewed by Employee","Voluntary","Procurement","G7","Sunita Baig","Male","50","4.1"
"BLD-100402","2013-04-30","2025-12-11","Contract Non-Renewal - Company Decision","Involuntary","People & Culture","G2","Manoj Fernandes","Male","44","12.6"
"BLD-100405","2020-10-10","2023-06-03","Resignation - Better Opportunity","Voluntary","Finance","G5","Mohamed Islam","Male","29","2.6"
"BLD-100406","2016-07-15","2023-07-12","Resignation - Better Opportunity","Voluntary","Corporate & Executive Office","G10","Pooja Chowdhury","Male","31","7"
"BLD-100410","2022-08-30","2024-09-25","Termination - Redundancy","Involuntary","Production","G8","Sameer Reyes","Male","55","2.1"
"BLD-100411","2014-04-14","2025-11-25","End of Contract - Not Renewed by Employee","Voluntary","Supply Chain & Logistics","G4","Nadia El-Sayed","Male","44","11.6"
"BLD-100412","2011-06-06","2024-08-26","Resignation - Better Opportunity","Voluntary","Supply Chain & Logistics","G1","Prakash Gurung","Male","54","13.2"
"BLD-100414","2020-05-23","2023-04-13","Resignation - Better Opportunity","Voluntary","Sales & Distribution","G1","Kavita Gurung","Female","23","2.9"
"BLD-100416","2011-04-21","2025-10-27","Contract Non-Renewal - Company Decision","Involuntary","People & Culture","G8","Ravi Santos","Male","33","14.5"
"BLD-100417","2016-03-17","2023-12-31","Resignation - Personal Reasons","Voluntary","IT & Digital","G3","Rowena Ibrahim","Female","35","7.8"
"BLD-100424","2016-06-06","2023-03-02","Contract Non-Renewal - Company Decision","Involuntary","IT & Digital","G1","Mariam Rai","Female","57","6.7"
"BLD-100425","2014-09-21","2024-04-01","Resignation - Personal Reasons","Voluntary","Supply Chain & Logistics","G4","Rina Hassan","Male","43","9.5"
"BLD-100426","2014-04-11","2024-10-17","Resignation - Personal Reasons","Voluntary","Procurement","G12","Manoj Iqbal","Male","62","10.5"
"BLD-100427","2014-12-21","2025-04-08","Termination - Disciplinary","Involuntary","Procurement","G8","Santosh Mansour","Male","61","10.3"
"BLD-100431","2020-08-13","2024-10-08","Resignation - Relocation","Voluntary","Production","G6","Juan Hassan","Male","30","4.2"
"BLD-100433","2013-07-18","2023-01-10","Resignation - Personal Reasons","Voluntary","Engineering & Maintenance","G2","Ravi Mansour","Male","62","9.5"
"BLD-100440","2013-09-14","2024-11-28","Resignation - Better Opportunity","Voluntary","Corporate & Executive Office","G2","Deepak Abdullah","Male","35","11.2"
"BLD-100443","2011-09-30","2025-05-25","Resignation - Relocation","Voluntary","Sales & Distribution","G10","Anil Khan","Male","48","13.7"
"BLD-100444","2016-04-10","2025-02-06","Resignation - Personal Reasons","Voluntary","Supply Chain & Logistics","G12","Priya Farouk","Female","60","8.8"
"BLD-100446","2016-07-28","2023-02-21","Resignation - Better Opportunity","Voluntary","Sales & Distribution","G1","Arjun Fernandes","Male","37","6.6"
"BLD-100447","2017-12-15","2025-04-14","Contract Non-Renewal - Company Decision","Involuntary","Quality Assurance & Food Safety","G7","Aisha Malik","Female","34","7.3"
"BLD-100449","2018-06-25","2023-12-06","End of Contract - Not Renewed by Employee","Voluntary","Procurement","G1","Huda Al-Sayed","Male","34","5.4"
"BLD-100454","2020-12-23","2024-05-10","Resignation - Personal Reasons","Voluntary","Farm Operations","G2","Noor Islam","Male","36","3.4"
"BLD-100459","2014-12-21","2023-12-20","Resignation - Personal Reasons","Voluntary","Finance","G1","Reem Islam","Female","59","9"
"BLD-100460","2014-01-29","2023-08-28","End of Contract - Not Renewed by Employee","Voluntary","Finance","G7","Noor Sharma","Male","31","9.6"
"BLD-100461","2010-11-15","2024-08-14","End of Contract - Not Renewed by Employee","Voluntary","Finance","G3","Grace Reyes","Male","43","13.7"
"BLD-100462","2013-03-07","2025-05-25","Termination - Performance","Involuntary","Supply Chain & Logistics","G1","Anil Islam","Male","59","12.2"
"BLD-100467","2018-03-20","2023-03-25","Termination - Disciplinary","Involuntary","People & Culture","G5","Hari Reyes","Female","28","5"
"BLD-100468","2016-12-13","2024-07-17","Resignation - Personal Reasons","Voluntary","Sales & Distribution","G2","Nadia Baig","Male","54","7.6"
"BLD-100469","2021-07-18","2024-09-09","End of Contract - Not Renewed by Employee","Voluntary","People & Culture","G4","Mona Thapa","Female","26","3.1"
"BLD-100470","2010-01-07","2025-05-11","Resignation - Relocation","Voluntary","Quality Assurance & Food Safety","G1","Nadia Santos","Male","69","15.3"
"BLD-100471","2014-07-28","2023-05-10","Resignation - Relocation","Voluntary","Finance","G4","Bishnu Pereira","Male","49","8.8"
"BLD-100473","2019-04-04","2023-03-10","Contract Non-Renewal - Company Decision","Involuntary","Supply Chain & Logistics","G8","Sanjay Abdullah","Male","34","3.9"
"BLD-100475","2014-11-01","2023-07-17","Resignation - Personal Reasons","Voluntary","Production","G7","Sanjay Cruz","Male","46","8.7"
"BLD-100476","2019-01-12","2025-05-23","Resignation - Personal Reasons","Voluntary","Quality Assurance & Food Safety","G2","Suresh Reyes","Male","52","6.4"
"BLD-100479","2021-10-16","2025-08-08","End of Contract - Not Renewed by Employee","Voluntary","Farm Operations","G1","Krishna Thapa","Male","36","3.8"
"BLD-100482","2018-08-20","2025-11-02","End of Contract - Not Renewed by Employee","Voluntary","IT & Digital","G11","Deepak Gurung","Male","60","7.2"
"BLD-100486","2013-11-26","2024-03-23","End of Contract - Not Renewed by Employee","Voluntary","Procurement","G1","Juan Malik","Male","47","10.3"
"BLD-100487","2016-01-10","2025-01-10","Termination - Disciplinary","Involuntary","Corporate & Executive Office","G4","Sara Khan","Male","41","9"
"BLD-100491","2022-09-16","2024-07-11","Resignation - Relocation","Voluntary","Production","G1","Tariq Mansour","Male","24","1.8"
"BLD-100493","2011-08-05","2023-10-16","Resignation - Better Opportunity","Voluntary","Production","G4","Arjun Kapoor","Male","39","12.2"
"BLD-100495","2012-07-03","2025-06-16","Resignation - Relocation","Voluntary","Quality Assurance & Food Safety","G6","Vikram Hassan","Male","44","13"
"BLD-100497","2022-04-05","2023-06-18","Resignation - Relocation","Voluntary","R&D","G2","Dina Al-Marri","Male","40","1.2"
"BLD-100502","2021-08-26","2025-06-01","Contract Non-Renewal - Company Decision","Involuntary","People & Culture","G6","Khalid Santos","Female","48","3.8"
"BLD-100503","2018-03-03","2023-05-25","Resignation - Better Opportunity","Voluntary","Sales & Distribution","G7","Hari Al-Marri","Male","48","5.2"
"BLD-100511","2020-01-28","2025-01-05","End of Contract - Not Renewed by Employee","Voluntary","Supply Chain & Logistics","G11","Suresh Reyes","Male","30","4.9"
"BLD-100515","2015-01-18","2024-10-04","Resignation - Better Opportunity","Voluntary","R&D","G5","Ramesh Devi","Male","47","9.7"
"BLD-100516","2015-07-03","2024-05-23","Termination - Disciplinary","Involuntary","Finance","G7","Jose Islam","Female","60","8.9"
"BLD-100521","2018-01-02","2023-10-21","Termination - Disciplinary","Involuntary","Farm Operations","G1","Ravi Ahmed","Male","30","5.8"
"BLD-100522","2013-03-01","2023-12-09","End of Contract - Not Renewed by Employee","Voluntary","Sales & Distribution","G3","Tariq Iqbal","Male","56","10.8"
"BLD-100523","2016-07-17","2025-08-20","Resignation - Better Opportunity","Voluntary","Supply Chain & Logistics","G4","Bishnu Iqbal","Male","54","9.1"
"BLD-100524","2021-11-22","2025-09-03","End of Contract - Not Renewed by Employee","Voluntary","Supply Chain & Logistics","G1","Rina Hassan","Male","51","3.8"
"BLD-100527","2012-03-15","2023-01-05","Termination - Performance","Involuntary","Production","G7","Ali Ibrahim","Male","42","10.8"
"BLD-100528","2013-06-16","2025-03-04","Resignation - Relocation","Voluntary","Procurement","G1","Huda Sharma","Male","32","11.7"
"BLD-100529","2021-04-07","2024-11-03","Resignation - Personal Reasons","Voluntary","Sales & Distribution","G6","Sanjay Santos","Male","48","3.6"
"BLD-100531","2020-08-06","2024-04-17","Contract Non-Renewal - Company Decision","Involuntary","Marketing","G7","Rakesh Islam","Male","53","3.7"
"BLD-100532","2020-06-19","2023-10-16","Resignation - Personal Reasons","Voluntary","Supply Chain & Logistics","G12","Suresh Reyes","Male","33","3.3"
"BLD-100533","2014-07-14","2023-02-16","Resignation - Personal Reasons","Voluntary","Supply Chain & Logistics","G2","Anil Islam","Female","54","8.6"
"BLD-100539","2012-04-17","2023-02-22","Resignation - Personal Reasons","Voluntary","Corporate & Executive Office","G2","Khalid Reyes","Male","63","10.9"
"BLD-100540","2019-02-03","2024-08-10","End of Contract - Not Renewed by Employee","Voluntary","Sales & Distribution","G5","Manoj Reyes","Male","50","5.5"
"BLD-100542","2017-02-18","2023-07-15","Resignation - Relocation","Voluntary","Corporate & Executive Office","G1","Manoj Pereira","Male","29","6.4"
"BLD-100543","2014-08-19","2023-03-15","Termination - Redundancy","Involuntary","Finance","G8","Jose Islam","Male","51","8.6"
"BLD-100544","2014-07-18","2024-01-26","Resignation - Better Opportunity","Voluntary","Sales & Distribution","G1","Anil Al-Kuwari","Male","53","9.5"
"BLD-100547","2010-04-09","2023-06-29","Resignation - Relocation","Voluntary","Quality Assurance & Food Safety","G5","Ali Santos","Male","47","13.2"
"BLD-100548","2019-01-05","2023-10-11","Resignation - Relocation","Voluntary","Supply Chain & Logistics","G2","Ahmed Abdullah","Female","40","4.8"
"BLD-100550","2019-10-22","2023-01-15","Termination - Performance","Involuntary","Production","G4","Omar Al-Kuwari","Male","43","3.2"
"BLD-100551","2022-09-15","2025-12-14","Resignation - Personal Reasons","Voluntary","Supply Chain & Logistics","G9","Sanjay Rai","Male","40","3.2"
"BLD-100553","2011-11-03","2025-10-25","Resignation - Personal Reasons","Voluntary","People & Culture","G9","Juan Malik","Female","37","14"
"BLD-100558","2016-02-07","2024-01-30","Resignation - Personal Reasons","Voluntary","Corporate & Executive Office","G1","Rakesh Sharma","Male","56","8"
"BLD-100560","2018-09-02","2024-05-28","Resignation - Personal Reasons","Voluntary","Quality Assurance & Food Safety","G1","Hari Al-Kuwari","Male","39","5.7"
"BLD-100561","2018-11-17","2025-04-18","End of Contract - Not Renewed by Employee","Voluntary","Production","G11","Sameer Abdullah","Male","49","6.4"
"BLD-100563","2017-02-10","2025-01-27","Resignation - Personal Reasons","Voluntary","R&D","G4","Rowena Kapoor","Male","36","8"
"BLD-100564","2019-07-20","2025-10-23","Resignation - Personal Reasons","Voluntary","People & Culture","G2","Omar Abdullah","Female","43","6.3"
"BLD-100566","2014-08-17","2025-04-27","End of Contract - Not Renewed by Employee","Voluntary","People & Culture","G3","Hind Mahmoud","Female","62","10.7"
"BLD-100567","2022-05-09","2023-02-12","Termination - Redundancy","Involuntary","People & Culture","G6","Sunita Youssef","Female","48","0.8"
"BLD-100568","2012-03-10","2023-11-15","End of Contract - Not Renewed by Employee","Voluntary","Production","G4","Waleed Gurung","Male","58","11.7"
"BLD-100571","2018-02-28","2023-05-22","Termination - Disciplinary","Involuntary","R&D","G3","Bishnu Mansour","Female","26","5.2"
"BLD-100573","2018-05-02","2024-11-23","Resignation - Better Opportunity","Voluntary","Farm Operations","G1","Prakash Kapoor","Male","54","6.6"
"BLD-100577","2017-05-28","2023-12-26","Resignation - Relocation","Voluntary","Farm Operations","G3","Ahmed Malik","Male","31","6.6"
"BLD-100582","2022-08-18","2025-10-14","Contract Non-Renewal - Company Decision","Involuntary","Corporate & Executive Office","G8","Tariq Pereira","Male","55","3.2"
"BLD-100585","2017-10-05","2023-09-22","Contract Non-Renewal - Company Decision","Involuntary","Sales & Distribution","G1","Reem Youssef","Female","51","6"
"BLD-100588","2012-10-12","2025-07-28","Resignation - Better Opportunity","Voluntary","Finance","G2","Juan El-Sayed","Female","36","12.8"
"BLD-100601","2013-07-17","2025-10-26","Resignation - Relocation","Voluntary","Quality Assurance & Food Safety","G2","Krishna Islam","Female","64","12.3"
"BLD-100602","2021-06-07","2024-12-01","Contract Non-Renewal - Company Decision","Involuntary","Marketing","G6","Mona Sharma","Female","33","3.5"
"BLD-100603","2017-02-13","2023-01-26","Resignation - Better Opportunity","Voluntary","Farm Operations","G5","Suresh Abdullah","Male","30","5.9"
"BLD-100604","2020-08-01","2023-03-31","Resignation - Personal Reasons","Voluntary","Marketing","G6","Huda Ahmed","Male","56","2.7"
"BLD-100606","2010-01-12","2023-05-07","End of Contract - Not Renewed by Employee","Voluntary","Production","G5","Tariq Mansour","Male","41","13.3"
"BLD-100607","2020-06-05","2023-09-10","Resignation - Better Opportunity","Voluntary","Finance","G11","Sameer Abdullah","Male","46","3.3"
"BLD-100609","2022-06-12","2024-01-21","Termination - Redundancy","Involuntary","People & Culture","G1","Noor Mahmoud","Female","52","1.6"
"BLD-100610","2018-12-02","2023-05-12","Resignation - Personal Reasons","Voluntary","Quality Assurance & Food Safety","G1","Deepak Cruz","Male","42","4.4"
"BLD-100611","2010-01-24","2025-12-08","End of Contract - Not Renewed by Employee","Voluntary","People & Culture","G5","Prakash Islam","Female","49","15.9"
"BLD-100612","2011-03-20","2024-01-22","Resignation - Personal Reasons","Voluntary","Production","G4","Kumar Iqbal","Male","46","12.8"
"BLD-100613","2021-04-15","2024-08-26","Resignation - Personal Reasons","Voluntary","Production","G11","Sameer Abdullah","Male","50","3.4"
"BLD-100616","2014-11-15","2023-07-11","End of Contract - Not Renewed by Employee","Voluntary","Production","G6","Mohamed Baig","Male","62","8.7"
"BLD-100617","2016-12-26","2023-03-30","Resignation - Relocation","Voluntary","Corporate & Executive Office","G3","Rajesh Ahmed","Male","53","6.3"
"BLD-100618","2017-07-31","2023-03-20","Resignation - Relocation","Voluntary","Quality Assurance & Food Safety","G6","Vikram Hassan","Male","45","5.6"
"BLD-100619","2015-01-02","2023-01-14","Resignation - Personal Reasons","Voluntary","Quality Assurance & Food Safety","G6","Vikram Hassan","Male","51","8"
"BLD-100620","2017-03-25","2025-11-19","Termination - Redundancy","Involuntary","Supply Chain & Logistics","G1","Santosh Devi","Male","48","8.7"
"BLD-100624","2018-03-25","2024-05-06","Termination - Performance","Involuntary","Finance","G2","Ravi Islam","Male","58","6.1"
"BLD-100628","2013-07-13","2023-10-26","Termination - Redundancy","Involuntary","IT & Digital","G6","Ali Baig","Female","36","10.3"
"BLD-100629","2016-07-22","2023-01-29","Resignation - Personal Reasons","Voluntary","People & Culture","G3","Cherry Ibrahim","Male","42","6.5"
"BLD-100630","2020-04-24","2023-11-03","Termination - Redundancy","Involuntary","Marketing","G6","Bishnu Kapoor","Male","41","3.5"
"BLD-100631","2015-01-05","2024-02-29","Resignation - Personal Reasons","Voluntary","Supply Chain & Logistics","G2","Mohamed Mansour","Male","40","9.1"
"BLD-100632","2020-01-12","2023-04-27","Contract Non-Renewal - Company Decision","Involuntary","IT & Digital","G3","Jose Chowdhury","Male","32","3.3"
"BLD-100636","2016-12-20","2025-11-28","Resignation - Relocation","Voluntary","Farm Operations","G2","Omar Chowdhury","Male","51","8.9"
"BLD-100639","2018-12-18","2023-05-18","Resignation - Better Opportunity","Voluntary","Sales & Distribution","G5","Reem Youssef","Female","39","4.4"
"BLD-100640","2021-04-05","2023-03-18","Resignation - Personal Reasons","Voluntary","Corporate & Executive Office","G4","Khalid Baig","Male","32","1.9"
"BLD-100643","2020-05-05","2023-09-10","Resignation - Relocation","Voluntary","IT & Digital","G7","Ravi Devi","Male","53","3.3"
"BLD-100645","2013-10-24","2024-04-07","Resignation - Better Opportunity","Voluntary","Farm Operations","G1","Sameer Kapoor","Male","44","10.5"
"BLD-100647","2012-04-17","2023-08-17","Contract Non-Renewal - Company Decision","Involuntary","Marketing","G2","Ahmed Kapoor","Male","42","11.3"
"BLD-100651","2015-04-29","2023-06-08","Resignation - Personal Reasons","Voluntary","People & Culture","G10","Mariam Khan","Female","49","8.1"
"BLD-100652","2019-07-28","2024-03-22","Resignation - Better Opportunity","Voluntary","People & Culture","G4","Reem Pereira","Female","50","4.7"
"BLD-100653","2017-10-24","2023-12-27","End of Contract - Not Renewed by Employee","Voluntary","People & Culture","G6","Ahmed Santos","Female","58","6.2"
"BLD-100656","2018-01-10","2023-04-23","End of Contract - Not Renewed by Employee","Voluntary","Engineering & Maintenance","G1","Manoj Farouk","Male","38","5.3"
"BLD-100658","2010-01-05","2023-06-22","Resignation - Better Opportunity","Voluntary","People & Culture","G5","Arjun Islam","Male","53","13.5"
"BLD-100660","2010-09-05","2025-01-31","Resignation - Relocation","Voluntary","Sales & Distribution","G5","Ramesh El-Sayed","Male","58","14.4"
"BLD-100662","2022-08-08","2025-12-22","Resignation - Personal Reasons","Voluntary","People & Culture","G4","Manoj Fernandes","Male","54","3.4"
"BLD-100663","2014-08-24","2023-11-29","Resignation - Better Opportunity","Voluntary","IT & Digital","G10","Ramesh Islam","Female","41","9.3"
"BLD-100667","2020-01-10","2023-09-05","Resignation - Relocation","Voluntary","Production","G1","Prakash Mansour","Male","51","3.7"
"BLD-100668","2013-07-20","2023-09-05","End of Contract - Not Renewed by Employee","Voluntary","Procurement","G4","Faisal Iqbal","Male","51","10.1"
"BLD-100671","2020-12-12","2025-04-27","End of Contract - Not Renewed by Employee","Voluntary","Farm Operations","G8","Mohamed El-Sayed","Male","41","4.4"
"BLD-100677","2014-07-12","2025-11-21","Termination - Performance","Involuntary","Quality Assurance & Food Safety","G6","Anil Gurung","Male","41","11.4"
"BLD-100680","2013-07-30","2024-04-17","Resignation - Better Opportunity","Voluntary","Finance","G2","Prakash Ibrahim","Female","31","10.7"
"BLD-100681","2015-04-18","2025-01-26","Resignation - Better Opportunity","Voluntary","Farm Operations","G4","Prakash Kapoor","Male","45","9.8"
"BLD-100682","2019-03-16","2023-11-13","Resignation - Relocation","Voluntary","Procurement","G2","Ramesh Al-Kuwari","Male","32","4.7"
"BLD-100684","2020-07-05","2024-10-05","Resignation - Better Opportunity","Voluntary","Quality Assurance & Food Safety","G5","Amina Farouk","Male","56","4.3"
"BLD-100686","2016-02-27","2023-04-20","Resignation - Better Opportunity","Voluntary","R&D","G5","Layla Chowdhury","Female","42","7.1"
"BLD-100688","2011-06-16","2024-06-18","End of Contract - Not Renewed by Employee","Voluntary","Quality Assurance & Food Safety","G2","Kumar Mansour","Male","57","13"
"BLD-100693","2013-12-21","2025-06-11","Resignation - Relocation","Voluntary","IT & Digital","G4","Rina Malik","Male","51","11.5"
"BLD-100694","2011-06-19","2023-11-24","Termination - Performance","Involuntary","Engineering & Maintenance","G1","Vikram Abdullah","Male","42","12.4"
"BLD-100696","2012-12-13","2025-06-07","Termination - Redundancy","Involuntary","People & Culture","G3","Rina Abdullah","Female","61","12.5"
"BLD-100698","2015-08-20","2025-06-02","Resignation - Personal Reasons","Voluntary","People & Culture","G1","Reem Pereira","Male","37","9.8"
"BLD-100699","2019-10-28","2025-11-05","Resignation - Relocation","Voluntary","Supply Chain & Logistics","G4","Santosh Devi","Male","39","6"
"BLD-100700","2020-04-06","2025-11-13","Termination - Redundancy","Involuntary","People & Culture","G14","Yousef Al-Attiyah","Male","42","5.6"
"BLD-100707","2017-07-22","2024-05-11","Resignation - Better Opportunity","Voluntary","Procurement","G1","Anil Thapa","Male","32","6.8"
"BLD-100711","2020-03-17","2023-11-09","Resignation - Relocation","Voluntary","Procurement","G2","Bikram Youssef","Male","42","3.6"
"BLD-100712","2017-09-08","2025-02-16","Contract Non-Renewal - Company Decision","Involuntary","Quality Assurance & Food Safety","G1","Suresh Reyes","Male","55","7.4"
"BLD-100716","2010-06-11","2025-03-08","Resignation - Personal Reasons","Voluntary","Sales & Distribution","G5","Rina Fernandes","Male","50","14.7"
"BLD-100720","2019-03-27","2023-06-01","Resignation - Better Opportunity","Voluntary","IT & Digital","G1","Dalia Al-Kuwari","Male","55","4.2"
"BLD-100721","2012-04-23","2023-05-11","Termination - Disciplinary","Involuntary","Production","G9","Juan Hassan","Male","62","11"
"BLD-100723","2022-02-10","2023-10-29","Resignation - Better Opportunity","Voluntary","Marketing","G5","Ahmed Mahmoud","Female","50","1.7"
"BLD-100724","2014-03-09","2024-05-11","Resignation - Personal Reasons","Voluntary","Farm Operations","G10","Kumar Islam","Male","59","10.2"
"BLD-100728","2010-04-25","2023-07-30","Resignation - Relocation","Voluntary","R&D","G8","Mona Abdullah","Male","50","13.3"
"BLD-100736","2018-01-29","2023-03-19","Contract Non-Renewal - Company Decision","Involuntary","Finance","G5","Suresh Baig","Male","31","5.1"
"BLD-100737","2017-06-09","2024-07-04","Resignation - Better Opportunity","Voluntary","R&D","G10","Manoj Fernandes","Female","41","7.1"
"BLD-100739","2019-05-28","2025-05-08","Resignation - Personal Reasons","Voluntary","Marketing","G9","Ramesh Sharma","Female","38","5.9"
"BLD-100740","2011-04-03","2024-12-25","Resignation - Relocation","Voluntary","Farm Operations","G3","Sanjay Ibrahim","Male","38","13.7"
"BLD-100746","2018-09-16","2024-12-31","Resignation - Better Opportunity","Voluntary","People & Culture","G12","Reem Kapoor","Female","56","6.3"
"BLD-100748","2011-05-15","2023-06-25","Resignation - Personal Reasons","Voluntary","Corporate & Executive Office","G6","Noor Abdullah","Female","46","12.1"
"BLD-100751","2010-08-28","2023-05-12","Resignation - Personal Reasons","Voluntary","R&D","G1","Sunita Thapa","Female","50","12.7"
"BLD-100755","2014-09-16","2023-03-13","End of Contract - Not Renewed by Employee","Voluntary","Procurement","G4","Deepak Devi","Female","30","8.5"
"BLD-100756","2017-09-04","2024-05-01","Resignation - Better Opportunity","Voluntary","Quality Assurance & Food Safety","G7","Anil Gurung","Male","56","6.7"
"BLD-100761","2015-05-23","2024-03-13","Termination - Redundancy","Involuntary","People & Culture","G7","Ravi Santos","Male","49","8.8"
"BLD-100762","2020-03-05","2023-04-29","End of Contract - Not Renewed by Employee","Voluntary","Finance","G8","Nadia Reyes","Male","35","3.1"
"BLD-100764","2013-10-21","2024-05-22","End of Contract - Not Renewed by Employee","Voluntary","Production","G2","Omar Al-Kuwari","Male","42","10.6"
"BLD-100767","2011-09-01","2025-03-15","Resignation - Relocation","Voluntary","IT & Digital","G3","Pooja Malik","Female","55","13.5"
"BLD-100768","2020-09-01","2023-01-09","Resignation - Better Opportunity","Voluntary","Procurement","G7","Dalia Gurung","Female","26","2.4"
"BLD-100770","2022-09-03","2023-02-19","Resignation - Relocation","Voluntary","People & Culture","G1","Mona Thapa","Male","37","0.5"
"BLD-100771","2015-11-30","2024-01-23","Termination - Disciplinary","Involuntary","Finance","G5","Mohamed Al-Sayed","Female","51","8.1"
"BLD-100775","2016-10-12","2023-05-09","Resignation - Relocation","Voluntary","Sales & Distribution","G1","Hari Al-Kuwari","Male","28","6.6"
"BLD-100778","2010-11-13","2025-11-04","End of Contract - Not Renewed by Employee","Voluntary","People & Culture","G4","Arjun Kapoor","Male","63","15"
"BLD-100780","2011-10-09","2024-03-26","Resignation - Personal Reasons","Voluntary","Corporate & Executive Office","G1","Aisha Malik","Male","54","12.5"
"BLD-100784","2013-11-01","2024-11-30","Resignation - Relocation","Voluntary","Corporate & Executive Office","G6","Sameer Islam","Male","34","11.1"
"BLD-100785","2018-12-29","2023-02-15","End of Contract - Not Renewed by Employee","Voluntary","Corporate & Executive Office","G7","Deepak Mahmoud","Male","55","4.1"
"BLD-100787","2012-02-05","2023-08-21","End of Contract - Not Renewed by Employee","Voluntary","Sales & Distribution","G3","Khalid Cruz","Male","58","11.5"
"BLD-100790","2010-04-20","2023-09-15","Resignation - Personal Reasons","Voluntary","Engineering & Maintenance","G10","Ahmed Ibrahim","Male","45","13.4"
"BLD-100791","2013-10-22","2023-01-28","Resignation - Relocation","Voluntary","Marketing","G2","Reem Ibrahim","Male","43","9.3"
"BLD-100792","2013-08-06","2024-07-17","Resignation - Personal Reasons","Voluntary","Quality Assurance & Food Safety","G3","Krishna Islam","Male","39","10.9"
"BLD-100796","2018-08-20","2023-09-27","Resignation - Relocation","Voluntary","Procurement","G4","Hari Hassan","Female","54","5.1"
"BLD-100798","2018-07-29","2024-09-23","Termination - Disciplinary","Involuntary","Supply Chain & Logistics","G2","Prakash Gurung","Male","50","6.2"
"BLD-100801","2019-04-07","2023-12-18","Resignation - Better Opportunity","Voluntary","Finance","G1","Prakash Ibrahim","Male","46","4.7"
"BLD-100803","2013-08-05","2024-10-22","Resignation - Personal Reasons","Voluntary","Sales & Distribution","G1","Anil Al-Kuwari","Male","43","11.2"
"BLD-100805","2011-10-17","2023-09-11","End of Contract - Not Renewed by Employee","Voluntary","Quality Assurance & Food Safety","G7","Sameer Al-Marri","Male","61","11.9"
"BLD-100807","2016-12-02","2024-04-11","Resignation - Personal Reasons","Voluntary","Production","G5","Lubna Devi","Male","37","7.4"
"BLD-100808","2017-10-07","2023-04-09","Resignation - Personal Reasons","Voluntary","IT & Digital","G7","Ravi Devi","Male","48","5.5"
"BLD-100812","2013-05-31","2024-12-21","End of Contract - Not Renewed by Employee","Voluntary","Quality Assurance & Food Safety","G1","Kumar Mansour","Female","55","11.6"
"BLD-100813","2015-07-11","2024-12-25","End of Contract - Not Renewed by Employee","Voluntary","R&D","G10","Suresh Reyes","Female","38","9.5"
"BLD-100818","2017-03-14","2024-04-07","End of Contract - Not Renewed by Employee","Voluntary","IT & Digital","G9","Anita Fernandes","Male","46","7.1"
"BLD-100819","2011-01-29","2024-05-10","Resignation - Better Opportunity","Voluntary","Production","G1","Deepak Mahmoud","Male","54","13.3"
"BLD-100822","2011-01-17","2024-06-14","Resignation - Relocation","Voluntary","Procurement","G4","Juan Malik","Male","54","13.4"
"BLD-100823","2017-10-21","2023-04-20","Resignation - Personal Reasons","Voluntary","Quality Assurance & Food Safety","G1","Reem Mahmoud","Male","27","5.5"
"BLD-100828","2020-12-20","2024-05-13","Resignation - Personal Reasons","Voluntary","Farm Operations","G1","Ali Mansour","Male","23","3.4"
"BLD-100829","2022-02-01","2024-11-09","Resignation - Relocation","Voluntary","Marketing","G5","Manoj Fernandes","Female","44","2.8"
"BLD-100830","2013-01-24","2023-03-18","Resignation - Relocation","Voluntary","Production","G1","Omar Al-Kuwari","Male","31","10.1"
"BLD-100832","2022-01-05","2025-06-20","Resignation - Better Opportunity","Voluntary","Farm Operations","G6","Santosh El-Sayed","Male","41","3.5"
"BLD-100836","2012-03-21","2023-09-03","Resignation - Personal Reasons","Voluntary","Finance","G8","Arjun Cruz","Male","56","11.5"
"BLD-100837","2021-04-18","2023-07-03","Resignation - Personal Reasons","Voluntary","Supply Chain & Logistics","G11","Priya Farouk","Male","55","2.2"
"BLD-100841","2011-05-14","2024-01-03","Resignation - Personal Reasons","Voluntary","Production","G2","Ali Thapa","Female","37","12.6"
"BLD-100844","2011-01-15","2023-01-31","Resignation - Personal Reasons","Voluntary","IT & Digital","G9","Anil Mendoza","Female","42","12"
"BLD-100845","2017-12-05","2023-12-30","Termination - Disciplinary","Involuntary","R&D","G1","Santosh Mahmoud","Female","43","6.1"
"BLD-100846","2020-07-19","2024-06-30","Resignation - Relocation","Voluntary","Engineering & Maintenance","G4","Juan Ibrahim","Male","56","3.9"
"BLD-100847","2020-12-29","2023-05-23","Termination - Performance","Involuntary","Production","G3","Ravi El-Sayed","Male","45","2.4"
"BLD-100849","2016-08-06","2023-02-22","End of Contract - Not Renewed by Employee","Voluntary","Sales & Distribution","G7","Suresh Khan","Male","56","6.5"
"BLD-100851","2015-04-26","2025-12-09","Resignation - Better Opportunity","Voluntary","Engineering & Maintenance","G7","Ramesh Kapoor","Male","32","10.6"
"BLD-100852","2022-01-30","2025-05-24","Resignation - Relocation","Voluntary","Sales & Distribution","G1","Rina Fernandes","Male","55","3.3"
"BLD-100856","2021-07-14","2023-04-29","Contract Non-Renewal - Company Decision","Involuntary","Production","G9","Hassan Pereira","Male","56","1.8"
"BLD-100857","2021-03-31","2023-04-08","Termination - Redundancy","Involuntary","Quality Assurance & Food Safety","G1","Bishnu Reyes","Male","48","2"
"BLD-100865","2021-12-08","2024-07-21","Resignation - Better Opportunity","Voluntary","Quality Assurance & Food Safety","G1","Suresh Reyes","Male","39","2.6"
"BLD-100866","2018-07-11","2024-02-15","End of Contract - Not Renewed by Employee","Voluntary","Quality Assurance & Food Safety","G3","Deepak Cruz","Female","46","5.6"
"BLD-100871","2011-08-04","2025-04-19","Resignation - Relocation","Voluntary","Engineering & Maintenance","G3","Sanjay Baig","Male","67","13.7"
"BLD-100872","2014-02-14","2024-04-25","Resignation - Personal Reasons","Voluntary","Engineering & Maintenance","G3","Ramesh Al-Sayed","Male","40","10.2"
"BLD-100876","2022-08-12","2024-06-10","Termination - Performance","Involuntary","Supply Chain & Logistics","G4","Priya Mendoza","Female","26","1.8"
"BLD-100879","2014-07-02","2025-04-19","Resignation - Relocation","Voluntary","Corporate & Executive Office","G4","Manoj Pereira","Male","42","10.8"
"BLD-100881","2017-06-20","2023-11-19","End of Contract - Not Renewed by Employee","Voluntary","Finance","G3","Rina Malik","Female","50","6.4"
"BLD-100888","2010-03-23","2025-12-14","Resignation - Personal Reasons","Voluntary","Procurement","G1","Khalid Baig","Male","48","15.7"
"BLD-100890","2016-01-04","2023-05-02","Resignation - Personal Reasons","Voluntary","Supply Chain & Logistics","G3","Yasmin Devi","Male","55","7.3"
"BLD-100894","2011-11-29","2025-11-30","End of Contract - Not Renewed by Employee","Voluntary","Procurement","G6","Jose Pereira","Female","38","14"
"BLD-100899","2013-05-22","2024-05-22","End of Contract - Not Renewed by Employee","Voluntary","Supply Chain & Logistics","G4","Bishnu Iqbal","Female","64","11"
"BLD-100900","2016-10-11","2024-03-27","Resignation - Better Opportunity","Voluntary","Finance","G1","Santosh Reyes","Male","47","7.5"
"BLD-100901","2019-10-04","2023-05-28","Resignation - Relocation","Voluntary","Finance","G4","Reem Farouk","Male","37","3.6"
"BLD-100903","2013-04-07","2025-03-04","Resignation - Personal Reasons","Voluntary","Corporate & Executive Office","G3","Rowena Pereira","Male","44","11.9"
"BLD-100907","2022-08-13","2023-05-07","Resignation - Personal Reasons","Voluntary","Quality Assurance & Food Safety","G6","Ahmed Farouk","Female","24","0.7"
"BLD-100909","2014-11-28","2023-08-29","Resignation - Relocation","Voluntary","Production","G1","Kavita Chowdhury","Male","30","8.8"
"BLD-100913","2013-09-26","2024-07-14","Resignation - Relocation","Voluntary","R&D","G3","Bishnu Cruz","Female","54","10.8"
"BLD-100918","2014-08-19","2024-12-12","Resignation - Better Opportunity","Voluntary","Production","G9","Hari Abdullah","Male","48","10.3"
"BLD-100919","2011-02-14","2024-04-15","Resignation - Better Opportunity","Voluntary","Supply Chain & Logistics","G9","Ali Gurung","Male","66","13.2"
"BLD-100921","2014-04-10","2023-12-28","Resignation - Personal Reasons","Voluntary","Production","G2","Rakesh Youssef","Male","37","9.7"
"BLD-100922","2018-09-18","2023-12-05","Resignation - Relocation","Voluntary","Marketing","G2","Dalia Mendoza","Female","29","5.2"
"BLD-100923","2019-03-24","2024-05-04","Resignation - Personal Reasons","Voluntary","Finance","G11","Krishna Kapoor","Male","55","5.1"
"BLD-100929","2021-09-03","2023-08-10","Resignation - Better Opportunity","Voluntary","Engineering & Maintenance","G9","Ravi Youssef","Male","38","1.9"
"BLD-100932","2012-11-13","2023-05-11","Resignation - Relocation","Voluntary","Finance","G5","Prakash Ibrahim","Female","59","10.5"
"BLD-100933","2011-07-18","2024-12-17","Resignation - Personal Reasons","Voluntary","Supply Chain & Logistics","G4","Aisha Mendoza","Male","46","13.4"
"BLD-100934","2013-09-29","2025-12-02","Resignation - Personal Reasons","Voluntary","Engineering & Maintenance","G1","Mohamed Rai","Male","44","12.2"
"BLD-100935","2011-06-06","2024-01-16","Resignation - Relocation","Voluntary","Sales & Distribution","G9","Suresh Khan","Female","46","12.6"
"BLD-100938","2015-03-19","2025-08-13","Resignation - Better Opportunity","Voluntary","Sales & Distribution","G1","Bishnu Al-Marri","Male","60","10.4"
"BLD-100939","2014-01-09","2023-09-16","Resignation - Better Opportunity","Voluntary","Sales & Distribution","G2","Ramesh El-Sayed","Male","45","9.7"
"BLD-100940","2016-03-06","2023-12-03","Resignation - Relocation","Voluntary","Finance","G6","Rajesh Reyes","Female","28","7.7"
"BLD-100941","2021-05-25","2024-01-27","Resignation - Better Opportunity","Voluntary","Finance","G4","Suresh El-Sayed","Female","56","2.7"
"BLD-100942","2014-12-29","2025-06-03","Resignation - Relocation","Voluntary","Procurement","G6","Noor Islam","Male","41","10.4"
"BLD-100943","2019-08-04","2025-08-28","End of Contract - Not Renewed by Employee","Voluntary","Supply Chain & Logistics","G2","Jose Reyes","Male","29","6.1"
"BLD-100945","2013-02-02","2023-07-17","End of Contract - Not Renewed by Employee","Voluntary","Production","G1","Ravi Iqbal","Male","41","10.5"
"BLD-100946","2010-04-19","2025-02-02","Resignation - Personal Reasons","Voluntary","Procurement","G7","Santosh Mansour","Female","62","14.8"
"BLD-100947","2014-07-29","2025-12-05","Termination - Redundancy","Involuntary","People & Culture","G9","Ahmed Santos","Male","62","11.4"
"BLD-100950","2013-09-13","2025-05-29","Resignation - Personal Reasons","Voluntary","Quality Assurance & Food Safety","G1","Ali Santos","Female","63","11.7"
"BLD-100952","2020-03-01","2025-08-17","Resignation - Relocation","Voluntary","Supply Chain & Logistics","G1","Mohamed Mansour","Male","57","5.5"
"BLD-100954","2014-05-01","2023-06-18","End of Contract - Not Renewed by Employee","Voluntary","Procurement","G1","Ali Al-Kuwari","Female","31","9.1"
"BLD-100955","2011-02-14","2025-10-26","Resignation - Better Opportunity","Voluntary","R&D","G4","Layla Chowdhury","Male","43","14.7"
"BLD-100956","2013-11-23","2025-05-31","Termination - Redundancy","Involuntary","Production","G1","Sameer Rai","Male","31","11.5"
"BLD-100957","2018-10-15","2023-11-22","Resignation - Better Opportunity","Voluntary","Supply Chain & Logistics","G6","Prakash Kapoor","Male","52","5.1"
"BLD-100958","2018-04-13","2024-05-19","Resignation - Better Opportunity","Voluntary","Marketing","G7","Rajesh Malik","Male","51","6.1"
"BLD-100963","2021-08-09","2024-06-29","Resignation - Relocation","Voluntary","Finance","G6","Ali Ahmed","Male","27","2.9"
"BLD-100964","2012-02-21","2024-02-10","End of Contract - Not Renewed by Employee","Voluntary","Quality Assurance & Food Safety","G2","Krishna Youssef","Male","46","12"
"BLD-100965","2011-07-08","2023-12-11","End of Contract - Not Renewed by Employee","Voluntary","Quality Assurance & Food Safety","G1","Bishnu Reyes","Female","65","12.4"
"BLD-100967","2017-09-03","2024-12-05","Resignation - Relocation","Voluntary","Supply Chain & Logistics","G3","Jose Reyes","Female","52","7.3"
"BLD-100968","2018-10-14","2023-09-07","Resignation - Relocation","Voluntary","Production","G6","Faisal Chowdhury","Male","39","4.9"
"BLD-100969","2011-04-17","2023-09-19","Termination - Disciplinary","Involuntary","Farm Operations","G5","Ravi Ahmed","Male","65","12.4"
"BLD-100974","2012-03-07","2023-07-05","Termination - Performance","Involuntary","Finance","G2","Santosh Fernandes","Female","38","11.3"
"BLD-100978","2017-04-29","2024-02-13","Contract Non-Renewal - Company Decision","Involuntary","Production","G1","Rakesh Youssef","Male","45","6.8"
"BLD-100979","2018-12-15","2025-07-12","Resignation - Personal Reasons","Voluntary","Farm Operations","G6","Ahmed Cruz","Male","60","6.6"
"BLD-100984","2016-04-22","2023-09-11","Resignation - Relocation","Voluntary","Marketing","G4","Hassan Pereira","Female","33","7.4"
"BLD-100985","2012-08-04","2023-10-24","Resignation - Relocation","Voluntary","People & Culture","G1","Manoj Pereira","Female","32","11.2"
"BLD-100986","2011-10-30","2023-01-12","End of Contract - Not Renewed by Employee","Voluntary","Sales & Distribution","G1","Omar Chowdhury","Male","36","11.2"
"BLD-100987","2011-05-28","2023-06-06","End of Contract - Not Renewed by Employee","Voluntary","Engineering & Maintenance","G4","Prakash Farouk","Male","52","12"
"BLD-100988","2019-11-16","2024-11-06","Resignation - Better Opportunity","Voluntary","IT & Digital","G4","Rania Iqbal","Male","39","5"
"BLD-100990","2018-12-04","2025-10-23","Termination - Performance","Involuntary","Engineering & Maintenance","G5","Manoj Farouk","Male","31","6.9"
"BLD-100991","2019-03-06","2023-05-07","Resignation - Relocation","Voluntary","People & Culture","G1","Hassan El-Sayed","Male","39","4.2"
"BLD-100996","2016-11-13","2024-01-02","Termination - Performance","Involuntary","Marketing","G4","Nadia Iqbal","Female","49","7.1"
"BLD-100997","2017-09-21","2025-11-26","Resignation - Personal Reasons","Voluntary","Engineering & Maintenance","G1","Ramesh Gurung","Male","62","8.2"
"BLD-100998","2021-10-25","2023-10-22","Resignation - Better Opportunity","Voluntary","IT & Digital","G4","Hari Al-Marri","Male","53","2"
"BLD-101002","2017-08-29","2024-01-19","End of Contract - Not Renewed by Employee","Voluntary","Corporate & Executive Office","G7","Sameer Islam","Female","40","6.4"
"BLD-101003","2014-06-02","2023-09-26","End of Contract - Not Renewed by Employee","Voluntary","Quality Assurance & Food Safety","G4","Rajesh Kapoor","Male","39","9.3"
"BLD-101004","2012-02-16","2025-06-29","Resignation - Better Opportunity","Voluntary","People & Culture","G2","Mona Thapa","Female","35","13.4"
"BLD-101005","2017-12-19","2023-06-08","Resignation - Relocation","Voluntary","R&D","G11","Deepak Gurung","Female","28","5.5"
"BLD-101007","2020-10-23","2023-09-07","Resignation - Relocation","Voluntary","Corporate & Executive Office","G2","Rina Rai","Male","22","2.9"
"BLD-101008","2021-02-10","2024-12-22","Resignation - Relocation","Voluntary","R&D","G8","Kumar Iqbal","Male","45","3.9"
"BLD-101011","2019-11-11","2024-09-17","Resignation - Better Opportunity","Voluntary","IT & Digital","G5","Waleed Chowdhury","Male","49","4.9"
"BLD-101015","2010-09-02","2024-08-30","Resignation - Better Opportunity","Voluntary","Quality Assurance & Food Safety","G4","Juan Al-Marri","Male","49","14"
"BLD-101019","2017-10-10","2025-10-04","End of Contract - Not Renewed by Employee","Voluntary","Sales & Distribution","G4","Kumar Thapa","Male","52","8"
"BLD-101020","2010-03-21","2025-06-16","Resignation - Personal Reasons","Voluntary","Production","G1","Arjun Kapoor","Male","55","15.2"
"BLD-101022","2021-03-12","2023-10-19","Termination - Performance","Involuntary","Quality Assurance & Food Safety","G1","Pooja Mansour","Male","40","2.6"
"BLD-101025","2017-03-14","2024-12-23","End of Contract - Not Renewed by Employee","Voluntary","Finance","G9","Vikram Abdullah","Male","33","7.8"
"BLD-101026","2015-08-16","2023-03-05","Resignation - Relocation","Voluntary","R&D","G1","Bishnu Khan","Male","28","7.6"
"BLD-101029","2022-03-16","2023-06-06","Resignation - Relocation","Voluntary","Marketing","G4","Hassan Pereira","Female","34","1.2"
"BLD-101034","2010-01-25","2023-08-24","Resignation - Personal Reasons","Voluntary","Sales & Distribution","G6","Suresh Hassan","Male","67","13.6"
"BLD-101035","2018-07-24","2024-03-29","Resignation - Personal Reasons","Voluntary","Production","G3","Faisal Ibrahim","Male","47","5.7"
"BLD-101036","2011-11-15","2023-04-21","End of Contract - Not Renewed by Employee","Voluntary","Finance","G5","Nadia Al-Marri","Female","33","11.4"
"BLD-101037","2010-08-29","2023-10-22","Resignation - Personal Reasons","Voluntary","People & Culture","G1","Noor Baig","Male","67","13.1"
"BLD-101044","2019-10-05","2024-07-28","Resignation - Relocation","Voluntary","Procurement","G1","Ali Al-Kuwari","Male","27","4.8"
"BLD-101046","2019-09-23","2023-01-25","End of Contract - Not Renewed by Employee","Voluntary","Procurement","G1","Sanjay Fernandes","Male","23","3.3"
"BLD-101047","2022-01-24","2024-02-09","Contract Non-Renewal - Company Decision","Involuntary","Finance","G3","Sara Sharma","Female","22","2"
"BLD-101050","2013-05-10","2023-09-13","Resignation - Better Opportunity","Voluntary","R&D","G7","Kumar Iqbal","Male","42","10.3"
"BLD-101054","2023-08-15","2025-02-27","End of Contract - Not Renewed by Employee","Voluntary","Supply Chain & Logistics","G2","Bishnu Iqbal","Female","48","1.5"
"BLD-101055","2024-01-26","2025-07-08","Resignation - Better Opportunity","Voluntary","R&D","G4","Arjun Santos","Male","42","1.4"
"BLD-101058","2023-07-09","2025-11-23","End of Contract - Not Renewed by Employee","Voluntary","Supply Chain & Logistics","G5","Prakash Reyes","Male","53","2.4"
"BLD-101061","2023-09-12","2025-11-16","End of Contract - Not Renewed by Employee","Voluntary","R&D","G3","Arjun Santos","Female","54","2.2"
"BLD-101064","2024-10-22","2025-02-09","Resignation - Relocation","Voluntary","Sales & Distribution","G9","Hassan Baig","Female","41","0.3"
"BLD-101071","2024-09-01","2025-06-06","Resignation - Relocation","Voluntary","Sales & Distribution","G1","Prakash Pereira","Male","47","0.8"
"BLD-101072","2024-07-10","2025-10-03","Contract Non-Renewal - Company Decision","Involuntary","IT & Digital","G2","Mona Khan","Male","26","1.2"
"BLD-101076","2024-03-16","2024-11-27","Resignation - Relocation","Voluntary","People & Culture","G1","Manoj Fernandes","Female","49","0.7"
"BLD-101078","2024-01-12","2025-12-20","Resignation - Relocation","Voluntary","R&D","G3","Waleed Cruz","Female","38","1.9"
"BLD-101080","2023-12-22","2024-04-07","Contract Non-Renewal - Company Decision","Involuntary","Supply Chain & Logistics","G1","Sanjay El-Sayed","Female","49","0.3"
"BLD-101086","2023-05-01","2023-05-18","Resignation - Better Opportunity","Voluntary","Supply Chain & Logistics","G9","Sanjay Devi","Female","45","0"
"BLD-101088","2024-08-14","2025-09-29","Resignation - Relocation","Voluntary","Supply Chain & Logistics","G1","Prakash Reyes","Male","22","1.1"
"BLD-101089","2023-01-11","2023-07-22","End of Contract - Not Renewed by Employee","Voluntary","Sales & Distribution","G2","Bishnu Al-Marri","Female","38","0.5"
"BLD-101092","2023-02-08","2025-08-17","Resignation - Better Opportunity","Voluntary","Supply Chain & Logistics","G9","Sanjay Rai","Male","32","2.5"
"BLD-101093","2023-01-13","2023-06-04","Resignation - Better Opportunity","Voluntary","People & Culture","G14","Yousef Al-Attiyah","Female","39","0.4"
"BLD-101095","2025-02-26","2025-07-27","Contract Non-Renewal - Company Decision","Involuntary","Production","G5","Rakesh Youssef","Female","31","0.4"
"BLD-101097","2023-10-12","2024-09-24","Resignation - Better Opportunity","Voluntary","IT & Digital","G1","Rowena Ibrahim","Male","52","1"
"BLD-101100","2024-10-10","2025-08-14","Resignation - Relocation","Voluntary","Sales & Distribution","G4","Rajesh Abdullah","Male","47","0.8"
"BLD-101102","2023-07-17","2024-08-03","End of Contract - Not Renewed by Employee","Voluntary","Supply Chain & Logistics","G1","Bishnu Iqbal","Male","36","1"
"BLD-101106","2024-10-21","2025-05-28","Resignation - Better Opportunity","Voluntary","Finance","G4","Mohamed Al-Sayed","Female","20","0.6"
"BLD-101107","2024-02-20","2024-08-01","Termination - Disciplinary","Involuntary","IT & Digital","G1","Ahmed Santos","Female","35","0.4"
"BLD-101113","2023-10-08","2025-08-27","Termination - Performance","Involuntary","Quality Assurance & Food Safety","G4","Sameer Hassan","Male","54","1.9"
"BLD-101114","2024-03-09","2025-06-28","Resignation - Relocation","Voluntary","Procurement","G5","Mohamed Chowdhury","Female","32","1.3"
"BLD-101118","2024-03-24","2025-04-08","Termination - Performance","Involuntary","Procurement","G3","Bikram Al-Kuwari","Male","30","1"
"BLD-101119","2023-04-24","2025-12-30","End of Contract - Not Renewed by Employee","Voluntary","Procurement","G1","Ahmed Rai","Male","48","2.7"
"BLD-101121","2023-06-25","2024-01-19","Termination - Redundancy","Involuntary","Quality Assurance & Food Safety","G1","Kumar Mansour","Male","42","0.6"
"BLD-101122","2025-04-05","2025-10-25","Resignation - Personal Reasons","Voluntary","R&D","G6","Ravi Al-Sayed","Male","45","0.6"
"BLD-101123","2023-07-23","2024-08-15","End of Contract - Not Renewed by Employee","Voluntary","Quality Assurance & Food Safety","G8","Aisha Malik","Male","51","1.1"
"BLD-101132","2024-01-22","2025-03-14","Resignation - Better Opportunity","Voluntary","Farm Operations","G5","Hari Cruz","Male","40","1.1"
"BLD-101134","2023-07-06","2024-01-30","Contract Non-Renewal - Company Decision","Involuntary","People & Culture","G1","Noor Baig","Female","21","0.6"
"BLD-101142","2023-07-01","2024-02-06","End of Contract - Not Renewed by Employee","Voluntary","Procurement","G5","Yasmin Iqbal","Male","53","0.6"
"BLD-101155","2025-06-10","2025-08-03","Termination - Disciplinary","Involuntary","Supply Chain & Logistics","G1","Prakash Reyes","Male","20","0.1"
"BLD-101157","2024-07-26","2025-10-19","Termination - Disciplinary","Involuntary","Farm Operations","G6","Anil Fernandes","Male","26","1.2"
"BLD-101162","2023-05-23","2025-02-16","Termination - Performance","Involuntary","IT & Digital","G3","Arjun Mendoza","Male","26","1.7"
"BLD-101164","2023-09-05","2024-04-25","End of Contract - Not Renewed by Employee","Voluntary","People & Culture","G9","Khalid Thapa","Female","34","0.6"
"BLD-101166","2024-04-05","2024-04-22","Resignation - Personal Reasons","Voluntary","Farm Operations","G3","Santosh Abdullah","Male","48","0"
"BLD-101167","2023-08-08","2024-04-28","Resignation - Relocation","Voluntary","Marketing","G11","Huda Abdullah","Female","41","0.7"
"BLD-101173","2023-01-26","2024-03-04","Resignation - Better Opportunity","Voluntary","Production","G5","Tariq Mansour","Male","36","1.1"
"BLD-101174","2025-10-21","2025-10-28","Resignation - Better Opportunity","Voluntary","Procurement","G5","Ahmed Rai","Male","20","0"
"BLD-101175","2023-09-09","2024-12-03","Resignation - Better Opportunity","Voluntary","Procurement","G4","Yasmin Iqbal","Female","33","1.2"
"BLD-101180","2023-07-23","2023-08-23","Resignation - Better Opportunity","Voluntary","Finance","G9","Dalia Al-Kuwari","Female","31","0.1"
"BLD-101182","2023-10-08","2025-02-09","Resignation - Better Opportunity","Voluntary","IT & Digital","G1","Manoj Mansour","Female","43","1.3"
"BLD-101187","2024-10-16","2024-11-28","Resignation - Relocation","Voluntary","Finance","G3","Bishnu Pereira","Female","52","0.1"
"BLD-101188","2023-09-17","2024-02-23","Contract Non-Renewal - Company Decision","Involuntary","Quality Assurance & Food Safety","G5","Hari Al-Kuwari","Male","49","0.4"
"BLD-101190","2024-06-03","2024-12-15","Resignation - Personal Reasons","Voluntary","People & Culture","G2","Arjun Islam","Female","41","0.5"
"BLD-101191","2023-06-18","2024-07-28","End of Contract - Not Renewed by Employee","Voluntary","IT & Digital","G4","Rajesh Mansour","Female","43","1.1"
"BLD-101200","2023-02-22","2024-04-07","Resignation - Personal Reasons","Voluntary","IT & Digital","G5","Dalia Al-Kuwari","Female","27","1.1"
"BLD-101209","2024-02-17","2024-04-24","Termination - Performance","Involuntary","R&D","G4","Anita Ahmed","Male","40","0.2"
"BLD-101214","2024-01-03","2025-10-28","Resignation - Better Opportunity","Voluntary","R&D","G5","Bishnu Mansour","Female","28","1.8"
"BLD-101224","2023-10-17","2024-12-26","Resignation - Personal Reasons","Voluntary","Farm Operations","G2","Noor Islam","Female","41","1.2"
"BLD-101226","2024-03-23","2024-12-18","Termination - Performance","Involuntary","Finance","G5","Suresh Baig","Female","44","0.7"
"BLD-101230","2023-04-14","2025-09-23","Termination - Redundancy","Involuntary","Corporate & Executive Office","G3","Santosh El-Sayed","Male","56","2.4"
"BLD-101231","2024-01-06","2024-07-29","Resignation - Better Opportunity","Voluntary","Procurement","G11","Mohamed Rai","Male","44","0.6"
"BLD-101236","2024-11-12","2025-01-04","Termination - Redundancy","Involuntary","Supply Chain & Logistics","G1","Prakash Reyes","Male","29","0.1"
"BLD-101237","2023-01-08","2024-05-25","Resignation - Relocation","Voluntary","R&D","G1","Ramesh Devi","Male","43","1.4"
"BLD-101242","2025-03-04","2025-12-17","Resignation - Personal Reasons","Voluntary","R&D","G2","Kumar Malik","Female","29","0.8"
"BLD-101243","2023-01-14","2024-08-09","Resignation - Personal Reasons","Voluntary","IT & Digital","G8","Santosh Fernandes","Male","50","1.6"
"BLD-101244","2025-03-21","2025-05-28","Termination - Disciplinary","Involuntary","Supply Chain & Logistics","G3","Anil Fernandes","Female","53","0.2"
"BLD-101258","2025-03-07","2025-03-27","Termination - Performance","Involuntary","Farm Operations","G1","Ravi Ahmed","Male","25","0.1"
"BLD-101264","2024-03-24","2025-08-19","End of Contract - Not Renewed by Employee","Voluntary","Finance","G9","Ahmed Malik","Male","40","1.4"
"BLD-101266","2023-09-15","2023-12-14","Resignation - Relocation","Voluntary","IT & Digital","G3","Amina Fernandes","Male","40","0.2"
"BLD-101269","2023-03-15","2025-02-08","Resignation - Relocation","Voluntary","Supply Chain & Logistics","G1","Faisal Al-Marri","Male","42","1.9"
"BLD-101270","2024-01-17","2025-03-31","End of Contract - Not Renewed by Employee","Voluntary","Finance","G10","Rakesh Cruz","Female","25","1.2"
"BLD-101272","2023-06-18","2024-02-19","Resignation - Personal Reasons","Voluntary","People & Culture","G4","Hassan Cruz","Female","40","0.7"
"BLD-101277","2025-09-19","2025-11-15","Termination - Disciplinary","Involuntary","Supply Chain & Logistics","G4","Anil Islam","Male","22","0.2"
"BLD-101284","2023-06-21","2024-06-23","End of Contract - Not Renewed by Employee","Voluntary","Procurement","G1","Joy Reyes","Male","35","1"
"BLD-101287","2024-07-17","2025-10-28","Resignation - Better Opportunity","Voluntary","Corporate & Executive Office","G3","Pooja Abdullah","Female","39","1.3"
"BLD-101289","2023-01-22","2024-08-08","End of Contract - Not Renewed by Employee","Voluntary","Procurement","G11","Mohamed Rai","Male","49","1.5"
"BLD-101291","2023-11-05","2025-04-20","End of Contract - Not Renewed by Employee","Voluntary","Quality Assurance & Food Safety","G7","Manoj Al-Kuwari","Female","53","1.5"
"BLD-101294","2023-02-10","2025-08-15","Resignation - Personal Reasons","Voluntary","Corporate & Executive Office","G5","Rina Rai","Female","39","2.5"
"BLD-101296","2023-10-04","2025-12-24","Resignation - Relocation","Voluntary","People & Culture","G5","Noor Mahmoud","Female","38","2.2"
"BLD-101300","2023-03-12","2023-04-22","Resignation - Personal Reasons","Voluntary","Finance","G5","Anita Pereira","Female","32","0.1"
"BLD-101301","2023-01-08","2023-09-29","Resignation - Personal Reasons","Voluntary","R&D","G2","Manoj Santos","Male","39","0.7"
"BLD-101302","2023-08-13","2025-11-09","Resignation - Relocation","Voluntary","Supply Chain & Logistics","G6","Ravi Khan","Male","48","2.2"
"BLD-101306","2023-03-17","2025-02-11","Termination - Performance","Involuntary","R&D","G5","Anita Ahmed","Female","30","1.9"
"BLD-101311","2024-05-12","2025-07-07","Termination - Redundancy","Involuntary","Finance","G5","Rina Malik","Male","25","1.2"
"BLD-101315","2024-06-27","2024-08-12","Resignation - Personal Reasons","Voluntary","IT & Digital","G5","Juan Islam","Male","26","0.1"
"BLD-101318","2023-11-13","2025-03-27","Termination - Disciplinary","Involuntary","Corporate & Executive Office","G1","Arjun Cruz","Male","22","1.4"
"BLD-101322","2024-03-20","2024-07-04","Resignation - Better Opportunity","Voluntary","Farm Operations","G4","Krishna Thapa","Male","53","0.3"
"BLD-101323","2024-09-11","2025-12-05","Resignation - Personal Reasons","Voluntary","Quality Assurance & Food Safety","G5","Omar Ibrahim","Male","50","1.2"
"BLD-101324","2023-03-26","2023-11-17","Resignation - Personal Reasons","Voluntary","Marketing","G2","Rowena Chowdhury","Female","46","0.6"
"BLD-101325","2024-06-23","2024-09-02","Resignation - Relocation","Voluntary","People & Culture","G5","Juan Santos","Female","29","0.2"
"BLD-101326","2023-09-10","2025-04-17","Termination - Redundancy","Involuntary","Engineering & Maintenance","G6","Ramesh Kapoor","Female","37","1.6"
"BLD-101327","2024-08-10","2025-08-29","Contract Non-Renewal - Company Decision","Involuntary","Quality Assurance & Food Safety","G4","Sunita Cruz","Male","47","1.1"
"BLD-101330","2023-05-16","2025-02-26","End of Contract - Not Renewed by Employee","Voluntary","Corporate & Executive Office","G4","Rakesh Islam","Male","30","1.8"
"BLD-101340","2023-04-05","2024-01-18","Resignation - Better Opportunity","Voluntary","Supply Chain & Logistics","G1","Ramesh Santos","Male","21","0.8"
"BLD-101345","2023-01-21","2024-05-16","Resignation - Better Opportunity","Voluntary","Supply Chain & Logistics","G5","Anil Islam","Female","24","1.3"
"BLD-101351","2025-03-08","2025-09-10","Resignation - Better Opportunity","Voluntary","Engineering & Maintenance","G5","Bishnu El-Sayed","Male","48","0.5"
"BLD-101356","2024-07-18","2025-10-20","End of Contract - Not Renewed by Employee","Voluntary","Finance","G5","Fatima Youssef","Female","24","1.3"
"BLD-101362","2024-08-14","2025-04-03","Resignation - Better Opportunity","Voluntary","Finance","G5","Santosh Reyes","Male","20","0.6"
"BLD-101366","2023-01-24","2023-02-02","Resignation - Better Opportunity","Voluntary","Farm Operations","G9","Ahmed Cruz","Female","27","0"
"BLD-101373","2025-07-11","2025-12-16","Contract Non-Renewal - Company Decision","Involuntary","Sales & Distribution","G1","Ramesh El-Sayed","Female","52","0.4"
"BLD-101377","2023-07-19","2024-05-16","Termination - Performance","Involuntary","Supply Chain & Logistics","G11","Suresh Reyes","Male","54","0.8"
"BLD-101378","2023-07-08","2023-08-17","Resignation - Better Opportunity","Voluntary","Corporate & Executive Office","G1","Rakesh Sharma","Female","25","0.1"
"BLD-101380","2023-10-21","2025-01-17","Contract Non-Renewal - Company Decision","Involuntary","Production","G3","Bishnu Mansour","Male","40","1.2"
"BLD-101393","2025-08-21","2025-12-21","End of Contract - Not Renewed by Employee","Voluntary","Production","G4","Santosh Gurung","Male","29","0.3"
"BLD-101394","2024-03-27","2024-05-01","Contract Non-Renewal - Company Decision","Involuntary","Sales & Distribution","G3","Manoj Reyes","Male","24","0.1"
"BLD-101404","2023-08-05","2023-11-02","End of Contract - Not Renewed by Employee","Voluntary","Production","G4","Omar Al-Kuwari","Male","39","0.2"
"BLD-101413","2024-09-15","2025-11-24","Resignation - Relocation","Voluntary","Finance","G9","Shobha Thapa","Female","55","1.2"
"BLD-101414","2024-02-18","2025-05-20","Resignation - Relocation","Voluntary","People & Culture","G3","Noor Mahmoud","Male","33","1.3"
"BLD-101420","2023-02-13","2024-03-14","Resignation - Relocation","Voluntary","Corporate & Executive Office","G2","Krishna Al-Sayed","Male","44","1.1"
"BLD-101424","2024-08-01","2024-08-31","Resignation - Personal Reasons","Voluntary","Quality Assurance & Food Safety","G5","Pooja Thapa","Female","47","0.1"
"BLD-101425","2024-07-10","2025-04-24","End of Contract - Not Renewed by Employee","Voluntary","Marketing","G6","Anil Kapoor","Male","24","0.8"
"BLD-101429","2023-02-22","2024-07-19","Termination - Redundancy","Involuntary","Production","G4","Bishnu Mansour","Male","28","1.4"
"BLD-101432","2023-05-01","2025-02-17","Resignation - Personal Reasons","Voluntary","Corporate & Executive Office","G4","Pooja Abdullah","Female","38","1.8"
"BLD-101433","2023-07-21","2025-01-17","End of Contract - Not Renewed by Employee","Voluntary","Sales & Distribution","G3","Omar Chowdhury","Male","45","1.5"
"BLD-101445","2023-09-03","2024-02-20","Resignation - Personal Reasons","Voluntary","Quality Assurance & Food Safety","G7","Anil Gurung","Male","27","0.5"
"BLD-101446","2023-07-13","2024-09-02","Resignation - Relocation","Voluntary","Sales & Distribution","G10","Anil Khan","Male","49","1.1"
"BLD-101447","2023-09-20","2024-11-18","Resignation - Relocation","Voluntary","Supply Chain & Logistics","G1","Ramesh Santos","Female","29","1.2"
"BLD-101453","2023-03-16","2024-03-13","Resignation - Personal Reasons","Voluntary","Production","G4","Krishna Santos","Male","41","1"
"BLD-101455","2023-03-06","2023-08-16","End of Contract - Not Renewed by Employee","Voluntary","Quality Assurance & Food Safety","G2","Aisha Ahmed","Female","35","0.4"
"BLD-101461","2025-09-27","2025-11-08","Resignation - Relocation","Voluntary","Procurement","G3","Sanjay Fernandes","Male","37","0.1"
"BLD-101466","2024-06-07","2024-10-31","Resignation - Better Opportunity","Voluntary","Supply Chain & Logistics","G1","Rajesh Ibrahim","Male","20","0.4"
"BLD-101470","2025-03-01","2025-07-02","End of Contract - Not Renewed by Employee","Voluntary","Finance","G2","Suresh Mahmoud","Male","22","0.3"
"BLD-101472","2023-10-12","2024-05-29","Resignation - Relocation","Voluntary","Finance","G9","Jose Islam","Male","44","0.6"
"BLD-101473","2024-03-04","2025-07-13","Resignation - Relocation","Voluntary","Corporate & Executive Office","G6","Deepak Mahmoud","Female","43","1.4"
"BLD-101476","2023-02-07","2024-01-01","End of Contract - Not Renewed by Employee","Voluntary","Sales & Distribution","G4","Ahmed Iqbal","Male","22","0.9"
"BLD-101489","2024-02-10","2025-02-23","Resignation - Better Opportunity","Voluntary","Quality Assurance & Food Safety","G2","Dalia Baig","Male","29","1"
"BLD-101492","2023-11-20","2024-10-05","End of Contract - Not Renewed by Employee","Voluntary","R&D","G3","Bishnu Khan","Male","55","0.9"
"BLD-101493","2023-01-23","2023-02-18","Resignation - Better Opportunity","Voluntary","People & Culture","G2","Pooja Chowdhury","Female","21","0.1"
"BLD-101499","2023-07-08","2025-12-21","Resignation - Relocation","Voluntary","People & Culture","G1","Noor Mahmoud","Female","47","2.5"
"BLD-101503","2023-03-22","2025-02-11","Resignation - Relocation","Voluntary","Sales & Distribution","G5","Nadia Baig","Male","24","1.9"
"BLD-101504","2023-01-06","2024-05-30","Resignation - Better Opportunity","Voluntary","Production","G6","Juan Hassan","Male","53","1.4"
"BLD-101509","2023-08-06","2025-01-30","Resignation - Better Opportunity","Voluntary","Supply Chain & Logistics","G13","Yousef Al-Attiyah","Male","36","1.5"
"BLD-101511","2024-03-11","2025-02-10","Resignation - Relocation","Voluntary","People & Culture","G5","Noor Sharma","Female","25","0.9"
