"employee_id","gender","nationality","ethnicity","age","age_band","disability_status","grade","management_level","leadership_status"
"BLD-100002","Male","Pakistani","Not Tracked","49","45-54","Not Disclosed","G12","Managerial","Leadership"
"BLD-100004","Male","Filipino","Not Tracked","38","35-44","Not Disclosed","G1","Staff","Non-Leadership"
"BLD-100006","Male","Egyptian","Not Tracked","58","55+","Not Disclosed","G1","Staff","Non-Leadership"
"BLD-100008","Male","Indian","Not Tracked","43","35-44","Not Disclosed","G12","Managerial","Leadership"
"BLD-100009","Male","Egyptian","Not Tracked","60","55+","Not Disclosed","G10","Managerial","Leadership"
"BLD-100012","Male","Egyptian","Not Tracked","51","45-54","Not Disclosed","G1","Staff","Non-Leadership"
"BLD-100015","Male","Egyptian","Not Tracked","56","55+","Not Disclosed","G9","Supervisory","Non-Leadership"
"BLD-100016","Male","Qatari","Not Tracked","52","45-54","Not Disclosed","G6","Supervisory","Non-Leadership"
"BLD-100017","Male","Indian","Not Tracked","53","45-54","Not Disclosed","G6","Supervisory","Non-Leadership"
"BLD-100019","Male","Nepali","Not Tracked","55","55+","Not Disclosed","G5","Staff","Non-Leadership"
"BLD-100020","Male","Bangladeshi","Not Tracked","52","45-54","Not Disclosed","G11","Managerial","Leadership"
"BLD-100021","Male","Nepali","Not Tracked","34","25-34","Not Disclosed","G2","Staff","Non-Leadership"
"BLD-100023","Female","Indian","Not Tracked","57","55+","Not Disclosed","G1","Staff","Non-Leadership"
"BLD-100025","Male","Egyptian","Not Tracked","40","35-44","Not Disclosed","G2","Staff","Non-Leadership"
"BLD-100027","Male","Jordanian","Not Tracked","61","55+","Not Disclosed","G1","Staff","Non-Leadership"
"BLD-100028","Female","Indian","Not Tracked","41","35-44","Not Disclosed","G2","Staff","Non-Leadership"
"BLD-100030","Female","Egyptian","Not Tracked","40","35-44","Not Disclosed","G1","Staff","Non-Leadership"
"BLD-100032","Male","Nepali","Not Tracked","52","45-54","Not Disclosed","G2","Staff","Non-Leadership"
"BLD-100033","Male","Egyptian","Not Tracked","43","35-44","Not Disclosed","G6","Supervisory","Non-Leadership"
"BLD-100034","Female","Indian","Not Tracked","48","45-54","Not Disclosed","G1","Staff","Non-Leadership"
"BLD-100036","Male","Egyptian","Not Tracked","49","45-54","Not Disclosed","G13","Executive","Leadership"
"BLD-100038","Male","Bangladeshi","Not Tracked","39","35-44","Not Disclosed","G10","Managerial","Leadership"
"BLD-100039","Male","Jordanian","Not Tracked","45","45-54","Not Disclosed","G3","Staff","Non-Leadership"
"BLD-100040","Female","Sri Lankan","Not Tracked","59","55+","Not Disclosed","G1","Staff","Non-Leadership"
"BLD-100041","Female","Filipino","Not Tracked","61","55+","Not Disclosed","G4","Staff","Non-Leadership"
"BLD-100045","Female","Jordanian","Not Tracked","38","35-44","Not Disclosed","G5","Staff","Non-Leadership"
"BLD-100046","Male","Indian","Not Tracked","31","25-34","Not Disclosed","G2","Staff","Non-Leadership"
"BLD-100051","Male","Egyptian","Not Tracked","59","55+","Not Disclosed","G6","Supervisory","Non-Leadership"
"BLD-100052","Male","Qatari","Not Tracked","43","35-44","Not Disclosed","G8","Supervisory","Non-Leadership"
"BLD-100054","Female","Indian","Not Tracked","41","35-44","Not Disclosed","G2","Staff","Non-Leadership"
"BLD-100055","Male","Nepali","Not Tracked","42","35-44","Not Disclosed","G10","Managerial","Leadership"
"BLD-100059","Female","Nepali","Not Tracked","62","55+","Not Disclosed","G10","Managerial","Leadership"
"BLD-100061","Male","Indian","Not Tracked","42","35-44","Not Disclosed","G4","Staff","Non-Leadership"
"BLD-100066","Male","Jordanian","Not Tracked","47","45-54","Not Disclosed","G7","Supervisory","Non-Leadership"
"BLD-100068","Male","Indian","Not Tracked","59","55+","Not Disclosed","G7","Supervisory","Non-Leadership"
"BLD-100069","Female","Nepali","Not Tracked","50","45-54","Not Disclosed","G6","Supervisory","Non-Leadership"
"BLD-100070","Female","Sudanese","Not Tracked","31","25-34","Not Disclosed","G8","Supervisory","Non-Leadership"
"BLD-100071","Male","Egyptian","Not Tracked","55","55+","Not Disclosed","G9","Supervisory","Non-Leadership"
"BLD-100072","Male","Egyptian","Not Tracked","44","35-44","Not Disclosed","G9","Supervisory","Non-Leadership"
"BLD-100073","Male","Filipino","Not Tracked","65","55+","Not Disclosed","G8","Supervisory","Non-Leadership"
"BLD-100075","Male","Egyptian","Not Tracked","58","55+","Not Disclosed","G1","Staff","Non-Leadership"
"BLD-100082","Male","Egyptian","Not Tracked","60","55+","Not Disclosed","G3","Staff","Non-Leadership"
"BLD-100083","Male","Egyptian","Not Tracked","54","45-54","Not Disclosed","G7","Supervisory","Non-Leadership"
"BLD-100086","Male","Egyptian","Not Tracked","30","25-34","Not Disclosed","G10","Managerial","Leadership"
"BLD-100087","Male","Indian","Not Tracked","28","25-34","Not Disclosed","G10","Managerial","Leadership"
"BLD-100088","Male","Indian","Not Tracked","47","45-54","Not Disclosed","G3","Staff","Non-Leadership"
"BLD-100090","Male","Egyptian","Not Tracked","42","35-44","Not Disclosed","G1","Staff","Non-Leadership"
"BLD-100091","Male","Egyptian","Not Tracked","66","55+","Not Disclosed","G5","Staff","Non-Leadership"
"BLD-100093","Male","Egyptian","Not Tracked","46","45-54","Not Disclosed","G9","Supervisory","Non-Leadership"
"BLD-100095","Male","Filipino","Not Tracked","49","45-54","Not Disclosed","G1","Staff","Non-Leadership"
"BLD-100096","Male","Nepali","Not Tracked","43","35-44","Not Disclosed","G9","Supervisory","Non-Leadership"
"BLD-100097","Male","Indian","Not Tracked","58","55+","Not Disclosed","G6","Supervisory","Non-Leadership"
"BLD-100101","Male","Indian","Not Tracked","57","55+","Not Disclosed","G9","Supervisory","Non-Leadership"
"BLD-100102","Male","Indian","Not Tracked","54","45-54","Not Disclosed","G1","Staff","Non-Leadership"
"BLD-100104","Male","Sri Lankan","Not Tracked","39","35-44","Not Disclosed","G3","Staff","Non-Leadership"
"BLD-100105","Female","Indian","Not Tracked","38","35-44","Not Disclosed","G8","Supervisory","Non-Leadership"
"BLD-100107","Female","Nepali","Not Tracked","38","35-44","Not Disclosed","G8","Supervisory","Non-Leadership"
"BLD-100109","Male","Egyptian","Not Tracked","35","35-44","Not Disclosed","G13","Executive","Leadership"
"BLD-100111","Female","Sri Lankan","Not Tracked","41","35-44","Not Disclosed","G2","Staff","Non-Leadership"
"BLD-100112","Male","Pakistani","Not Tracked","37","35-44","Not Disclosed","G10","Managerial","Leadership"
"BLD-100113","Male","Sudanese","Not Tracked","53","45-54","Not Disclosed","G1","Staff","Non-Leadership"
"BLD-100118","Male","Pakistani","Not Tracked","43","35-44","Not Disclosed","G8","Supervisory","Non-Leadership"
"BLD-100119","Male","Filipino","Not Tracked","58","55+","Not Disclosed","G10","Managerial","Leadership"
"BLD-100121","Male","Nepali","Not Tracked","35","35-44","Not Disclosed","G7","Supervisory","Non-Leadership"
"BLD-100122","Male","Bangladeshi","Not Tracked","42","35-44","Not Disclosed","G2","Staff","Non-Leadership"
"BLD-100125","Male","Egyptian","Not Tracked","48","45-54","Not Disclosed","G6","Supervisory","Non-Leadership"
"BLD-100126","Male","Egyptian","Not Tracked","50","45-54","Not Disclosed","G2","Staff","Non-Leadership"
"BLD-100127","Male","Indian","Not Tracked","46","45-54","Not Disclosed","G7","Supervisory","Non-Leadership"
"BLD-100128","Female","Egyptian","Not Tracked","32","25-34","Not Disclosed","G4","Staff","Non-Leadership"
"BLD-100130","Male","Egyptian","Not Tracked","58","55+","Not Disclosed","G8","Supervisory","Non-Leadership"
"BLD-100137","Male","Sri Lankan","Not Tracked","27","25-34","Not Disclosed","G10","Managerial","Leadership"
"BLD-100138","Male","Egyptian","Not Tracked","38","35-44","Not Disclosed","G4","Staff","Non-Leadership"
"BLD-100140","Female","Indian","Not Tracked","38","35-44","Not Disclosed","G10","Managerial","Leadership"
"BLD-100141","Female","Indian","Not Tracked","45","45-54","Not Disclosed","G11","Managerial","Leadership"
"BLD-100142","Male","Pakistani","Not Tracked","44","35-44","Not Disclosed","G11","Managerial","Leadership"
"BLD-100143","Male","Egyptian","Not Tracked","44","35-44","Not Disclosed","G3","Staff","Non-Leadership"
"BLD-100144","Male","Filipino","Not Tracked","56","55+","Not Disclosed","G5","Staff","Non-Leadership"
"BLD-100146","Female","Qatari","Not Tracked","63","55+","Not Disclosed","G1","Staff","Non-Leadership"
"BLD-100148","Male","Egyptian","Not Tracked","31","25-34","Not Disclosed","G5","Staff","Non-Leadership"
"BLD-100149","Female","Indian","Not Tracked","54","45-54","Not Disclosed","G1","Staff","Non-Leadership"
"BLD-100150","Male","Sudanese","Not Tracked","36","35-44","Not Disclosed","G9","Supervisory","Non-Leadership"
"BLD-100152","Male","Egyptian","Not Tracked","36","35-44","Not Disclosed","G3","Staff","Non-Leadership"
"BLD-100154","Male","Sri Lankan","Not Tracked","37","35-44","Not Disclosed","G10","Managerial","Leadership"
"BLD-100157","Male","Egyptian","Not Tracked","57","55+","Not Disclosed","G10","Managerial","Leadership"
"BLD-100158","Male","Sri Lankan","Not Tracked","55","55+","Not Disclosed","G8","Supervisory","Non-Leadership"
"BLD-100159","Male","Qatari","Not Tracked","59","55+","Not Disclosed","G11","Managerial","Leadership"
"BLD-100161","Male","Pakistani","Not Tracked","53","45-54","Not Disclosed","G12","Managerial","Leadership"
"BLD-100163","Female","Filipino","Not Tracked","24","<25","Not Disclosed","G3","Staff","Non-Leadership"
"BLD-100166","Male","Sri Lankan","Not Tracked","37","35-44","Not Disclosed","G8","Supervisory","Non-Leadership"
"BLD-100168","Female","Nepali","Not Tracked","33","25-34","Not Disclosed","G8","Supervisory","Non-Leadership"
"BLD-100169","Male","Bangladeshi","Not Tracked","36","35-44","Not Disclosed","G3","Staff","Non-Leadership"
"BLD-100170","Male","Filipino","Not Tracked","28","25-34","Not Disclosed","G9","Supervisory","Non-Leadership"
"BLD-100171","Female","Nepali","Not Tracked","61","55+","Not Disclosed","G13","Executive","Leadership"
"BLD-100172","Male","Bangladeshi","Not Tracked","60","55+","Not Disclosed","G2","Staff","Non-Leadership"
"BLD-100174","Male","Filipino","Not Tracked","40","35-44","Not Disclosed","G6","Supervisory","Non-Leadership"
"BLD-100177","Female","Filipino","Not Tracked","56","55+","Not Disclosed","G3","Staff","Non-Leadership"
"BLD-100179","Male","Indian","Not Tracked","59","55+","Not Disclosed","G1","Staff","Non-Leadership"
"BLD-100181","Female","Egyptian","Not Tracked","50","45-54","Not Disclosed","G3","Staff","Non-Leadership"
"BLD-100182","Male","Nepali","Not Tracked","55","55+","Not Disclosed","G11","Managerial","Leadership"
"BLD-100187","Female","Nepali","Not Tracked","63","55+","Not Disclosed","G12","Managerial","Leadership"
"BLD-100191","Female","Bangladeshi","Not Tracked","33","25-34","Not Disclosed","G7","Supervisory","Non-Leadership"
"BLD-100193","Female","Egyptian","Not Tracked","50","45-54","Not Disclosed","G4","Staff","Non-Leadership"
"BLD-100196","Male","Sudanese","Not Tracked","39","35-44","Not Disclosed","G1","Staff","Non-Leadership"
"BLD-100197","Male","Jordanian","Not Tracked","55","55+","Not Disclosed","G2","Staff","Non-Leadership"
"BLD-100202","Male","Indian","Not Tracked","32","25-34","Not Disclosed","G5","Staff","Non-Leadership"
"BLD-100205","Male","Nepali","Not Tracked","44","35-44","Not Disclosed","G10","Managerial","Leadership"
"BLD-100208","Male","Egyptian","Not Tracked","40","35-44","Not Disclosed","G1","Staff","Non-Leadership"
"BLD-100209","Female","Indian","Not Tracked","30","25-34","Not Disclosed","G7","Supervisory","Non-Leadership"
"BLD-100210","Male","Indian","Not Tracked","62","55+","Not Disclosed","G3","Staff","Non-Leadership"
"BLD-100212","Male","Nepali","Not Tracked","33","25-34","Not Disclosed","G1","Staff","Non-Leadership"
"BLD-100213","Female","Nepali","Not Tracked","31","25-34","Not Disclosed","G6","Supervisory","Non-Leadership"
"BLD-100214","Female","Indian","Not Tracked","49","45-54","Not Disclosed","G11","Managerial","Leadership"
"BLD-100215","Male","Indian","Not Tracked","57","55+","Not Disclosed","G7","Supervisory","Non-Leadership"
"BLD-100216","Female","Indian","Not Tracked","55","55+","Not Disclosed","G1","Staff","Non-Leadership"
"BLD-100217","Female","Bangladeshi","Not Tracked","47","45-54","Not Disclosed","G9","Supervisory","Non-Leadership"
"BLD-100219","Male","Egyptian","Not Tracked","33","25-34","Not Disclosed","G9","Supervisory","Non-Leadership"
"BLD-100220","Male","Egyptian","Not Tracked","35","35-44","Not Disclosed","G9","Supervisory","Non-Leadership"
"BLD-100221","Male","Egyptian","Not Tracked","52","45-54","Not Disclosed","G9","Supervisory","Non-Leadership"
"BLD-100222","Male","Egyptian","Not Tracked","44","35-44","Not Disclosed","G9","Supervisory","Non-Leadership"
"BLD-100225","Male","Sri Lankan","Not Tracked","51","45-54","Not Disclosed","G11","Managerial","Leadership"
"BLD-100228","Male","Indian","Not Tracked","54","45-54","Not Disclosed","G2","Staff","Non-Leadership"
"BLD-100229","Male","Indian","Not Tracked","55","55+","Not Disclosed","G12","Managerial","Leadership"
"BLD-100232","Male","Egyptian","Not Tracked","37","35-44","Not Disclosed","G4","Staff","Non-Leadership"
"BLD-100233","Female","Indian","Not Tracked","48","45-54","Not Disclosed","G2","Staff","Non-Leadership"
"BLD-100235","Female","Sri Lankan","Not Tracked","60","55+","Not Disclosed","G8","Supervisory","Non-Leadership"
"BLD-100236","Male","Sudanese","Not Tracked","44","35-44","Not Disclosed","G7","Supervisory","Non-Leadership"
"BLD-100238","Female","Indian","Not Tracked","47","45-54","Not Disclosed","G1","Staff","Non-Leadership"
"BLD-100239","Female","Egyptian","Not Tracked","55","55+","Not Disclosed","G5","Staff","Non-Leadership"
"BLD-100240","Male","Egyptian","Not Tracked","32","25-34","Not Disclosed","G2","Staff","Non-Leadership"
"BLD-100242","Male","Sri Lankan","Not Tracked","43","35-44","Not Disclosed","G5","Staff","Non-Leadership"
"BLD-100243","Male","Pakistani","Not Tracked","37","35-44","Not Disclosed","G9","Supervisory","Non-Leadership"
"BLD-100246","Female","Egyptian","Not Tracked","30","25-34","Not Disclosed","G1","Staff","Non-Leadership"
"BLD-100247","Male","Indian","Not Tracked","55","55+","Not Disclosed","G9","Supervisory","Non-Leadership"
"BLD-100250","Male","Indian","Not Tracked","30","25-34","Not Disclosed","G10","Managerial","Leadership"
"BLD-100252","Male","Filipino","Not Tracked","32","25-34","Not Disclosed","G1","Staff","Non-Leadership"
"BLD-100253","Male","Indian","Not Tracked","50","45-54","Not Disclosed","G1","Staff","Non-Leadership"
"BLD-100256","Male","Egyptian","Not Tracked","48","45-54","Not Disclosed","G11","Managerial","Leadership"
"BLD-100257","Male","Sudanese","Not Tracked","61","55+","Not Disclosed","G9","Supervisory","Non-Leadership"
"BLD-100258","Male","Nepali","Not Tracked","49","45-54","Not Disclosed","G1","Staff","Non-Leadership"
"BLD-100259","Male","Egyptian","Not Tracked","56","55+","Not Disclosed","G1","Staff","Non-Leadership"
"BLD-100260","Male","Nepali","Not Tracked","29","25-34","Not Disclosed","G1","Staff","Non-Leadership"
"BLD-100261","Female","Filipino","Not Tracked","57","55+","Not Disclosed","G9","Supervisory","Non-Leadership"
"BLD-100262","Male","Filipino","Not Tracked","59","55+","Not Disclosed","G5","Staff","Non-Leadership"
"BLD-100264","Male","Qatari","Not Tracked","57","55+","Not Disclosed","G5","Staff","Non-Leadership"
"BLD-100265","Male","Egyptian","Not Tracked","59","55+","Not Disclosed","G11","Managerial","Leadership"
"BLD-100268","Male","Egyptian","Not Tracked","46","45-54","Not Disclosed","G12","Managerial","Leadership"
"BLD-100269","Male","Egyptian","Not Tracked","33","25-34","Not Disclosed","G9","Supervisory","Non-Leadership"
"BLD-100270","Male","Indian","Not Tracked","50","45-54","Not Disclosed","G10","Managerial","Leadership"
"BLD-100271","Male","Egyptian","Not Tracked","39","35-44","Not Disclosed","G10","Managerial","Leadership"
"BLD-100272","Male","Egyptian","Not Tracked","53","45-54","Not Disclosed","G1","Staff","Non-Leadership"
"BLD-100275","Female","Egyptian","Not Tracked","33","25-34","Not Disclosed","G9","Supervisory","Non-Leadership"
"BLD-100276","Male","Pakistani","Not Tracked","58","55+","Not Disclosed","G10","Managerial","Leadership"
"BLD-100278","Female","Bangladeshi","Not Tracked","61","55+","Not Disclosed","G3","Staff","Non-Leadership"
"BLD-100281","Male","Nepali","Not Tracked","52","45-54","Not Disclosed","G6","Supervisory","Non-Leadership"
"BLD-100284","Male","Egyptian","Not Tracked","47","45-54","Not Disclosed","G9","Supervisory","Non-Leadership"
"BLD-100285","Male","Filipino","Not Tracked","61","55+","Not Disclosed","G9","Supervisory","Non-Leadership"
"BLD-100290","Male","Bangladeshi","Not Tracked","53","45-54","Not Disclosed","G9","Supervisory","Non-Leadership"
"BLD-100291","Male","Egyptian","Not Tracked","36","35-44","Not Disclosed","G8","Supervisory","Non-Leadership"
"BLD-100293","Male","Bangladeshi","Not Tracked","58","55+","Not Disclosed","G6","Supervisory","Non-Leadership"
"BLD-100295","Female","Egyptian","Not Tracked","37","35-44","Not Disclosed","G10","Managerial","Leadership"
"BLD-100297","Male","Egyptian","Not Tracked","52","45-54","Not Disclosed","G4","Staff","Non-Leadership"
"BLD-100298","Male","Sudanese","Not Tracked","34","25-34","Not Disclosed","G3","Staff","Non-Leadership"
"BLD-100301","Female","Egyptian","Not Tracked","32","25-34","Not Disclosed","G1","Staff","Non-Leadership"
"BLD-100303","Male","Pakistani","Not Tracked","56","55+","Not Disclosed","G14","Executive","Leadership"
"BLD-100304","Male","Nepali","Not Tracked","56","55+","Not Disclosed","G2","Staff","Non-Leadership"
"BLD-100305","Male","Filipino","Not Tracked","60","55+","Not Disclosed","G5","Staff","Non-Leadership"
"BLD-100308","Female","Filipino","Not Tracked","62","55+","Not Disclosed","G2","Staff","Non-Leadership"
"BLD-100311","Male","Egyptian","Not Tracked","43","35-44","Not Disclosed","G4","Staff","Non-Leadership"
"BLD-100313","Female","Egyptian","Not Tracked","59","55+","Not Disclosed","G5","Staff","Non-Leadership"
"BLD-100316","Female","Egyptian","Not Tracked","53","45-54","Not Disclosed","G7","Supervisory","Non-Leadership"
"BLD-100317","Female","Sri Lankan","Not Tracked","47","45-54","Not Disclosed","G7","Supervisory","Non-Leadership"
"BLD-100319","Male","Indian","Not Tracked","37","35-44","Not Disclosed","G8","Supervisory","Non-Leadership"
"BLD-100320","Male","Egyptian","Not Tracked","32","25-34","Not Disclosed","G9","Supervisory","Non-Leadership"
"BLD-100322","Male","Jordanian","Not Tracked","54","45-54","Not Disclosed","G8","Supervisory","Non-Leadership"
"BLD-100325","Female","Bangladeshi","Not Tracked","28","25-34","Not Disclosed","G1","Staff","Non-Leadership"
"BLD-100326","Female","Indian","Not Tracked","46","45-54","Not Disclosed","G1","Staff","Non-Leadership"
"BLD-100328","Male","Pakistani","Not Tracked","41","35-44","Not Disclosed","G1","Staff","Non-Leadership"
"BLD-100331","Male","Indian","Not Tracked","42","35-44","Not Disclosed","G11","Managerial","Leadership"
"BLD-100332","Male","Filipino","Not Tracked","54","45-54","Not Disclosed","G5","Staff","Non-Leadership"
"BLD-100333","Male","Pakistani","Not Tracked","60","55+","Not Disclosed","G1","Staff","Non-Leadership"
"BLD-100335","Male","Bangladeshi","Not Tracked","47","45-54","Not Disclosed","G8","Supervisory","Non-Leadership"
"BLD-100338","Male","Egyptian","Not Tracked","61","55+","Not Disclosed","G10","Managerial","Leadership"
"BLD-100339","Male","Egyptian","Not Tracked","59","55+","Not Disclosed","G3","Staff","Non-Leadership"
"BLD-100340","Male","Sudanese","Not Tracked","41","35-44","Not Disclosed","G6","Supervisory","Non-Leadership"
"BLD-100341","Male","Indian","Not Tracked","44","35-44","Not Disclosed","G11","Managerial","Leadership"
"BLD-100343","Male","Egyptian","Not Tracked","23","<25","Not Disclosed","G8","Supervisory","Non-Leadership"
"BLD-100344","Female","Indian","Not Tracked","59","55+","Not Disclosed","G2","Staff","Non-Leadership"
"BLD-100347","Male","Egyptian","Not Tracked","61","55+","Not Disclosed","G10","Managerial","Leadership"
"BLD-100349","Male","Nepali","Not Tracked","36","35-44","Not Disclosed","G12","Managerial","Leadership"
"BLD-100351","Male","Sudanese","Not Tracked","45","45-54","Not Disclosed","G7","Supervisory","Non-Leadership"
"BLD-100353","Male","Pakistani","Not Tracked","58","55+","Not Disclosed","G8","Supervisory","Non-Leadership"
"BLD-100355","Male","Nepali","Not Tracked","54","45-54","Not Disclosed","G1","Staff","Non-Leadership"
"BLD-100357","Female","Nepali","Not Tracked","39","35-44","Not Disclosed","G8","Supervisory","Non-Leadership"
"BLD-100358","Female","Indian","Not Tracked","59","55+","Not Disclosed","G9","Supervisory","Non-Leadership"
"BLD-100359","Male","Bangladeshi","Not Tracked","52","45-54","Not Disclosed","G5","Staff","Non-Leadership"
"BLD-100361","Male","Egyptian","Not Tracked","54","45-54","Not Disclosed","G4","Staff","Non-Leadership"
"BLD-100362","Male","Egyptian","Not Tracked","38","35-44","Not Disclosed","G8","Supervisory","Non-Leadership"
"BLD-100363","Female","Egyptian","Not Tracked","49","45-54","Not Disclosed","G6","Supervisory","Non-Leadership"
"BLD-100369","Female","Egyptian","Not Tracked","32","25-34","Not Disclosed","G5","Staff","Non-Leadership"
"BLD-100370","Male","Egyptian","Not Tracked","54","45-54","Not Disclosed","G8","Supervisory","Non-Leadership"
"BLD-100373","Male","Egyptian","Not Tracked","31","25-34","Not Disclosed","G5","Staff","Non-Leadership"
"BLD-100375","Male","Bangladeshi","Not Tracked","38","35-44","Not Disclosed","G13","Executive","Leadership"
"BLD-100377","Male","Qatari","Not Tracked","40","35-44","Not Disclosed","G5","Staff","Non-Leadership"
"BLD-100380","Female","Sri Lankan","Not Tracked","57","55+","Not Disclosed","G8","Supervisory","Non-Leadership"
"BLD-100382","Male","Nepali","Not Tracked","57","55+","Not Disclosed","G1","Staff","Non-Leadership"
"BLD-100383","Male","Egyptian","Not Tracked","58","55+","Not Disclosed","G6","Supervisory","Non-Leadership"
"BLD-100386","Male","Bangladeshi","Not Tracked","30","25-34","Not Disclosed","G12","Managerial","Leadership"
"BLD-100388","Male","Nepali","Not Tracked","57","55+","Not Disclosed","G12","Managerial","Leadership"
"BLD-100390","Male","Pakistani","Not Tracked","34","25-34","Not Disclosed","G4","Staff","Non-Leadership"
"BLD-100391","Female","Filipino","Not Tracked","33","25-34","Not Disclosed","G7","Supervisory","Non-Leadership"
"BLD-100392","Male","Sri Lankan","Not Tracked","31","25-34","Not Disclosed","G4","Staff","Non-Leadership"
"BLD-100394","Male","Filipino","Not Tracked","64","55+","Not Disclosed","G10","Managerial","Leadership"
"BLD-100395","Male","Indian","Not Tracked","64","55+","Not Disclosed","G11","Managerial","Leadership"
"BLD-100398","Female","Pakistani","Not Tracked","47","45-54","Not Disclosed","G10","Managerial","Leadership"
"BLD-100399","Male","Pakistani","Not Tracked","53","45-54","Not Disclosed","G3","Staff","Non-Leadership"
"BLD-100400","Female","Nepali","Not Tracked","47","45-54","Not Disclosed","G1","Staff","Non-Leadership"
"BLD-100401","Male","Nepali","Not Tracked","59","55+","Not Disclosed","G7","Supervisory","Non-Leadership"
"BLD-100403","Male","Bangladeshi","Not Tracked","52","45-54","Not Disclosed","G12","Managerial","Leadership"
"BLD-100404","Male","Bangladeshi","Not Tracked","40","35-44","Not Disclosed","G1","Staff","Non-Leadership"
"BLD-100407","Female","Indian","Not Tracked","42","35-44","Not Disclosed","G6","Supervisory","Non-Leadership"
"BLD-100408","Male","Filipino","Not Tracked","35","35-44","Not Disclosed","G8","Supervisory","Non-Leadership"
"BLD-100409","Male","Indian","Not Tracked","40","35-44","Not Disclosed","G9","Supervisory","Non-Leadership"
"BLD-100413","Male","Indian","Not Tracked","59","55+","Not Disclosed","G13","Executive","Leadership"
"BLD-100415","Male","Filipino","Not Tracked","67","55+","Not Disclosed","G1","Staff","Non-Leadership"
"BLD-100418","Male","Egyptian","Not Tracked","38","35-44","Not Disclosed","G7","Supervisory","Non-Leadership"
"BLD-100419","Male","Qatari","Not Tracked","53","45-54","Not Disclosed","G6","Supervisory","Non-Leadership"
"BLD-100420","Male","Nepali","Not Tracked","55","55+","Not Disclosed","G9","Supervisory","Non-Leadership"
"BLD-100421","Female","Nepali","Not Tracked","62","55+","Not Disclosed","G12","Managerial","Leadership"
"BLD-100422","Male","Nepali","Not Tracked","57","55+","Not Disclosed","G5","Staff","Non-Leadership"
"BLD-100423","Female","Sudanese","Not Tracked","46","45-54","Not Disclosed","G5","Staff","Non-Leadership"
"BLD-100428","Male","Filipino","Not Tracked","34","25-34","Not Disclosed","G3","Staff","Non-Leadership"
"BLD-100429","Male","Indian","Not Tracked","47","45-54","Not Disclosed","G5","Staff","Non-Leadership"
"BLD-100430","Male","Egyptian","Not Tracked","35","35-44","Not Disclosed","G4","Staff","Non-Leadership"
"BLD-100432","Female","Filipino","Not Tracked","40","35-44","Not Disclosed","G2","Staff","Non-Leadership"
"BLD-100434","Male","Jordanian","Not Tracked","40","35-44","Not Disclosed","G3","Staff","Non-Leadership"
"BLD-100435","Male","Nepali","Not Tracked","29","25-34","Not Disclosed","G1","Staff","Non-Leadership"
"BLD-100436","Male","Indian","Not Tracked","57","55+","Not Disclosed","G1","Staff","Non-Leadership"
"BLD-100437","Male","Jordanian","Not Tracked","50","45-54","Not Disclosed","G8","Supervisory","Non-Leadership"
"BLD-100438","Male","Egyptian","Not Tracked","48","45-54","Not Disclosed","G1","Staff","Non-Leadership"
"BLD-100439","Female","Egyptian","Not Tracked","51","45-54","Not Disclosed","G5","Staff","Non-Leadership"
"BLD-100441","Male","Nepali","Not Tracked","44","35-44","Not Disclosed","G11","Managerial","Leadership"
"BLD-100442","Male","Egyptian","Not Tracked","60","55+","Not Disclosed","G1","Staff","Non-Leadership"
"BLD-100445","Female","Pakistani","Not Tracked","47","45-54","Not Disclosed","G11","Managerial","Leadership"
"BLD-100448","Female","Sri Lankan","Not Tracked","62","55+","Not Disclosed","G2","Staff","Non-Leadership"
"BLD-100450","Male","Egyptian","Not Tracked","50","45-54","Not Disclosed","G2","Staff","Non-Leadership"
"BLD-100451","Male","Indian","Not Tracked","57","55+","Not Disclosed","G3","Staff","Non-Leadership"
"BLD-100452","Female","Sri Lankan","Not Tracked","35","35-44","Not Disclosed","G6","Supervisory","Non-Leadership"
"BLD-100453","Female","Sri Lankan","Not Tracked","50","45-54","Not Disclosed","G4","Staff","Non-Leadership"
"BLD-100455","Male","Jordanian","Not Tracked","50","45-54","Not Disclosed","G10","Managerial","Leadership"
"BLD-100456","Male","Filipino","Not Tracked","41","35-44","Not Disclosed","G7","Supervisory","Non-Leadership"
"BLD-100457","Male","Qatari","Not Tracked","63","55+","Not Disclosed","G2","Staff","Non-Leadership"
"BLD-100458","Female","Egyptian","Not Tracked","57","55+","Not Disclosed","G9","Supervisory","Non-Leadership"
"BLD-100463","Female","Nepali","Not Tracked","41","35-44","Not Disclosed","G8","Supervisory","Non-Leadership"
"BLD-100464","Male","Egyptian","Not Tracked","47","45-54","Not Disclosed","G10","Managerial","Leadership"
"BLD-100465","Male","Egyptian","Not Tracked","48","45-54","Not Disclosed","G3","Staff","Non-Leadership"
"BLD-100466","Female","Jordanian","Not Tracked","55","55+","Not Disclosed","G3","Staff","Non-Leadership"
"BLD-100472","Male","Egyptian","Not Tracked","41","35-44","Not Disclosed","G2","Staff","Non-Leadership"
"BLD-100474","Male","Egyptian","Not Tracked","26","25-34","Not Disclosed","G7","Supervisory","Non-Leadership"
"BLD-100477","Male","Nepali","Not Tracked","31","25-34","Not Disclosed","G1","Staff","Non-Leadership"
"BLD-100478","Male","Egyptian","Not Tracked","33","25-34","Not Disclosed","G1","Staff","Non-Leadership"
"BLD-100480","Female","Egyptian","Not Tracked","41","35-44","Not Disclosed","G10","Managerial","Leadership"
"BLD-100481","Male","Egyptian","Not Tracked","58","55+","Not Disclosed","G8","Supervisory","Non-Leadership"
"BLD-100483","Male","Nepali","Not Tracked","38","35-44","Not Disclosed","G7","Supervisory","Non-Leadership"
"BLD-100484","Male","Egyptian","Not Tracked","34","25-34","Not Disclosed","G5","Staff","Non-Leadership"
"BLD-100485","Male","Egyptian","Not Tracked","38","35-44","Not Disclosed","G5","Staff","Non-Leadership"
"BLD-100488","Male","Indian","Not Tracked","60","55+","Not Disclosed","G10","Managerial","Leadership"
"BLD-100489","Male","Indian","Not Tracked","49","45-54","Not Disclosed","G5","Staff","Non-Leadership"
"BLD-100490","Male","Bangladeshi","Not Tracked","46","45-54","Not Disclosed","G10","Managerial","Leadership"
"BLD-100492","Female","Sudanese","Not Tracked","62","55+","Not Disclosed","G9","Supervisory","Non-Leadership"
"BLD-100494","Male","Egyptian","Not Tracked","54","45-54","Not Disclosed","G12","Managerial","Leadership"
"BLD-100496","Female","Pakistani","Not Tracked","55","55+","Not Disclosed","G9","Supervisory","Non-Leadership"
"BLD-100498","Male","Egyptian","Not Tracked","26","25-34","Not Disclosed","G3","Staff","Non-Leadership"
"BLD-100499","Male","Egyptian","Not Tracked","34","25-34","Not Disclosed","G12","Managerial","Leadership"
"BLD-100500","Male","Indian","Not Tracked","50","45-54","Not Disclosed","G10","Managerial","Leadership"
"BLD-100501","Male","Egyptian","Not Tracked","40","35-44","Not Disclosed","G7","Supervisory","Non-Leadership"
"BLD-100504","Female","Bangladeshi","Not Tracked","42","35-44","Not Disclosed","G12","Managerial","Leadership"
"BLD-100505","Male","Jordanian","Not Tracked","36","35-44","Not Disclosed","G10","Managerial","Leadership"
"BLD-100506","Male","Egyptian","Not Tracked","38","35-44","Not Disclosed","G9","Supervisory","Non-Leadership"
"BLD-100507","Male","Jordanian","Not Tracked","44","35-44","Not Disclosed","G2","Staff","Non-Leadership"
"BLD-100508","Male","Egyptian","Not Tracked","29","25-34","Not Disclosed","G9","Supervisory","Non-Leadership"
"BLD-100509","Female","Pakistani","Not Tracked","52","45-54","Not Disclosed","G6","Supervisory","Non-Leadership"
"BLD-100510","Female","Indian","Not Tracked","62","55+","Not Disclosed","G4","Staff","Non-Leadership"
"BLD-100512","Female","Egyptian","Not Tracked","44","35-44","Not Disclosed","G8","Supervisory","Non-Leadership"
"BLD-100513","Male","Nepali","Not Tracked","45","45-54","Not Disclosed","G8","Supervisory","Non-Leadership"
"BLD-100514","Female","Sri Lankan","Not Tracked","45","45-54","Not Disclosed","G2","Staff","Non-Leadership"
"BLD-100517","Male","Sri Lankan","Not Tracked","43","35-44","Not Disclosed","G1","Staff","Non-Leadership"
"BLD-100518","Male","Egyptian","Not Tracked","42","35-44","Not Disclosed","G4","Staff","Non-Leadership"
"BLD-100519","Female","Egyptian","Not Tracked","33","25-34","Not Disclosed","G2","Staff","Non-Leadership"
"BLD-100520","Male","Indian","Not Tracked","43","35-44","Not Disclosed","G7","Supervisory","Non-Leadership"
"BLD-100525","Female","Sudanese","Not Tracked","25","25-34","Not Disclosed","G3","Staff","Non-Leadership"
"BLD-100526","Male","Bangladeshi","Not Tracked","45","45-54","Not Disclosed","G7","Supervisory","Non-Leadership"
"BLD-100530","Female","Egyptian","Not Tracked","26","25-34","Not Disclosed","G4","Staff","Non-Leadership"
"BLD-100534","Female","Egyptian","Not Tracked","38","35-44","Not Disclosed","G2","Staff","Non-Leadership"
"BLD-100535","Male","Filipino","Not Tracked","59","55+","Not Disclosed","G4","Staff","Non-Leadership"
"BLD-100536","Male","Egyptian","Not Tracked","50","45-54","Not Disclosed","G9","Supervisory","Non-Leadership"
"BLD-100537","Male","Qatari","Not Tracked","34","25-34","Not Disclosed","G8","Supervisory","Non-Leadership"
"BLD-100538","Female","Nepali","Not Tracked","60","55+","Not Disclosed","G11","Managerial","Leadership"
"BLD-100541","Male","Egyptian","Not Tracked","39","35-44","Not Disclosed","G4","Staff","Non-Leadership"
"BLD-100545","Male","Qatari","Not Tracked","44","35-44","Not Disclosed","G10","Managerial","Leadership"
"BLD-100546","Female","Indian","Not Tracked","39","35-44","Not Disclosed","G1","Staff","Non-Leadership"
"BLD-100549","Male","Indian","Not Tracked","51","45-54","Not Disclosed","G9","Supervisory","Non-Leadership"
"BLD-100552","Male","Indian","Not Tracked","57","55+","Not Disclosed","G3","Staff","Non-Leadership"
"BLD-100554","Male","Egyptian","Not Tracked","51","45-54","Not Disclosed","G1","Staff","Non-Leadership"
"BLD-100555","Male","Pakistani","Not Tracked","53","45-54","Not Disclosed","G6","Supervisory","Non-Leadership"
"BLD-100556","Male","Nepali","Not Tracked","63","55+","Not Disclosed","G2","Staff","Non-Leadership"
"BLD-100557","Male","Nepali","Not Tracked","62","55+","Not Disclosed","G9","Supervisory","Non-Leadership"
"BLD-100559","Male","Egyptian","Not Tracked","43","35-44","Not Disclosed","G12","Managerial","Leadership"
"BLD-100562","Male","Indian","Not Tracked","28","25-34","Not Disclosed","G3","Staff","Non-Leadership"
"BLD-100565","Male","Egyptian","Not Tracked","42","35-44","Not Disclosed","G1","Staff","Non-Leadership"
"BLD-100569","Female","Pakistani","Not Tracked","64","55+","Not Disclosed","G3","Staff","Non-Leadership"
"BLD-100570","Female","Sri Lankan","Not Tracked","40","35-44","Not Disclosed","G1","Staff","Non-Leadership"
"BLD-100572","Male","Jordanian","Not Tracked","45","45-54","Not Disclosed","G9","Supervisory","Non-Leadership"
"BLD-100574","Male","Egyptian","Not Tracked","63","55+","Not Disclosed","G5","Staff","Non-Leadership"
"BLD-100575","Male","Pakistani","Not Tracked","57","55+","Not Disclosed","G4","Staff","Non-Leadership"
"BLD-100576","Female","Egyptian","Not Tracked","30","25-34","Not Disclosed","G10","Managerial","Leadership"
"BLD-100578","Male","Nepali","Not Tracked","24","<25","Not Disclosed","G12","Managerial","Leadership"
"BLD-100579","Male","Indian","Not Tracked","35","35-44","Not Disclosed","G3","Staff","Non-Leadership"
"BLD-100580","Female","Nepali","Not Tracked","43","35-44","Not Disclosed","G8","Supervisory","Non-Leadership"
"BLD-100581","Male","Nepali","Not Tracked","62","55+","Not Disclosed","G1","Staff","Non-Leadership"
"BLD-100583","Male","Egyptian","Not Tracked","37","35-44","Not Disclosed","G10","Managerial","Leadership"
"BLD-100584","Male","Filipino","Not Tracked","40","35-44","Not Disclosed","G6","Supervisory","Non-Leadership"
"BLD-100586","Male","Qatari","Not Tracked","40","35-44","Not Disclosed","G11","Managerial","Leadership"
"BLD-100587","Male","Indian","Not Tracked","27","25-34","Not Disclosed","G3","Staff","Non-Leadership"
"BLD-100589","Male","Filipino","Not Tracked","45","45-54","Not Disclosed","G1","Staff","Non-Leadership"
"BLD-100590","Female","Qatari","Not Tracked","23","<25","Not Disclosed","G2","Staff","Non-Leadership"
"BLD-100591","Male","Pakistani","Not Tracked","41","35-44","Not Disclosed","G1","Staff","Non-Leadership"
"BLD-100592","Female","Egyptian","Not Tracked","42","35-44","Not Disclosed","G6","Supervisory","Non-Leadership"
"BLD-100593","Male","Indian","Not Tracked","58","55+","Not Disclosed","G6","Supervisory","Non-Leadership"
"BLD-100594","Female","Filipino","Not Tracked","50","45-54","Not Disclosed","G6","Supervisory","Non-Leadership"
"BLD-100595","Male","Sudanese","Not Tracked","49","45-54","Not Disclosed","G1","Staff","Non-Leadership"
"BLD-100596","Male","Sri Lankan","Not Tracked","41","35-44","Not Disclosed","G2","Staff","Non-Leadership"
"BLD-100597","Male","Jordanian","Not Tracked","53","45-54","Not Disclosed","G9","Supervisory","Non-Leadership"
"BLD-100598","Male","Indian","Not Tracked","44","35-44","Not Disclosed","G6","Supervisory","Non-Leadership"
"BLD-100599","Female","Nepali","Not Tracked","58","55+","Not Disclosed","G6","Supervisory","Non-Leadership"
"BLD-100600","Male","Indian","Not Tracked","43","35-44","Not Disclosed","G12","Managerial","Leadership"
"BLD-100605","Male","Pakistani","Not Tracked","56","55+","Not Disclosed","G1","Staff","Non-Leadership"
"BLD-100608","Female","Sri Lankan","Not Tracked","23","<25","Not Disclosed","G7","Supervisory","Non-Leadership"
"BLD-100614","Male","Sudanese","Not Tracked","61","55+","Not Disclosed","G3","Staff","Non-Leadership"
"BLD-100615","Female","Indian","Not Tracked","42","35-44","Not Disclosed","G7","Supervisory","Non-Leadership"
"BLD-100621","Male","Pakistani","Not Tracked","29","25-34","Not Disclosed","G9","Supervisory","Non-Leadership"
"BLD-100622","Male","Nepali","Not Tracked","43","35-44","Not Disclosed","G1","Staff","Non-Leadership"
"BLD-100623","Male","Jordanian","Not Tracked","29","25-34","Not Disclosed","G4","Staff","Non-Leadership"
"BLD-100625","Female","Bangladeshi","Not Tracked","53","45-54","Not Disclosed","G9","Supervisory","Non-Leadership"
"BLD-100626","Male","Indian","Not Tracked","69","55+","Not Disclosed","G10","Managerial","Leadership"
"BLD-100627","Male","Pakistani","Not Tracked","47","45-54","Not Disclosed","G9","Supervisory","Non-Leadership"
"BLD-100633","Male","Egyptian","Not Tracked","65","55+","Not Disclosed","G3","Staff","Non-Leadership"
"BLD-100634","Female","Jordanian","Not Tracked","45","45-54","Not Disclosed","G6","Supervisory","Non-Leadership"
"BLD-100635","Male","Egyptian","Not Tracked","57","55+","Not Disclosed","G4","Staff","Non-Leadership"
"BLD-100637","Female","Pakistani","Not Tracked","58","55+","Not Disclosed","G7","Supervisory","Non-Leadership"
"BLD-100638","Female","Egyptian","Not Tracked","64","55+","Not Disclosed","G8","Supervisory","Non-Leadership"
"BLD-100641","Male","Qatari","Not Tracked","50","45-54","Not Disclosed","G4","Staff","Non-Leadership"
"BLD-100642","Male","Egyptian","Not Tracked","55","55+","Not Disclosed","G5","Staff","Non-Leadership"
"BLD-100644","Male","Egyptian","Not Tracked","43","35-44","Not Disclosed","G1","Staff","Non-Leadership"
"BLD-100646","Female","Pakistani","Not Tracked","41","35-44","Not Disclosed","G8","Supervisory","Non-Leadership"
"BLD-100648","Female","Nepali","Not Tracked","59","55+","Not Disclosed","G4","Staff","Non-Leadership"
"BLD-100649","Male","Egyptian","Not Tracked","32","25-34","Not Disclosed","G3","Staff","Non-Leadership"
"BLD-100650","Female","Bangladeshi","Not Tracked","38","35-44","Not Disclosed","G5","Staff","Non-Leadership"
"BLD-100654","Male","Bangladeshi","Not Tracked","59","55+","Not Disclosed","G5","Staff","Non-Leadership"
"BLD-100655","Female","Indian","Not Tracked","47","45-54","Not Disclosed","G4","Staff","Non-Leadership"
"BLD-100657","Male","Indian","Not Tracked","58","55+","Not Disclosed","G10","Managerial","Leadership"
"BLD-100659","Male","Sri Lankan","Not Tracked","26","25-34","Not Disclosed","G6","Supervisory","Non-Leadership"
"BLD-100661","Female","Sudanese","Not Tracked","53","45-54","Not Disclosed","G1","Staff","Non-Leadership"
"BLD-100664","Female","Qatari","Not Tracked","36","35-44","Not Disclosed","G5","Staff","Non-Leadership"
"BLD-100665","Male","Bangladeshi","Not Tracked","56","55+","Not Disclosed","G12","Managerial","Leadership"
"BLD-100666","Female","Sudanese","Not Tracked","57","55+","Not Disclosed","G4","Staff","Non-Leadership"
"BLD-100669","Female","Egyptian","Not Tracked","49","45-54","Not Disclosed","G1","Staff","Non-Leadership"
"BLD-100670","Male","Egyptian","Not Tracked","47","45-54","Not Disclosed","G9","Supervisory","Non-Leadership"
"BLD-100672","Male","Egyptian","Not Tracked","64","55+","Not Disclosed","G12","Managerial","Leadership"
"BLD-100673","Male","Egyptian","Not Tracked","34","25-34","Not Disclosed","G9","Supervisory","Non-Leadership"
"BLD-100674","Male","Egyptian","Not Tracked","52","45-54","Not Disclosed","G1","Staff","Non-Leadership"
"BLD-100675","Female","Bangladeshi","Not Tracked","56","55+","Not Disclosed","G9","Supervisory","Non-Leadership"
"BLD-100676","Male","Egyptian","Not Tracked","32","25-34","Not Disclosed","G10","Managerial","Leadership"
"BLD-100678","Male","Bangladeshi","Not Tracked","56","55+","Not Disclosed","G1","Staff","Non-Leadership"
"BLD-100679","Female","Filipino","Not Tracked","47","45-54","Not Disclosed","G9","Supervisory","Non-Leadership"
"BLD-100683","Female","Nepali","Not Tracked","50","45-54","Not Disclosed","G3","Staff","Non-Leadership"
"BLD-100685","Male","Indian","Not Tracked","55","55+","Not Disclosed","G2","Staff","Non-Leadership"
"BLD-100687","Female","Indian","Not Tracked","43","35-44","Not Disclosed","G5","Staff","Non-Leadership"
"BLD-100689","Male","Indian","Not Tracked","55","55+","Not Disclosed","G1","Staff","Non-Leadership"
"BLD-100690","Male","Egyptian","Not Tracked","57","55+","Not Disclosed","G7","Supervisory","Non-Leadership"
"BLD-100691","Female","Sri Lankan","Not Tracked","64","55+","Not Disclosed","G3","Staff","Non-Leadership"
"BLD-100692","Male","Jordanian","Not Tracked","59","55+","Not Disclosed","G8","Supervisory","Non-Leadership"
"BLD-100695","Male","Egyptian","Not Tracked","60","55+","Not Disclosed","G10","Managerial","Leadership"
"BLD-100697","Female","Filipino","Not Tracked","53","45-54","Not Disclosed","G11","Managerial","Leadership"
"BLD-100701","Female","Indian","Not Tracked","61","55+","Not Disclosed","G6","Supervisory","Non-Leadership"
"BLD-100702","Male","Indian","Not Tracked","54","45-54","Not Disclosed","G4","Staff","Non-Leadership"
"BLD-100703","Female","Egyptian","Not Tracked","56","55+","Not Disclosed","G8","Supervisory","Non-Leadership"
"BLD-100704","Male","Qatari","Not Tracked","44","35-44","Not Disclosed","G7","Supervisory","Non-Leadership"
"BLD-100705","Female","Jordanian","Not Tracked","26","25-34","Not Disclosed","G6","Supervisory","Non-Leadership"
"BLD-100706","Female","Jordanian","Not Tracked","43","35-44","Not Disclosed","G2","Staff","Non-Leadership"
"BLD-100708","Male","Egyptian","Not Tracked","45","45-54","Not Disclosed","G3","Staff","Non-Leadership"
"BLD-100709","Male","Nepali","Not Tracked","50","45-54","Not Disclosed","G7","Supervisory","Non-Leadership"
"BLD-100710","Male","Indian","Not Tracked","37","35-44","Not Disclosed","G6","Supervisory","Non-Leadership"
"BLD-100713","Male","Egyptian","Not Tracked","54","45-54","Not Disclosed","G1","Staff","Non-Leadership"
"BLD-100714","Male","Egyptian","Not Tracked","36","35-44","Not Disclosed","G10","Managerial","Leadership"
"BLD-100715","Male","Nepali","Not Tracked","28","25-34","Not Disclosed","G10","Managerial","Leadership"
"BLD-100717","Male","Filipino","Not Tracked","55","55+","Not Disclosed","G5","Staff","Non-Leadership"
"BLD-100718","Male","Egyptian","Not Tracked","38","35-44","Not Disclosed","G4","Staff","Non-Leadership"
"BLD-100719","Male","Indian","Not Tracked","30","25-34","Not Disclosed","G7","Supervisory","Non-Leadership"
"BLD-100722","Male","Egyptian","Not Tracked","49","45-54","Not Disclosed","G9","Supervisory","Non-Leadership"
"BLD-100725","Male","Bangladeshi","Not Tracked","27","25-34","Not Disclosed","G6","Supervisory","Non-Leadership"
"BLD-100726","Male","Pakistani","Not Tracked","40","35-44","Not Disclosed","G1","Staff","Non-Leadership"
"BLD-100727","Female","Indian","Not Tracked","33","25-34","Not Disclosed","G6","Supervisory","Non-Leadership"
"BLD-100729","Male","Egyptian","Not Tracked","37","35-44","Not Disclosed","G9","Supervisory","Non-Leadership"
"BLD-100730","Female","Indian","Not Tracked","44","35-44","Not Disclosed","G7","Supervisory","Non-Leadership"
"BLD-100731","Female","Nepali","Not Tracked","30","25-34","Not Disclosed","G9","Supervisory","Non-Leadership"
"BLD-100732","Male","Egyptian","Not Tracked","43","35-44","Not Disclosed","G2","Staff","Non-Leadership"
"BLD-100733","Male","Jordanian","Not Tracked","46","45-54","Not Disclosed","G1","Staff","Non-Leadership"
"BLD-100734","Male","Indian","Not Tracked","51","45-54","Not Disclosed","G8","Supervisory","Non-Leadership"
"BLD-100735","Male","Filipino","Not Tracked","55","55+","Not Disclosed","G8","Supervisory","Non-Leadership"
"BLD-100738","Female","Filipino","Not Tracked","37","35-44","Not Disclosed","G12","Managerial","Leadership"
"BLD-100741","Female","Nepali","Not Tracked","61","55+","Not Disclosed","G1","Staff","Non-Leadership"
"BLD-100742","Male","Indian","Not Tracked","28","25-34","Not Disclosed","G3","Staff","Non-Leadership"
"BLD-100743","Male","Indian","Not Tracked","29","25-34","Not Disclosed","G11","Managerial","Leadership"
"BLD-100744","Male","Nepali","Not Tracked","30","25-34","Not Disclosed","G11","Managerial","Leadership"
"BLD-100745","Female","Indian","Not Tracked","42","35-44","Not Disclosed","G8","Supervisory","Non-Leadership"
"BLD-100747","Male","Egyptian","Not Tracked","35","35-44","Not Disclosed","G2","Staff","Non-Leadership"
"BLD-100749","Male","Egyptian","Not Tracked","45","45-54","Not Disclosed","G6","Supervisory","Non-Leadership"
"BLD-100750","Male","Egyptian","Not Tracked","50","45-54","Not Disclosed","G1","Staff","Non-Leadership"
"BLD-100752","Male","Filipino","Not Tracked","40","35-44","Not Disclosed","G2","Staff","Non-Leadership"
"BLD-100753","Male","Jordanian","Not Tracked","59","55+","Not Disclosed","G8","Supervisory","Non-Leadership"
"BLD-100754","Female","Egyptian","Not Tracked","58","55+","Not Disclosed","G6","Supervisory","Non-Leadership"
"BLD-100757","Male","Indian","Not Tracked","35","35-44","Not Disclosed","G2","Staff","Non-Leadership"
"BLD-100758","Male","Indian","Not Tracked","63","55+","Not Disclosed","G9","Supervisory","Non-Leadership"
"BLD-100759","Male","Bangladeshi","Not Tracked","33","25-34","Not Disclosed","G3","Staff","Non-Leadership"
"BLD-100760","Male","Filipino","Not Tracked","45","45-54","Not Disclosed","G5","Staff","Non-Leadership"
"BLD-100763","Male","Sudanese","Not Tracked","29","25-34","Not Disclosed","G13","Executive","Leadership"
"BLD-100765","Male","Indian","Not Tracked","45","45-54","Not Disclosed","G1","Staff","Non-Leadership"
"BLD-100766","Female","Indian","Not Tracked","64","55+","Not Disclosed","G14","Executive","Leadership"
"BLD-100769","Male","Bangladeshi","Not Tracked","68","55+","Not Disclosed","G5","Staff","Non-Leadership"
"BLD-100772","Male","Sudanese","Not Tracked","30","25-34","Not Disclosed","G7","Supervisory","Non-Leadership"
"BLD-100773","Female","Egyptian","Not Tracked","37","35-44","Not Disclosed","G7","Supervisory","Non-Leadership"
"BLD-100774","Male","Nepali","Not Tracked","60","55+","Not Disclosed","G1","Staff","Non-Leadership"
"BLD-100776","Female","Qatari","Not Tracked","52","45-54","Not Disclosed","G12","Managerial","Leadership"
"BLD-100777","Male","Sudanese","Not Tracked","31","25-34","Not Disclosed","G2","Staff","Non-Leadership"
"BLD-100779","Male","Egyptian","Not Tracked","49","45-54","Not Disclosed","G6","Supervisory","Non-Leadership"
"BLD-100781","Male","Egyptian","Not Tracked","60","55+","Not Disclosed","G6","Supervisory","Non-Leadership"
"BLD-100782","Male","Indian","Not Tracked","30","25-34","Not Disclosed","G8","Supervisory","Non-Leadership"
"BLD-100783","Male","Sri Lankan","Not Tracked","45","45-54","Not Disclosed","G1","Staff","Non-Leadership"
"BLD-100786","Male","Nepali","Not Tracked","62","55+","Not Disclosed","G6","Supervisory","Non-Leadership"
"BLD-100788","Male","Pakistani","Not Tracked","46","45-54","Not Disclosed","G2","Staff","Non-Leadership"
"BLD-100789","Male","Egyptian","Not Tracked","31","25-34","Not Disclosed","G10","Managerial","Leadership"
"BLD-100793","Male","Egyptian","Not Tracked","53","45-54","Not Disclosed","G3","Staff","Non-Leadership"
"BLD-100794","Male","Nepali","Not Tracked","42","35-44","Not Disclosed","G4","Staff","Non-Leadership"
"BLD-100795","Male","Egyptian","Not Tracked","54","45-54","Not Disclosed","G6","Supervisory","Non-Leadership"
"BLD-100797","Male","Indian","Not Tracked","39","35-44","Not Disclosed","G7","Supervisory","Non-Leadership"
"BLD-100799","Male","Indian","Not Tracked","33","25-34","Not Disclosed","G10","Managerial","Leadership"
"BLD-100800","Male","Jordanian","Not Tracked","45","45-54","Not Disclosed","G12","Managerial","Leadership"
"BLD-100802","Male","Pakistani","Not Tracked","37","35-44","Not Disclosed","G6","Supervisory","Non-Leadership"
"BLD-100804","Male","Indian","Not Tracked","59","55+","Not Disclosed","G12","Managerial","Leadership"
"BLD-100806","Male","Egyptian","Not Tracked","29","25-34","Not Disclosed","G11","Managerial","Leadership"
"BLD-100809","Female","Jordanian","Not Tracked","39","35-44","Not Disclosed","G1","Staff","Non-Leadership"
"BLD-100810","Male","Nepali","Not Tracked","61","55+","Not Disclosed","G9","Supervisory","Non-Leadership"
"BLD-100811","Male","Filipino","Not Tracked","34","25-34","Not Disclosed","G1","Staff","Non-Leadership"
"BLD-100814","Male","Nepali","Not Tracked","49","45-54","Not Disclosed","G7","Supervisory","Non-Leadership"
"BLD-100815","Male","Egyptian","Not Tracked","60","55+","Not Disclosed","G6","Supervisory","Non-Leadership"
"BLD-100816","Male","Filipino","Not Tracked","54","45-54","Not Disclosed","G2","Staff","Non-Leadership"
"BLD-100817","Male","Egyptian","Not Tracked","45","45-54","Not Disclosed","G1","Staff","Non-Leadership"
"BLD-100820","Male","Egyptian","Not Tracked","32","25-34","Not Disclosed","G7","Supervisory","Non-Leadership"
"BLD-100821","Male","Filipino","Not Tracked","40","35-44","Not Disclosed","G3","Staff","Non-Leadership"
"BLD-100824","Male","Egyptian","Not Tracked","48","45-54","Not Disclosed","G13","Executive","Leadership"
"BLD-100825","Male","Nepali","Not Tracked","24","<25","Not Disclosed","G2","Staff","Non-Leadership"
"BLD-100826","Male","Egyptian","Not Tracked","48","45-54","Not Disclosed","G7","Supervisory","Non-Leadership"
"BLD-100827","Female","Filipino","Not Tracked","32","25-34","Not Disclosed","G3","Staff","Non-Leadership"
"BLD-100831","Male","Filipino","Not Tracked","55","55+","Not Disclosed","G8","Supervisory","Non-Leadership"
"BLD-100833","Male","Jordanian","Not Tracked","47","45-54","Not Disclosed","G2","Staff","Non-Leadership"
"BLD-100834","Male","Bangladeshi","Not Tracked","57","55+","Not Disclosed","G1","Staff","Non-Leadership"
"BLD-100835","Male","Egyptian","Not Tracked","36","35-44","Not Disclosed","G9","Supervisory","Non-Leadership"
"BLD-100838","Male","Qatari","Not Tracked","54","45-54","Not Disclosed","G3","Staff","Non-Leadership"
"BLD-100839","Female","Egyptian","Not Tracked","61","55+","Not Disclosed","G5","Staff","Non-Leadership"
"BLD-100840","Female","Jordanian","Not Tracked","34","25-34","Not Disclosed","G5","Staff","Non-Leadership"
"BLD-100842","Female","Qatari","Not Tracked","32","25-34","Not Disclosed","G12","Managerial","Leadership"
"BLD-100843","Female","Bangladeshi","Not Tracked","31","25-34","Not Disclosed","G1","Staff","Non-Leadership"
"BLD-100848","Female","Nepali","Not Tracked","33","25-34","Not Disclosed","G3","Staff","Non-Leadership"
"BLD-100850","Male","Jordanian","Not Tracked","27","25-34","Not Disclosed","G10","Managerial","Leadership"
"BLD-100853","Male","Nepali","Not Tracked","57","55+","Not Disclosed","G7","Supervisory","Non-Leadership"
"BLD-100854","Male","Sri Lankan","Not Tracked","36","35-44","Not Disclosed","G2","Staff","Non-Leadership"
"BLD-100855","Female","Egyptian","Not Tracked","28","25-34","Not Disclosed","G8","Supervisory","Non-Leadership"
"BLD-100858","Male","Egyptian","Not Tracked","57","55+","Not Disclosed","G4","Staff","Non-Leadership"
"BLD-100859","Male","Egyptian","Not Tracked","33","25-34","Not Disclosed","G6","Supervisory","Non-Leadership"
"BLD-100860","Male","Pakistani","Not Tracked","56","55+","Not Disclosed","G12","Managerial","Leadership"
"BLD-100861","Female","Egyptian","Not Tracked","36","35-44","Not Disclosed","G13","Executive","Leadership"
"BLD-100862","Male","Qatari","Not Tracked","36","35-44","Not Disclosed","G9","Supervisory","Non-Leadership"
"BLD-100863","Male","Indian","Not Tracked","30","25-34","Not Disclosed","G3","Staff","Non-Leadership"
"BLD-100864","Male","Jordanian","Not Tracked","46","45-54","Not Disclosed","G7","Supervisory","Non-Leadership"
"BLD-100867","Male","Pakistani","Not Tracked","38","35-44","Not Disclosed","G6","Supervisory","Non-Leadership"
"BLD-100868","Male","Egyptian","Not Tracked","36","35-44","Not Disclosed","G8","Supervisory","Non-Leadership"
"BLD-100869","Male","Filipino","Not Tracked","53","45-54","Not Disclosed","G6","Supervisory","Non-Leadership"
"BLD-100870","Male","Indian","Not Tracked","23","<25","Not Disclosed","G7","Supervisory","Non-Leadership"
"BLD-100873","Female","Egyptian","Not Tracked","64","55+","Not Disclosed","G5","Staff","Non-Leadership"
"BLD-100874","Male","Pakistani","Not Tracked","56","55+","Not Disclosed","G1","Staff","Non-Leadership"
"BLD-100875","Female","Egyptian","Not Tracked","55","55+","Not Disclosed","G1","Staff","Non-Leadership"
"BLD-100877","Male","Egyptian","Not Tracked","55","55+","Not Disclosed","G2","Staff","Non-Leadership"
"BLD-100878","Female","Jordanian","Not Tracked","36","35-44","Not Disclosed","G10","Managerial","Leadership"
"BLD-100880","Male","Sudanese","Not Tracked","50","45-54","Not Disclosed","G5","Staff","Non-Leadership"
"BLD-100882","Female","Sudanese","Not Tracked","37","35-44","Not Disclosed","G2","Staff","Non-Leadership"
"BLD-100883","Male","Sri Lankan","Not Tracked","43","35-44","Not Disclosed","G1","Staff","Non-Leadership"
"BLD-100884","Male","Nepali","Not Tracked","46","45-54","Not Disclosed","G14","Executive","Leadership"
"BLD-100885","Male","Pakistani","Not Tracked","30","25-34","Not Disclosed","G2","Staff","Non-Leadership"
"BLD-100886","Male","Egyptian","Not Tracked","58","55+","Not Disclosed","G3","Staff","Non-Leadership"
"BLD-100887","Male","Indian","Not Tracked","56","55+","Not Disclosed","G6","Supervisory","Non-Leadership"
"BLD-100889","Female","Egyptian","Not Tracked","47","45-54","Not Disclosed","G8","Supervisory","Non-Leadership"
"BLD-100891","Male","Sri Lankan","Not Tracked","53","45-54","Not Disclosed","G11","Managerial","Leadership"
"BLD-100892","Male","Nepali","Not Tracked","28","25-34","Not Disclosed","G2","Staff","Non-Leadership"
"BLD-100893","Female","Egyptian","Not Tracked","60","55+","Not Disclosed","G2","Staff","Non-Leadership"
"BLD-100895","Female","Egyptian","Not Tracked","56","55+","Not Disclosed","G9","Supervisory","Non-Leadership"
"BLD-100896","Female","Filipino","Not Tracked","50","45-54","Not Disclosed","G9","Supervisory","Non-Leadership"
"BLD-100897","Female","Sri Lankan","Not Tracked","59","55+","Not Disclosed","G10","Managerial","Leadership"
"BLD-100898","Female","Egyptian","Not Tracked","37","35-44","Not Disclosed","G1","Staff","Non-Leadership"
"BLD-100902","Female","Jordanian","Not Tracked","33","25-34","Not Disclosed","G10","Managerial","Leadership"
"BLD-100904","Female","Indian","Not Tracked","36","35-44","Not Disclosed","G4","Staff","Non-Leadership"
"BLD-100905","Male","Filipino","Not Tracked","54","45-54","Not Disclosed","G7","Supervisory","Non-Leadership"
"BLD-100906","Male","Indian","Not Tracked","58","55+","Not Disclosed","G4","Staff","Non-Leadership"
"BLD-100908","Female","Sri Lankan","Not Tracked","47","45-54","Not Disclosed","G11","Managerial","Leadership"
"BLD-100910","Male","Pakistani","Not Tracked","39","35-44","Not Disclosed","G2","Staff","Non-Leadership"
"BLD-100911","Male","Indian","Not Tracked","48","45-54","Not Disclosed","G1","Staff","Non-Leadership"
"BLD-100912","Male","Indian","Not Tracked","60","55+","Not Disclosed","G7","Supervisory","Non-Leadership"
"BLD-100914","Male","Nepali","Not Tracked","45","45-54","Not Disclosed","G6","Supervisory","Non-Leadership"
"BLD-100915","Male","Sri Lankan","Not Tracked","24","<25","Not Disclosed","G9","Supervisory","Non-Leadership"
"BLD-100916","Female","Sri Lankan","Not Tracked","58","55+","Not Disclosed","G10","Managerial","Leadership"
"BLD-100917","Male","Egyptian","Not Tracked","61","55+","Not Disclosed","G6","Supervisory","Non-Leadership"
"BLD-100920","Male","Egyptian","Not Tracked","47","45-54","Not Disclosed","G1","Staff","Non-Leadership"
"BLD-100924","Male","Pakistani","Not Tracked","58","55+","Not Disclosed","G1","Staff","Non-Leadership"
"BLD-100925","Male","Sri Lankan","Not Tracked","54","45-54","Not Disclosed","G6","Supervisory","Non-Leadership"
"BLD-100926","Female","Bangladeshi","Not Tracked","55","55+","Not Disclosed","G6","Supervisory","Non-Leadership"
"BLD-100927","Male","Qatari","Not Tracked","59","55+","Not Disclosed","G1","Staff","Non-Leadership"
"BLD-100928","Female","Egyptian","Not Tracked","50","45-54","Not Disclosed","G9","Supervisory","Non-Leadership"
"BLD-100930","Male","Indian","Not Tracked","34","25-34","Not Disclosed","G11","Managerial","Leadership"
"BLD-100931","Male","Filipino","Not Tracked","49","45-54","Not Disclosed","G11","Managerial","Leadership"
"BLD-100936","Male","Qatari","Not Tracked","47","45-54","Not Disclosed","G1","Staff","Non-Leadership"
"BLD-100937","Female","Jordanian","Not Tracked","56","55+","Not Disclosed","G8","Supervisory","Non-Leadership"
"BLD-100944","Male","Sri Lankan","Not Tracked","32","25-34","Not Disclosed","G6","Supervisory","Non-Leadership"
"BLD-100948","Male","Filipino","Not Tracked","56","55+","Not Disclosed","G3","Staff","Non-Leadership"
"BLD-100949","Female","Egyptian","Not Tracked","51","45-54","Not Disclosed","G8","Supervisory","Non-Leadership"
"BLD-100951","Female","Egyptian","Not Tracked","63","55+","Not Disclosed","G10","Managerial","Leadership"
"BLD-100953","Male","Egyptian","Not Tracked","45","45-54","Not Disclosed","G2","Staff","Non-Leadership"
"BLD-100959","Male","Sudanese","Not Tracked","57","55+","Not Disclosed","G1","Staff","Non-Leadership"
"BLD-100960","Male","Egyptian","Not Tracked","57","55+","Not Disclosed","G3","Staff","Non-Leadership"
"BLD-100961","Male","Filipino","Not Tracked","26","25-34","Not Disclosed","G8","Supervisory","Non-Leadership"
"BLD-100962","Female","Pakistani","Not Tracked","63","55+","Not Disclosed","G2","Staff","Non-Leadership"
"BLD-100966","Male","Jordanian","Not Tracked","55","55+","Not Disclosed","G1","Staff","Non-Leadership"
"BLD-100970","Male","Nepali","Not Tracked","51","45-54","Not Disclosed","G2","Staff","Non-Leadership"
"BLD-100971","Female","Egyptian","Not Tracked","60","55+","Not Disclosed","G3","Staff","Non-Leadership"
"BLD-100972","Male","Egyptian","Not Tracked","32","25-34","Not Disclosed","G4","Staff","Non-Leadership"
"BLD-100973","Male","Egyptian","Not Tracked","31","25-34","Not Disclosed","G2","Staff","Non-Leadership"
"BLD-100975","Male","Egyptian","Not Tracked","64","55+","Not Disclosed","G5","Staff","Non-Leadership"
"BLD-100976","Female","Egyptian","Not Tracked","55","55+","Not Disclosed","G10","Managerial","Leadership"
"BLD-100977","Male","Bangladeshi","Not Tracked","39","35-44","Not Disclosed","G1","Staff","Non-Leadership"
"BLD-100980","Male","Indian","Not Tracked","53","45-54","Not Disclosed","G6","Supervisory","Non-Leadership"
"BLD-100981","Male","Jordanian","Not Tracked","60","55+","Not Disclosed","G11","Managerial","Leadership"
"BLD-100982","Male","Egyptian","Not Tracked","55","55+","Not Disclosed","G8","Supervisory","Non-Leadership"
"BLD-100983","Female","Egyptian","Not Tracked","51","45-54","Not Disclosed","G6","Supervisory","Non-Leadership"
"BLD-100989","Female","Indian","Not Tracked","61","55+","Not Disclosed","G7","Supervisory","Non-Leadership"
"BLD-100992","Male","Egyptian","Not Tracked","47","45-54","Not Disclosed","G6","Supervisory","Non-Leadership"
"BLD-100993","Male","Egyptian","Not Tracked","50","45-54","Not Disclosed","G10","Managerial","Leadership"
"BLD-100994","Male","Sri Lankan","Not Tracked","24","<25","Not Disclosed","G12","Managerial","Leadership"
"BLD-100995","Male","Sri Lankan","Not Tracked","48","45-54","Not Disclosed","G5","Staff","Non-Leadership"
"BLD-100999","Male","Egyptian","Not Tracked","52","45-54","Not Disclosed","G1","Staff","Non-Leadership"
"BLD-101000","Female","Nepali","Not Tracked","56","55+","Not Disclosed","G6","Supervisory","Non-Leadership"
"BLD-101001","Female","Egyptian","Not Tracked","36","35-44","Not Disclosed","G11","Managerial","Leadership"
"BLD-101006","Male","Egyptian","Not Tracked","50","45-54","Not Disclosed","G1","Staff","Non-Leadership"
"BLD-101009","Male","Egyptian","Not Tracked","34","25-34","Not Disclosed","G10","Managerial","Leadership"
"BLD-101010","Female","Indian","Not Tracked","48","45-54","Not Disclosed","G1","Staff","Non-Leadership"
"BLD-101012","Male","Jordanian","Not Tracked","36","35-44","Not Disclosed","G12","Managerial","Leadership"
"BLD-101013","Male","Egyptian","Not Tracked","43","35-44","Not Disclosed","G12","Managerial","Leadership"
"BLD-101014","Male","Pakistani","Not Tracked","41","35-44","Not Disclosed","G12","Managerial","Leadership"
"BLD-101016","Male","Egyptian","Not Tracked","27","25-34","Not Disclosed","G1","Staff","Non-Leadership"
"BLD-101017","Male","Filipino","Not Tracked","45","45-54","Not Disclosed","G3","Staff","Non-Leadership"
"BLD-101018","Female","Indian","Not Tracked","47","45-54","Not Disclosed","G11","Managerial","Leadership"
"BLD-101021","Male","Sri Lankan","Not Tracked","52","45-54","Not Disclosed","G11","Managerial","Leadership"
"BLD-101023","Male","Indian","Not Tracked","48","45-54","Not Disclosed","G2","Staff","Non-Leadership"
"BLD-101024","Female","Qatari","Not Tracked","59","55+","Not Disclosed","G7","Supervisory","Non-Leadership"
"BLD-101027","Female","Egyptian","Not Tracked","57","55+","Not Disclosed","G1","Staff","Non-Leadership"
"BLD-101028","Female","Indian","Not Tracked","41","35-44","Not Disclosed","G7","Supervisory","Non-Leadership"
"BLD-101030","Female","Filipino","Not Tracked","44","35-44","Not Disclosed","G12","Managerial","Leadership"
"BLD-101031","Male","Egyptian","Not Tracked","47","45-54","Not Disclosed","G5","Staff","Non-Leadership"
"BLD-101032","Male","Filipino","Not Tracked","39","35-44","Not Disclosed","G5","Staff","Non-Leadership"
"BLD-101033","Male","Pakistani","Not Tracked","34","25-34","Not Disclosed","G8","Supervisory","Non-Leadership"
"BLD-101038","Male","Bangladeshi","Not Tracked","24","<25","Not Disclosed","G1","Staff","Non-Leadership"
"BLD-101039","Male","Indian","Not Tracked","50","45-54","Not Disclosed","G8","Supervisory","Non-Leadership"
"BLD-101040","Male","Egyptian","Not Tracked","53","45-54","Not Disclosed","G8","Supervisory","Non-Leadership"
"BLD-101041","Female","Egyptian","Not Tracked","52","45-54","Not Disclosed","G9","Supervisory","Non-Leadership"
"BLD-101042","Male","Indian","Not Tracked","36","35-44","Not Disclosed","G7","Supervisory","Non-Leadership"
"BLD-101043","Male","Indian","Not Tracked","52","45-54","Not Disclosed","G3","Staff","Non-Leadership"
"BLD-101045","Female","Nepali","Not Tracked","45","45-54","Not Disclosed","G11","Managerial","Leadership"
"BLD-101048","Female","Egyptian","Not Tracked","57","55+","Not Disclosed","G7","Supervisory","Non-Leadership"
"BLD-101049","Female","Indian","Not Tracked","26","25-34","Not Disclosed","G2","Staff","Non-Leadership"
"BLD-101051","Female","Sudanese","Not Tracked","37","35-44","Not Disclosed","G1","Staff","Non-Leadership"
"BLD-101052","Male","Egyptian","Not Tracked","38","35-44","Not Disclosed","G8","Supervisory","Non-Leadership"
"BLD-101053","Female","Filipino","Not Tracked","24","<25","Not Disclosed","G11","Managerial","Leadership"
"BLD-101056","Female","Indian","Not Tracked","55","55+","Not Disclosed","G4","Staff","Non-Leadership"
"BLD-101057","Male","Egyptian","Not Tracked","41","35-44","Not Disclosed","G10","Managerial","Leadership"
"BLD-101059","Male","Egyptian","Not Tracked","38","35-44","Not Disclosed","G4","Staff","Non-Leadership"
"BLD-101060","Male","Pakistani","Not Tracked","49","45-54","Not Disclosed","G4","Staff","Non-Leadership"
"BLD-101062","Male","Pakistani","Not Tracked","35","35-44","Not Disclosed","G8","Supervisory","Non-Leadership"
"BLD-101063","Female","Egyptian","Not Tracked","26","25-34","Not Disclosed","G9","Supervisory","Non-Leadership"
"BLD-101065","Male","Indian","Not Tracked","28","25-34","Not Disclosed","G6","Supervisory","Non-Leadership"
"BLD-101066","Male","Indian","Not Tracked","47","45-54","Not Disclosed","G8","Supervisory","Non-Leadership"
"BLD-101067","Male","Nepali","Not Tracked","47","45-54","Not Disclosed","G8","Supervisory","Non-Leadership"
"BLD-101068","Male","Egyptian","Not Tracked","48","45-54","Not Disclosed","G1","Staff","Non-Leadership"
"BLD-101069","Female","Sudanese","Not Tracked","51","45-54","Not Disclosed","G9","Supervisory","Non-Leadership"
"BLD-101070","Male","Sri Lankan","Not Tracked","44","35-44","Not Disclosed","G11","Managerial","Leadership"
"BLD-101073","Female","Indian","Not Tracked","49","45-54","Not Disclosed","G6","Supervisory","Non-Leadership"
"BLD-101074","Male","Jordanian","Not Tracked","56","55+","Not Disclosed","G6","Supervisory","Non-Leadership"
"BLD-101075","Female","Egyptian","Not Tracked","50","45-54","Not Disclosed","G1","Staff","Non-Leadership"
"BLD-101077","Female","Sri Lankan","Not Tracked","49","45-54","Not Disclosed","G2","Staff","Non-Leadership"
"BLD-101079","Male","Sri Lankan","Not Tracked","35","35-44","Not Disclosed","G9","Supervisory","Non-Leadership"
"BLD-101081","Male","Egyptian","Not Tracked","24","<25","Not Disclosed","G10","Managerial","Leadership"
"BLD-101082","Male","Pakistani","Not Tracked","40","35-44","Not Disclosed","G2","Staff","Non-Leadership"
"BLD-101083","Female","Egyptian","Not Tracked","40","35-44","Not Disclosed","G1","Staff","Non-Leadership"
"BLD-101084","Male","Egyptian","Not Tracked","31","25-34","Not Disclosed","G10","Managerial","Leadership"
"BLD-101085","Male","Filipino","Not Tracked","22","<25","Not Disclosed","G9","Supervisory","Non-Leadership"
"BLD-101087","Female","Nepali","Not Tracked","51","45-54","Not Disclosed","G6","Supervisory","Non-Leadership"
"BLD-101090","Male","Indian","Not Tracked","23","<25","Not Disclosed","G5","Staff","Non-Leadership"
"BLD-101091","Male","Egyptian","Not Tracked","55","55+","Not Disclosed","G3","Staff","Non-Leadership"
"BLD-101094","Male","Filipino","Not Tracked","49","45-54","Not Disclosed","G8","Supervisory","Non-Leadership"
"BLD-101096","Male","Egyptian","Not Tracked","52","45-54","Not Disclosed","G3","Staff","Non-Leadership"
"BLD-101098","Male","Bangladeshi","Not Tracked","52","45-54","Not Disclosed","G2","Staff","Non-Leadership"
"BLD-101099","Male","Egyptian","Not Tracked","48","45-54","Not Disclosed","G1","Staff","Non-Leadership"
"BLD-101101","Female","Pakistani","Not Tracked","38","35-44","Not Disclosed","G1","Staff","Non-Leadership"
"BLD-101103","Female","Jordanian","Not Tracked","33","25-34","Not Disclosed","G4","Staff","Non-Leadership"
"BLD-101104","Male","Egyptian","Not Tracked","40","35-44","Not Disclosed","G6","Supervisory","Non-Leadership"
"BLD-101105","Female","Egyptian","Not Tracked","43","35-44","Not Disclosed","G10","Managerial","Leadership"
"BLD-101108","Male","Egyptian","Not Tracked","39","35-44","Not Disclosed","G7","Supervisory","Non-Leadership"
"BLD-101109","Male","Sri Lankan","Not Tracked","26","25-34","Not Disclosed","G9","Supervisory","Non-Leadership"
"BLD-101110","Male","Indian","Not Tracked","20","<25","Not Disclosed","G5","Staff","Non-Leadership"
"BLD-101111","Male","Nepali","Not Tracked","45","45-54","Not Disclosed","G1","Staff","Non-Leadership"
"BLD-101112","Female","Nepali","Not Tracked","26","25-34","Not Disclosed","G6","Supervisory","Non-Leadership"
"BLD-101115","Male","Egyptian","Not Tracked","26","25-34","Not Disclosed","G8","Supervisory","Non-Leadership"
"BLD-101116","Female","Jordanian","Not Tracked","30","25-34","Not Disclosed","G5","Staff","Non-Leadership"
"BLD-101117","Male","Jordanian","Not Tracked","31","25-34","Not Disclosed","G1","Staff","Non-Leadership"
"BLD-101120","Female","Egyptian","Not Tracked","47","45-54","Not Disclosed","G2","Staff","Non-Leadership"
"BLD-101124","Female","Filipino","Not Tracked","21","<25","Not Disclosed","G7","Supervisory","Non-Leadership"
"BLD-101125","Male","Sudanese","Not Tracked","22","<25","Not Disclosed","G8","Supervisory","Non-Leadership"
"BLD-101126","Male","Nepali","Not Tracked","44","35-44","Not Disclosed","G11","Managerial","Leadership"
"BLD-101127","Female","Egyptian","Not Tracked","47","45-54","Not Disclosed","G3","Staff","Non-Leadership"
"BLD-101128","Male","Egyptian","Not Tracked","31","25-34","Not Disclosed","G13","Executive","Leadership"
"BLD-101129","Female","Egyptian","Not Tracked","30","25-34","Not Disclosed","G6","Supervisory","Non-Leadership"
"BLD-101130","Male","Egyptian","Not Tracked","44","35-44","Not Disclosed","G2","Staff","Non-Leadership"
"BLD-101131","Female","Egyptian","Not Tracked","51","45-54","Not Disclosed","G3","Staff","Non-Leadership"
"BLD-101133","Female","Egyptian","Not Tracked","38","35-44","Not Disclosed","G10","Managerial","Leadership"
"BLD-101135","Female","Pakistani","Not Tracked","33","25-34","Not Disclosed","G3","Staff","Non-Leadership"
"BLD-101136","Male","Indian","Not Tracked","47","45-54","Not Disclosed","G10","Managerial","Leadership"
"BLD-101137","Male","Egyptian","Not Tracked","29","25-34","Not Disclosed","G3","Staff","Non-Leadership"
"BLD-101138","Male","Nepali","Not Tracked","25","25-34","Not Disclosed","G7","Supervisory","Non-Leadership"
"BLD-101139","Female","Nepali","Not Tracked","33","25-34","Not Disclosed","G4","Staff","Non-Leadership"
"BLD-101140","Male","Nepali","Not Tracked","27","25-34","Not Disclosed","G3","Staff","Non-Leadership"
"BLD-101141","Female","Egyptian","Not Tracked","54","45-54","Not Disclosed","G8","Supervisory","Non-Leadership"
"BLD-101143","Female","Nepali","Not Tracked","22","<25","Not Disclosed","G11","Managerial","Leadership"
"BLD-101144","Female","Pakistani","Not Tracked","23","<25","Not Disclosed","G1","Staff","Non-Leadership"
"BLD-101145","Female","Pakistani","Not Tracked","22","<25","Not Disclosed","G3","Staff","Non-Leadership"
"BLD-101146","Male","Indian","Not Tracked","28","25-34","Not Disclosed","G3","Staff","Non-Leadership"
"BLD-101147","Male","Pakistani","Not Tracked","26","25-34","Not Disclosed","G13","Executive","Leadership"
"BLD-101148","Male","Filipino","Not Tracked","51","45-54","Not Disclosed","G9","Supervisory","Non-Leadership"
"BLD-101149","Female","Filipino","Not Tracked","41","35-44","Not Disclosed","G8","Supervisory","Non-Leadership"
"BLD-101150","Male","Nepali","Not Tracked","34","25-34","Not Disclosed","G10","Managerial","Leadership"
"BLD-101151","Female","Egyptian","Not Tracked","37","35-44","Not Disclosed","G9","Supervisory","Non-Leadership"
"BLD-101152","Male","Sri Lankan","Not Tracked","35","35-44","Not Disclosed","G4","Staff","Non-Leadership"
"BLD-101153","Male","Qatari","Not Tracked","28","25-34","Not Disclosed","G7","Supervisory","Non-Leadership"
"BLD-101154","Male","Egyptian","Not Tracked","38","35-44","Not Disclosed","G11","Managerial","Leadership"
"BLD-101156","Male","Pakistani","Not Tracked","29","25-34","Not Disclosed","G1","Staff","Non-Leadership"
"BLD-101158","Male","Jordanian","Not Tracked","49","45-54","Not Disclosed","G9","Supervisory","Non-Leadership"
"BLD-101159","Male","Bangladeshi","Not Tracked","47","45-54","Not Disclosed","G4","Staff","Non-Leadership"
"BLD-101160","Male","Sri Lankan","Not Tracked","51","45-54","Not Disclosed","G10","Managerial","Leadership"
"BLD-101161","Male","Pakistani","Not Tracked","44","35-44","Not Disclosed","G7","Supervisory","Non-Leadership"
"BLD-101163","Male","Pakistani","Not Tracked","44","35-44","Not Disclosed","G7","Supervisory","Non-Leadership"
"BLD-101165","Female","Nepali","Not Tracked","39","35-44","Not Disclosed","G6","Supervisory","Non-Leadership"
"BLD-101168","Male","Nepali","Not Tracked","41","35-44","Not Disclosed","G2","Staff","Non-Leadership"
"BLD-101169","Male","Nepali","Not Tracked","32","25-34","Not Disclosed","G3","Staff","Non-Leadership"
"BLD-101170","Male","Filipino","Not Tracked","22","<25","Not Disclosed","G1","Staff","Non-Leadership"
"BLD-101171","Male","Qatari","Not Tracked","48","45-54","Not Disclosed","G1","Staff","Non-Leadership"
"BLD-101172","Male","Indian","Not Tracked","39","35-44","Not Disclosed","G7","Supervisory","Non-Leadership"
"BLD-101176","Male","Pakistani","Not Tracked","36","35-44","Not Disclosed","G4","Staff","Non-Leadership"
"BLD-101177","Male","Egyptian","Not Tracked","22","<25","Not Disclosed","G2","Staff","Non-Leadership"
"BLD-101178","Male","Indian","Not Tracked","20","<25","Not Disclosed","G11","Managerial","Leadership"
"BLD-101179","Male","Jordanian","Not Tracked","53","45-54","Not Disclosed","G6","Supervisory","Non-Leadership"
"BLD-101181","Female","Bangladeshi","Not Tracked","31","25-34","Not Disclosed","G1","Staff","Non-Leadership"
"BLD-101183","Male","Egyptian","Not Tracked","41","35-44","Not Disclosed","G7","Supervisory","Non-Leadership"
"BLD-101184","Female","Egyptian","Not Tracked","54","45-54","Not Disclosed","G2","Staff","Non-Leadership"
"BLD-101185","Male","Egyptian","Not Tracked","22","<25","Not Disclosed","G7","Supervisory","Non-Leadership"
"BLD-101186","Female","Egyptian","Not Tracked","54","45-54","Not Disclosed","G8","Supervisory","Non-Leadership"
"BLD-101189","Male","Filipino","Not Tracked","38","35-44","Not Disclosed","G3","Staff","Non-Leadership"
"BLD-101192","Male","Indian","Not Tracked","31","25-34","Not Disclosed","G8","Supervisory","Non-Leadership"
"BLD-101193","Male","Pakistani","Not Tracked","42","35-44","Not Disclosed","G5","Staff","Non-Leadership"
"BLD-101194","Female","Egyptian","Not Tracked","48","45-54","Not Disclosed","G11","Managerial","Leadership"
"BLD-101195","Male","Egyptian","Not Tracked","49","45-54","Not Disclosed","G4","Staff","Non-Leadership"
"BLD-101196","Male","Egyptian","Not Tracked","36","35-44","Not Disclosed","G1","Staff","Non-Leadership"
"BLD-101197","Male","Nepali","Not Tracked","56","55+","Not Disclosed","G2","Staff","Non-Leadership"
"BLD-101198","Female","Bangladeshi","Not Tracked","27","25-34","Not Disclosed","G1","Staff","Non-Leadership"
"BLD-101199","Male","Indian","Not Tracked","51","45-54","Not Disclosed","G13","Executive","Leadership"
"BLD-101201","Male","Sudanese","Not Tracked","40","35-44","Not Disclosed","G6","Supervisory","Non-Leadership"
"BLD-101202","Male","Nepali","Not Tracked","27","25-34","Not Disclosed","G3","Staff","Non-Leadership"
"BLD-101203","Male","Egyptian","Not Tracked","33","25-34","Not Disclosed","G1","Staff","Non-Leadership"
"BLD-101204","Male","Egyptian","Not Tracked","45","45-54","Not Disclosed","G2","Staff","Non-Leadership"
"BLD-101205","Male","Indian","Not Tracked","29","25-34","Not Disclosed","G3","Staff","Non-Leadership"
"BLD-101206","Male","Egyptian","Not Tracked","33","25-34","Not Disclosed","G1","Staff","Non-Leadership"
"BLD-101207","Male","Pakistani","Not Tracked","25","25-34","Not Disclosed","G2","Staff","Non-Leadership"
"BLD-101208","Female","Bangladeshi","Not Tracked","26","25-34","Not Disclosed","G12","Managerial","Leadership"
"BLD-101210","Female","Egyptian","Not Tracked","34","25-34","Not Disclosed","G10","Managerial","Leadership"
"BLD-101211","Female","Indian","Not Tracked","28","25-34","Not Disclosed","G1","Staff","Non-Leadership"
"BLD-101212","Female","Bangladeshi","Not Tracked","37","35-44","Not Disclosed","G6","Supervisory","Non-Leadership"
"BLD-101213","Male","Pakistani","Not Tracked","30","25-34","Not Disclosed","G3","Staff","Non-Leadership"
"BLD-101215","Female","Bangladeshi","Not Tracked","54","45-54","Not Disclosed","G11","Managerial","Leadership"
"BLD-101216","Male","Egyptian","Not Tracked","51","45-54","Not Disclosed","G2","Staff","Non-Leadership"
"BLD-101217","Male","Egyptian","Not Tracked","53","45-54","Not Disclosed","G6","Supervisory","Non-Leadership"
"BLD-101218","Male","Egyptian","Not Tracked","36","35-44","Not Disclosed","G8","Supervisory","Non-Leadership"
"BLD-101219","Male","Pakistani","Not Tracked","35","35-44","Not Disclosed","G10","Managerial","Leadership"
"BLD-101220","Female","Egyptian","Not Tracked","49","45-54","Not Disclosed","G11","Managerial","Leadership"
"BLD-101221","Male","Sudanese","Not Tracked","53","45-54","Not Disclosed","G2","Staff","Non-Leadership"
"BLD-101222","Female","Egyptian","Not Tracked","25","25-34","Not Disclosed","G9","Supervisory","Non-Leadership"
"BLD-101223","Male","Sri Lankan","Not Tracked","25","25-34","Not Disclosed","G6","Supervisory","Non-Leadership"
"BLD-101225","Male","Nepali","Not Tracked","30","25-34","Not Disclosed","G1","Staff","Non-Leadership"
"BLD-101227","Male","Egyptian","Not Tracked","50","45-54","Not Disclosed","G7","Supervisory","Non-Leadership"
"BLD-101228","Male","Egyptian","Not Tracked","30","25-34","Not Disclosed","G3","Staff","Non-Leadership"
"BLD-101229","Male","Egyptian","Not Tracked","45","45-54","Not Disclosed","G5","Staff","Non-Leadership"
"BLD-101232","Male","Pakistani","Not Tracked","26","25-34","Not Disclosed","G3","Staff","Non-Leadership"
"BLD-101233","Male","Nepali","Not Tracked","43","35-44","Not Disclosed","G6","Supervisory","Non-Leadership"
"BLD-101234","Male","Nepali","Not Tracked","43","35-44","Not Disclosed","G3","Staff","Non-Leadership"
"BLD-101235","Male","Nepali","Not Tracked","28","25-34","Not Disclosed","G1","Staff","Non-Leadership"
"BLD-101238","Female","Indian","Not Tracked","46","45-54","Not Disclosed","G1","Staff","Non-Leadership"
"BLD-101239","Male","Egyptian","Not Tracked","54","45-54","Not Disclosed","G6","Supervisory","Non-Leadership"
"BLD-101240","Male","Egyptian","Not Tracked","25","25-34","Not Disclosed","G2","Staff","Non-Leadership"
"BLD-101241","Male","Egyptian","Not Tracked","29","25-34","Not Disclosed","G10","Managerial","Leadership"
"BLD-101245","Female","Egyptian","Not Tracked","44","35-44","Not Disclosed","G5","Staff","Non-Leadership"
"BLD-101246","Male","Egyptian","Not Tracked","41","35-44","Not Disclosed","G1","Staff","Non-Leadership"
"BLD-101247","Male","Pakistani","Not Tracked","53","45-54","Not Disclosed","G12","Managerial","Leadership"
"BLD-101248","Female","Nepali","Not Tracked","20","<25","Not Disclosed","G3","Staff","Non-Leadership"
"BLD-101249","Female","Indian","Not Tracked","50","45-54","Not Disclosed","G2","Staff","Non-Leadership"
"BLD-101250","Male","Egyptian","Not Tracked","35","35-44","Not Disclosed","G9","Supervisory","Non-Leadership"
"BLD-101251","Male","Indian","Not Tracked","32","25-34","Not Disclosed","G9","Supervisory","Non-Leadership"
"BLD-101252","Male","Indian","Not Tracked","43","35-44","Not Disclosed","G10","Managerial","Leadership"
"BLD-101253","Female","Bangladeshi","Not Tracked","55","55+","Not Disclosed","G7","Supervisory","Non-Leadership"
"BLD-101254","Male","Nepali","Not Tracked","31","25-34","Not Disclosed","G1","Staff","Non-Leadership"
"BLD-101255","Female","Egyptian","Not Tracked","37","35-44","Not Disclosed","G8","Supervisory","Non-Leadership"
"BLD-101256","Male","Pakistani","Not Tracked","44","35-44","Not Disclosed","G4","Staff","Non-Leadership"
"BLD-101257","Female","Sudanese","Not Tracked","55","55+","Not Disclosed","G8","Supervisory","Non-Leadership"
"BLD-101259","Male","Sri Lankan","Not Tracked","32","25-34","Not Disclosed","G10","Managerial","Leadership"
"BLD-101260","Male","Pakistani","Not Tracked","56","55+","Not Disclosed","G5","Staff","Non-Leadership"
"BLD-101261","Male","Nepali","Not Tracked","40","35-44","Not Disclosed","G7","Supervisory","Non-Leadership"
"BLD-101262","Female","Egyptian","Not Tracked","44","35-44","Not Disclosed","G6","Supervisory","Non-Leadership"
"BLD-101263","Female","Bangladeshi","Not Tracked","47","45-54","Not Disclosed","G9","Supervisory","Non-Leadership"
"BLD-101265","Male","Filipino","Not Tracked","49","45-54","Not Disclosed","G11","Managerial","Leadership"
"BLD-101267","Male","Nepali","Not Tracked","28","25-34","Not Disclosed","G1","Staff","Non-Leadership"
"BLD-101268","Female","Indian","Not Tracked","46","45-54","Not Disclosed","G2","Staff","Non-Leadership"
"BLD-101271","Male","Egyptian","Not Tracked","48","45-54","Not Disclosed","G2","Staff","Non-Leadership"
"BLD-101273","Female","Qatari","Not Tracked","38","35-44","Not Disclosed","G1","Staff","Non-Leadership"
"BLD-101274","Male","Indian","Not Tracked","54","45-54","Not Disclosed","G11","Managerial","Leadership"
"BLD-101275","Male","Egyptian","Not Tracked","52","45-54","Not Disclosed","G2","Staff","Non-Leadership"
"BLD-101276","Male","Nepali","Not Tracked","29","25-34","Not Disclosed","G2","Staff","Non-Leadership"
"BLD-101278","Female","Egyptian","Not Tracked","46","45-54","Not Disclosed","G4","Staff","Non-Leadership"
"BLD-101279","Male","Indian","Not Tracked","46","45-54","Not Disclosed","G10","Managerial","Leadership"
"BLD-101280","Male","Egyptian","Not Tracked","51","45-54","Not Disclosed","G6","Supervisory","Non-Leadership"
"BLD-101281","Male","Bangladeshi","Not Tracked","56","55+","Not Disclosed","G3","Staff","Non-Leadership"
"BLD-101282","Male","Sri Lankan","Not Tracked","26","25-34","Not Disclosed","G5","Staff","Non-Leadership"
"BLD-101283","Female","Sudanese","Not Tracked","55","55+","Not Disclosed","G5","Staff","Non-Leadership"
"BLD-101285","Female","Egyptian","Not Tracked","48","45-54","Not Disclosed","G4","Staff","Non-Leadership"
"BLD-101286","Male","Egyptian","Not Tracked","35","35-44","Not Disclosed","G2","Staff","Non-Leadership"
"BLD-101288","Male","Egyptian","Not Tracked","44","35-44","Not Disclosed","G5","Staff","Non-Leadership"
"BLD-101290","Female","Egyptian","Not Tracked","45","45-54","Not Disclosed","G5","Staff","Non-Leadership"
"BLD-101292","Female","Egyptian","Not Tracked","41","35-44","Not Disclosed","G13","Executive","Leadership"
"BLD-101293","Male","Egyptian","Not Tracked","43","35-44","Not Disclosed","G7","Supervisory","Non-Leadership"
"BLD-101295","Male","Egyptian","Not Tracked","29","25-34","Not Disclosed","G1","Staff","Non-Leadership"
"BLD-101297","Male","Sri Lankan","Not Tracked","43","35-44","Not Disclosed","G13","Executive","Leadership"
"BLD-101298","Female","Egyptian","Not Tracked","23","<25","Not Disclosed","G1","Staff","Non-Leadership"
"BLD-101299","Male","Sri Lankan","Not Tracked","55","55+","Not Disclosed","G10","Managerial","Leadership"
"BLD-101303","Male","Indian","Not Tracked","45","45-54","Not Disclosed","G1","Staff","Non-Leadership"
"BLD-101304","Female","Nepali","Not Tracked","23","<25","Not Disclosed","G10","Managerial","Leadership"
"BLD-101305","Female","Egyptian","Not Tracked","52","45-54","Not Disclosed","G8","Supervisory","Non-Leadership"
"BLD-101307","Female","Egyptian","Not Tracked","47","45-54","Not Disclosed","G14","Executive","Leadership"
"BLD-101308","Female","Nepali","Not Tracked","55","55+","Not Disclosed","G11","Managerial","Leadership"
"BLD-101309","Male","Bangladeshi","Not Tracked","30","25-34","Not Disclosed","G10","Managerial","Leadership"
"BLD-101310","Female","Egyptian","Not Tracked","52","45-54","Not Disclosed","G8","Supervisory","Non-Leadership"
"BLD-101312","Male","Egyptian","Not Tracked","48","45-54","Not Disclosed","G8","Supervisory","Non-Leadership"
"BLD-101313","Male","Filipino","Not Tracked","32","25-34","Not Disclosed","G8","Supervisory","Non-Leadership"
"BLD-101314","Male","Jordanian","Not Tracked","49","45-54","Not Disclosed","G10","Managerial","Leadership"
"BLD-101316","Female","Qatari","Not Tracked","37","35-44","Not Disclosed","G4","Staff","Non-Leadership"
"BLD-101317","Male","Egyptian","Not Tracked","42","35-44","Not Disclosed","G3","Staff","Non-Leadership"
"BLD-101319","Female","Qatari","Not Tracked","40","35-44","Not Disclosed","G1","Staff","Non-Leadership"
"BLD-101320","Male","Egyptian","Not Tracked","32","25-34","Not Disclosed","G1","Staff","Non-Leadership"
"BLD-101321","Male","Pakistani","Not Tracked","47","45-54","Not Disclosed","G9","Supervisory","Non-Leadership"
"BLD-101328","Male","Egyptian","Not Tracked","34","25-34","Not Disclosed","G10","Managerial","Leadership"
"BLD-101329","Male","Bangladeshi","Not Tracked","23","<25","Not Disclosed","G1","Staff","Non-Leadership"
"BLD-101331","Male","Indian","Not Tracked","26","25-34","Not Disclosed","G3","Staff","Non-Leadership"
"BLD-101332","Male","Sudanese","Not Tracked","28","25-34","Not Disclosed","G4","Staff","Non-Leadership"
"BLD-101333","Male","Nepali","Not Tracked","48","45-54","Not Disclosed","G1","Staff","Non-Leadership"
"BLD-101334","Male","Filipino","Not Tracked","22","<25","Not Disclosed","G6","Supervisory","Non-Leadership"
"BLD-101335","Female","Pakistani","Not Tracked","25","25-34","Not Disclosed","G7","Supervisory","Non-Leadership"
"BLD-101336","Male","Indian","Not Tracked","49","45-54","Not Disclosed","G1","Staff","Non-Leadership"
"BLD-101337","Male","Jordanian","Not Tracked","53","45-54","Not Disclosed","G6","Supervisory","Non-Leadership"
"BLD-101338","Male","Egyptian","Not Tracked","41","35-44","Not Disclosed","G6","Supervisory","Non-Leadership"
"BLD-101339","Female","Jordanian","Not Tracked","37","35-44","Not Disclosed","G7","Supervisory","Non-Leadership"
"BLD-101341","Male","Egyptian","Not Tracked","25","25-34","Not Disclosed","G9","Supervisory","Non-Leadership"
"BLD-101342","Male","Filipino","Not Tracked","53","45-54","Not Disclosed","G6","Supervisory","Non-Leadership"
"BLD-101343","Male","Filipino","Not Tracked","43","35-44","Not Disclosed","G3","Staff","Non-Leadership"
"BLD-101344","Male","Filipino","Not Tracked","32","25-34","Not Disclosed","G1","Staff","Non-Leadership"
"BLD-101346","Male","Indian","Not Tracked","49","45-54","Not Disclosed","G9","Supervisory","Non-Leadership"
"BLD-101347","Female","Sudanese","Not Tracked","28","25-34","Not Disclosed","G6","Supervisory","Non-Leadership"
"BLD-101348","Male","Egyptian","Not Tracked","29","25-34","Not Disclosed","G2","Staff","Non-Leadership"
"BLD-101349","Male","Egyptian","Not Tracked","35","35-44","Not Disclosed","G6","Supervisory","Non-Leadership"
"BLD-101350","Male","Egyptian","Not Tracked","47","45-54","Not Disclosed","G8","Supervisory","Non-Leadership"
"BLD-101352","Male","Egyptian","Not Tracked","31","25-34","Not Disclosed","G9","Supervisory","Non-Leadership"
"BLD-101353","Male","Egyptian","Not Tracked","35","35-44","Not Disclosed","G8","Supervisory","Non-Leadership"
"BLD-101354","Male","Sri Lankan","Not Tracked","44","35-44","Not Disclosed","G5","Staff","Non-Leadership"
"BLD-101355","Male","Egyptian","Not Tracked","32","25-34","Not Disclosed","G1","Staff","Non-Leadership"
"BLD-101357","Male","Jordanian","Not Tracked","37","35-44","Not Disclosed","G2","Staff","Non-Leadership"
"BLD-101358","Male","Indian","Not Tracked","33","25-34","Not Disclosed","G10","Managerial","Leadership"
"BLD-101359","Female","Indian","Not Tracked","31","25-34","Not Disclosed","G8","Supervisory","Non-Leadership"
"BLD-101360","Female","Nepali","Not Tracked","53","45-54","Not Disclosed","G9","Supervisory","Non-Leadership"
"BLD-101361","Male","Egyptian","Not Tracked","28","25-34","Not Disclosed","G1","Staff","Non-Leadership"
"BLD-101363","Female","Indian","Not Tracked","26","25-34","Not Disclosed","G1","Staff","Non-Leadership"
"BLD-101364","Male","Indian","Not Tracked","26","25-34","Not Disclosed","G11","Managerial","Leadership"
"BLD-101365","Male","Egyptian","Not Tracked","26","25-34","Not Disclosed","G4","Staff","Non-Leadership"
"BLD-101367","Male","Nepali","Not Tracked","31","25-34","Not Disclosed","G3","Staff","Non-Leadership"
"BLD-101368","Female","Indian","Not Tracked","50","45-54","Not Disclosed","G1","Staff","Non-Leadership"
"BLD-101369","Male","Sri Lankan","Not Tracked","37","35-44","Not Disclosed","G10","Managerial","Leadership"
"BLD-101370","Female","Indian","Not Tracked","24","<25","Not Disclosed","G11","Managerial","Leadership"
"BLD-101371","Female","Filipino","Not Tracked","27","25-34","Not Disclosed","G10","Managerial","Leadership"
"BLD-101372","Male","Bangladeshi","Not Tracked","48","45-54","Not Disclosed","G4","Staff","Non-Leadership"
"BLD-101374","Female","Filipino","Not Tracked","24","<25","Not Disclosed","G9","Supervisory","Non-Leadership"
"BLD-101375","Male","Egyptian","Not Tracked","25","25-34","Not Disclosed","G2","Staff","Non-Leadership"
"BLD-101376","Female","Pakistani","Not Tracked","31","25-34","Not Disclosed","G9","Supervisory","Non-Leadership"
"BLD-101379","Male","Jordanian","Not Tracked","25","25-34","Not Disclosed","G5","Staff","Non-Leadership"
"BLD-101381","Male","Indian","Not Tracked","35","35-44","Not Disclosed","G1","Staff","Non-Leadership"
"BLD-101382","Female","Pakistani","Not Tracked","31","25-34","Not Disclosed","G7","Supervisory","Non-Leadership"
"BLD-101383","Male","Indian","Not Tracked","26","25-34","Not Disclosed","G2","Staff","Non-Leadership"
"BLD-101384","Female","Nepali","Not Tracked","40","35-44","Not Disclosed","G1","Staff","Non-Leadership"
"BLD-101385","Male","Indian","Not Tracked","47","45-54","Not Disclosed","G4","Staff","Non-Leadership"
"BLD-101386","Male","Bangladeshi","Not Tracked","20","<25","Not Disclosed","G2","Staff","Non-Leadership"
"BLD-101387","Male","Egyptian","Not Tracked","34","25-34","Not Disclosed","G5","Staff","Non-Leadership"
"BLD-101388","Female","Egyptian","Not Tracked","42","35-44","Not Disclosed","G7","Supervisory","Non-Leadership"
"BLD-101389","Male","Indian","Not Tracked","41","35-44","Not Disclosed","G1","Staff","Non-Leadership"
"BLD-101390","Male","Indian","Not Tracked","29","25-34","Not Disclosed","G7","Supervisory","Non-Leadership"
"BLD-101391","Male","Egyptian","Not Tracked","40","35-44","Not Disclosed","G4","Staff","Non-Leadership"
"BLD-101392","Female","Egyptian","Not Tracked","23","<25","Not Disclosed","G1","Staff","Non-Leadership"
"BLD-101395","Male","Qatari","Not Tracked","24","<25","Not Disclosed","G5","Staff","Non-Leadership"
"BLD-101396","Female","Bangladeshi","Not Tracked","48","45-54","Not Disclosed","G2","Staff","Non-Leadership"
"BLD-101397","Male","Filipino","Not Tracked","45","45-54","Not Disclosed","G1","Staff","Non-Leadership"
"BLD-101398","Female","Egyptian","Not Tracked","55","55+","Not Disclosed","G4","Staff","Non-Leadership"
"BLD-101399","Male","Sri Lankan","Not Tracked","36","35-44","Not Disclosed","G9","Supervisory","Non-Leadership"
"BLD-101400","Male","Bangladeshi","Not Tracked","22","<25","Not Disclosed","G8","Supervisory","Non-Leadership"
"BLD-101401","Male","Nepali","Not Tracked","33","25-34","Not Disclosed","G12","Managerial","Leadership"
"BLD-101402","Female","Jordanian","Not Tracked","36","35-44","Not Disclosed","G1","Staff","Non-Leadership"
"BLD-101403","Male","Egyptian","Not Tracked","42","35-44","Not Disclosed","G8","Supervisory","Non-Leadership"
"BLD-101405","Male","Nepali","Not Tracked","29","25-34","Not Disclosed","G5","Staff","Non-Leadership"
"BLD-101406","Male","Egyptian","Not Tracked","29","25-34","Not Disclosed","G9","Supervisory","Non-Leadership"
"BLD-101407","Female","Indian","Not Tracked","48","45-54","Not Disclosed","G5","Staff","Non-Leadership"
"BLD-101408","Male","Pakistani","Not Tracked","42","35-44","Not Disclosed","G4","Staff","Non-Leadership"
"BLD-101409","Male","Indian","Not Tracked","32","25-34","Not Disclosed","G11","Managerial","Leadership"
"BLD-101410","Male","Egyptian","Not Tracked","26","25-34","Not Disclosed","G6","Supervisory","Non-Leadership"
"BLD-101411","Male","Bangladeshi","Not Tracked","55","55+","Not Disclosed","G3","Staff","Non-Leadership"
"BLD-101412","Male","Nepali","Not Tracked","47","45-54","Not Disclosed","G9","Supervisory","Non-Leadership"
"BLD-101415","Male","Pakistani","Not Tracked","27","25-34","Not Disclosed","G11","Managerial","Leadership"
"BLD-101416","Male","Egyptian","Not Tracked","27","25-34","Not Disclosed","G8","Supervisory","Non-Leadership"
"BLD-101417","Female","Egyptian","Not Tracked","52","45-54","Not Disclosed","G2","Staff","Non-Leadership"
"BLD-101418","Male","Egyptian","Not Tracked","54","45-54","Not Disclosed","G4","Staff","Non-Leadership"
"BLD-101419","Female","Pakistani","Not Tracked","46","45-54","Not Disclosed","G7","Supervisory","Non-Leadership"
"BLD-101421","Male","Indian","Not Tracked","50","45-54","Not Disclosed","G1","Staff","Non-Leadership"
"BLD-101422","Male","Indian","Not Tracked","30","25-34","Not Disclosed","G2","Staff","Non-Leadership"
"BLD-101423","Male","Nepali","Not Tracked","46","45-54","Not Disclosed","G1","Staff","Non-Leadership"
"BLD-101426","Male","Nepali","Not Tracked","39","35-44","Not Disclosed","G5","Staff","Non-Leadership"
"BLD-101427","Male","Jordanian","Not Tracked","44","35-44","Not Disclosed","G3","Staff","Non-Leadership"
"BLD-101428","Male","Sri Lankan","Not Tracked","48","45-54","Not Disclosed","G7","Supervisory","Non-Leadership"
"BLD-101430","Male","Egyptian","Not Tracked","44","35-44","Not Disclosed","G4","Staff","Non-Leadership"
"BLD-101431","Male","Nepali","Not Tracked","56","55+","Not Disclosed","G1","Staff","Non-Leadership"
"BLD-101434","Male","Indian","Not Tracked","43","35-44","Not Disclosed","G9","Supervisory","Non-Leadership"
"BLD-101435","Male","Bangladeshi","Not Tracked","48","45-54","Not Disclosed","G3","Staff","Non-Leadership"
"BLD-101436","Male","Nepali","Not Tracked","46","45-54","Not Disclosed","G6","Supervisory","Non-Leadership"
"BLD-101437","Male","Bangladeshi","Not Tracked","32","25-34","Not Disclosed","G2","Staff","Non-Leadership"
"BLD-101438","Male","Indian","Not Tracked","54","45-54","Not Disclosed","G2","Staff","Non-Leadership"
"BLD-101439","Male","Egyptian","Not Tracked","49","45-54","Not Disclosed","G4","Staff","Non-Leadership"
"BLD-101440","Male","Nepali","Not Tracked","44","35-44","Not Disclosed","G2","Staff","Non-Leadership"
"BLD-101441","Male","Jordanian","Not Tracked","32","25-34","Not Disclosed","G10","Managerial","Leadership"
"BLD-101442","Male","Egyptian","Not Tracked","49","45-54","Not Disclosed","G4","Staff","Non-Leadership"
"BLD-101443","Female","Bangladeshi","Not Tracked","28","25-34","Not Disclosed","G9","Supervisory","Non-Leadership"
"BLD-101444","Male","Pakistani","Not Tracked","33","25-34","Not Disclosed","G3","Staff","Non-Leadership"
"BLD-101448","Female","Egyptian","Not Tracked","28","25-34","Not Disclosed","G12","Managerial","Leadership"
"BLD-101449","Male","Bangladeshi","Not Tracked","53","45-54","Not Disclosed","G1","Staff","Non-Leadership"
"BLD-101450","Male","Nepali","Not Tracked","45","45-54","Not Disclosed","G3","Staff","Non-Leadership"
"BLD-101451","Male","Sri Lankan","Not Tracked","38","35-44","Not Disclosed","G1","Staff","Non-Leadership"
"BLD-101452","Male","Indian","Not Tracked","28","25-34","Not Disclosed","G1","Staff","Non-Leadership"
"BLD-101454","Male","Egyptian","Not Tracked","31","25-34","Not Disclosed","G9","Supervisory","Non-Leadership"
"BLD-101456","Male","Nepali","Not Tracked","20","<25","Not Disclosed","G3","Staff","Non-Leadership"
"BLD-101457","Male","Indian","Not Tracked","20","<25","Not Disclosed","G3","Staff","Non-Leadership"
"BLD-101458","Female","Filipino","Not Tracked","28","25-34","Not Disclosed","G10","Managerial","Leadership"
"BLD-101459","Male","Egyptian","Not Tracked","41","35-44","Not Disclosed","G7","Supervisory","Non-Leadership"
"BLD-101460","Male","Nepali","Not Tracked","38","35-44","Not Disclosed","G3","Staff","Non-Leadership"
"BLD-101462","Female","Filipino","Not Tracked","31","25-34","Not Disclosed","G2","Staff","Non-Leadership"
"BLD-101463","Female","Indian","Not Tracked","51","45-54","Not Disclosed","G9","Supervisory","Non-Leadership"
"BLD-101464","Male","Egyptian","Not Tracked","36","35-44","Not Disclosed","G1","Staff","Non-Leadership"
"BLD-101465","Male","Egyptian","Not Tracked","28","25-34","Not Disclosed","G12","Managerial","Leadership"
"BLD-101467","Male","Jordanian","Not Tracked","34","25-34","Not Disclosed","G5","Staff","Non-Leadership"
"BLD-101468","Male","Egyptian","Not Tracked","48","45-54","Not Disclosed","G7","Supervisory","Non-Leadership"
"BLD-101469","Female","Egyptian","Not Tracked","24","<25","Not Disclosed","G2","Staff","Non-Leadership"
"BLD-101471","Male","Indian","Not Tracked","55","55+","Not Disclosed","G7","Supervisory","Non-Leadership"
"BLD-101474","Male","Pakistani","Not Tracked","30","25-34","Not Disclosed","G6","Supervisory","Non-Leadership"
"BLD-101475","Male","Indian","Not Tracked","42","35-44","Not Disclosed","G9","Supervisory","Non-Leadership"
"BLD-101477","Male","Nepali","Not Tracked","37","35-44","Not Disclosed","G3","Staff","Non-Leadership"
"BLD-101478","Male","Egyptian","Not Tracked","46","45-54","Not Disclosed","G8","Supervisory","Non-Leadership"
"BLD-101479","Female","Filipino","Not Tracked","47","45-54","Not Disclosed","G3","Staff","Non-Leadership"
"BLD-101480","Male","Indian","Not Tracked","46","45-54","Not Disclosed","G11","Managerial","Leadership"
"BLD-101481","Male","Egyptian","Not Tracked","49","45-54","Not Disclosed","G1","Staff","Non-Leadership"
"BLD-101482","Female","Nepali","Not Tracked","51","45-54","Not Disclosed","G7","Supervisory","Non-Leadership"
"BLD-101483","Male","Indian","Not Tracked","41","35-44","Not Disclosed","G12","Managerial","Leadership"
"BLD-101484","Male","Egyptian","Not Tracked","35","35-44","Not Disclosed","G11","Managerial","Leadership"
"BLD-101485","Male","Sri Lankan","Not Tracked","27","25-34","Not Disclosed","G9","Supervisory","Non-Leadership"
"BLD-101486","Female","Egyptian","Not Tracked","34","25-34","Not Disclosed","G5","Staff","Non-Leadership"
"BLD-101487","Female","Jordanian","Not Tracked","29","25-34","Not Disclosed","G2","Staff","Non-Leadership"
"BLD-101488","Male","Filipino","Not Tracked","38","35-44","Not Disclosed","G8","Supervisory","Non-Leadership"
"BLD-101490","Male","Sri Lankan","Not Tracked","53","45-54","Not Disclosed","G2","Staff","Non-Leadership"
"BLD-101491","Male","Indian","Not Tracked","32","25-34","Not Disclosed","G6","Supervisory","Non-Leadership"
"BLD-101494","Male","Nepali","Not Tracked","54","45-54","Not Disclosed","G9","Supervisory","Non-Leadership"
"BLD-101495","Female","Indian","Not Tracked","32","25-34","Not Disclosed","G9","Supervisory","Non-Leadership"
"BLD-101496","Male","Egyptian","Not Tracked","49","45-54","Not Disclosed","G3","Staff","Non-Leadership"
"BLD-101497","Female","Sudanese","Not Tracked","25","25-34","Not Disclosed","G11","Managerial","Leadership"
"BLD-101498","Male","Egyptian","Not Tracked","38","35-44","Not Disclosed","G1","Staff","Non-Leadership"
"BLD-101500","Male","Jordanian","Not Tracked","40","35-44","Not Disclosed","G2","Staff","Non-Leadership"
"BLD-101501","Male","Filipino","Not Tracked","51","45-54","Not Disclosed","G3","Staff","Non-Leadership"
"BLD-101502","Male","Indian","Not Tracked","38","35-44","Not Disclosed","G4","Staff","Non-Leadership"
"BLD-101505","Female","Indian","Not Tracked","41","35-44","Not Disclosed","G4","Staff","Non-Leadership"
"BLD-101506","Female","Egyptian","Not Tracked","32","25-34","Not Disclosed","G1","Staff","Non-Leadership"
"BLD-101507","Male","Egyptian","Not Tracked","47","45-54","Not Disclosed","G9","Supervisory","Non-Leadership"
"BLD-101508","Male","Bangladeshi","Not Tracked","47","45-54","Not Disclosed","G1","Staff","Non-Leadership"
"BLD-101510","Male","Egyptian","Not Tracked","45","45-54","Not Disclosed","G8","Supervisory","Non-Leadership"
