"requisition_id","vacancy_position","job_grade","department","hiring_manager","requisition_open_date","requisition_close_date","candidate_id","candidate_gender","candidate_nationality","source_of_hire","interview_date","offer_date","joining_date","recruitment_cost"
"REQ-5001","Senior Technician - Sales & Distribution","G8","Sales & Distribution","Tariq Islam","2025-11-28","2025-12-19","CAN-5001","Male","Egyptian","Walk-in","2025-12-27","2026-01-03","2025-12-22","8610"
"REQ-5002","Senior Manager - Marketing","G11","Marketing","Huda Abdullah","2024-01-14","2024-02-14","CAN-5002","Female","Filipino","Career Site","2024-02-08","2024-02-22","2024-02-14","9600"
"REQ-5003","Coordinator - Supply Chain & Logistics","G2","Supply Chain & Logistics","Bishnu Iqbal","2023-06-28","2023-08-15","CAN-5003","Female","Sri Lankan","LinkedIn","2023-08-02","2023-08-09","2023-08-15","11180"
"REQ-5004","Associate - R&D","G4","R&D","Arjun Santos","2023-11-25","2024-01-23","CAN-5004","Male","Nepali","Agency","2023-12-17","2023-12-29","2024-01-26","3350"
"REQ-5005","Associate - Quality Assurance & Food Safety","G4","Quality Assurance & Food Safety","Juan Al-Marri","2024-04-14","2024-05-07","CAN-5005","Female","Indian","Career Site","2024-05-20","2024-05-22","2024-05-09","7870"
"REQ-5006","Manager - Quality Assurance & Food Safety","G10","Quality Assurance & Food Safety","Rakesh Cruz","2025-08-13","2025-09-08","CAN-5006","Male","Egyptian","University Hiring","2025-09-13","2025-09-19","2025-09-11","10800"
"REQ-5007","Technician - Supply Chain & Logistics","G5","Supply Chain & Logistics","Prakash Reyes","2023-05-13","2023-07-06","CAN-5007","Male","Filipino","Agency","2023-06-14","2023-06-18","2023-07-09","1290"
"REQ-5008","Assistant - Supply Chain & Logistics","G4","Supply Chain & Logistics","Manoj Fernandes","2025-09-16","2025-11-05","CAN-5008","Male","Egyptian","Career Site","2025-10-18","2025-10-28","2025-11-05","11640"
"REQ-5009","Assistant - Farm Operations","G4","Farm Operations","Sanjay Ibrahim","2024-02-19","2024-03-31","CAN-5009","Male","Pakistani","Agency","2024-03-27","2024-04-02","2024-04-01","2920"
"REQ-5010","Assistant - R&D","G3","R&D","Arjun Santos","2023-07-29","2023-09-12","CAN-5010","Female","Qatari","LinkedIn","2023-08-28","2023-09-05","2023-09-12","8300"
"REQ-5011","Senior Technician - R&D","G8","R&D","Sameer Sharma","2025-05-31","2025-08-08","CAN-5011","Male","Pakistani","Career Site","2025-06-14","2025-06-26","2025-08-10","4300"
"REQ-5012","Senior Officer - Finance","G9","Finance","Shobha Thapa","2024-02-12","2024-04-10","CAN-5012","Female","Egyptian","LinkedIn","2024-03-06","2024-03-18","2024-04-14","4030"
"REQ-5013","Specialist - Sales & Distribution","G9","Sales & Distribution","Hassan Baig","2024-09-19","2024-10-19","CAN-5013","Female","Qatari","Referral","2024-10-18","2024-10-21","2024-10-22","880"
"REQ-5014","Senior Officer - Finance","G6","Finance","Arjun Cruz","2024-10-17","2024-12-16","CAN-5014","Male","Indian","Career Site","2024-11-19","2024-11-29","2024-12-19","9540"
"REQ-5015","Specialist - Quality Assurance & Food Safety","G8","Quality Assurance & Food Safety","Omar Sharma","2023-09-02","2023-10-20","CAN-5015","Male","Indian","Referral","2023-09-27","2023-10-06","2023-10-22","2080"
"REQ-5016","Team Lead - People & Culture","G8","People & Culture","Ravi Santos","2024-09-23","2024-11-03","CAN-5016","Male","Nepali","Agency","2024-10-22","2024-10-30","2024-11-06","9370"
"REQ-5017","Technician - People & Culture","G1","People & Culture","Omar Abdullah","2025-07-26","2025-09-12","CAN-5017","Male","Egyptian","Agency","2025-08-21","2025-08-30","2025-09-15","4200"
"REQ-5018","Specialist - Production","G9","Production","Hassan Pereira","2024-11-24","2025-01-16","CAN-5018","Female","Sudanese","Referral","2024-12-14","2024-12-21","2025-01-16","5380"
"REQ-5019","Senior Manager - Production","G11","Production","Kumar Islam","2025-06-09","2025-08-18","CAN-5019","Male","Sri Lankan","Referral","2025-06-20","2025-06-25","2025-08-22","3950"
"REQ-5020","Officer - Sales & Distribution","G1","Sales & Distribution","Prakash Pereira","2024-06-23","2024-08-31","CAN-5020","Male","Jordanian","Agency","2024-07-16","2024-07-26","2024-09-01","9580"
"REQ-5021","Assistant - IT & Digital","G2","IT & Digital","Mona Khan","2024-04-27","2024-07-07","CAN-5021","Male","Pakistani","Career Site","2024-05-19","2024-05-26","2024-07-10","2670"
"REQ-5022","Supervisor - Marketing","G6","Marketing","Tariq Kapoor","2025-04-29","2025-06-06","CAN-5022","Female","Indian","Career Site","2025-05-12","2025-05-15","2025-06-06","5970"
"REQ-5023","Senior Officer - Procurement","G6","Procurement","Juan Santos","2022-11-13","2023-01-11","CAN-5023","Male","Jordanian","Referral","2022-12-20","2022-12-28","2023-01-11","8600"
"REQ-5024","Operator - Supply Chain & Logistics","G1","Supply Chain & Logistics","Manoj Fernandes","2025-04-18","2025-06-02","CAN-5024","Female","Egyptian","LinkedIn","2025-05-02","2025-05-08","2025-06-04","7860"
"REQ-5025","Associate - People & Culture","G1","People & Culture","Manoj Fernandes","2024-01-23","2024-03-15","CAN-5025","Female","Egyptian","Referral","2024-03-01","2024-03-04","2024-03-16","11570"
"REQ-5026","Associate - People & Culture","G2","People & Culture","Noor Baig","2023-01-26","2023-03-03","CAN-5026","Female","Sri Lankan","LinkedIn","2023-02-19","2023-03-02","2023-03-07","11650"
"REQ-5027","Associate - R&D","G3","R&D","Waleed Cruz","2023-12-09","2024-01-09","CAN-5027","Female","Bangladeshi","Agency","2023-12-26","2024-01-06","2024-01-12","3850"
"REQ-5028","Senior Technician - Quality Assurance & Food Safety","G9","Quality Assurance & Food Safety","Anil Gurung","2024-06-07","2024-07-01","CAN-5028","Male","Sri Lankan","Agency","2024-06-30","2024-07-13","2024-07-01","3070"
"REQ-5029","Operator - Supply Chain & Logistics","G1","Supply Chain & Logistics","Sanjay El-Sayed","2023-10-24","2023-12-21","CAN-5029","Female","Indian","Referral","2023-11-27","2023-12-06","2023-12-22","10390"
"REQ-5030","Assistant Manager - Production","G10","Production","Sameer Abdullah","2023-08-25","2023-09-12","CAN-5030","Male","Egyptian","Agency","2023-09-18","2023-09-29","2023-09-15","7830"
"REQ-5031","Coordinator - Sales & Distribution","G2","Sales & Distribution","Manoj Baig","2025-07-08","2025-08-02","CAN-5031","Male","Pakistani","Referral","2025-07-20","2025-07-30","2025-08-04","5460"
"REQ-5032","Officer - Quality Assurance & Food Safety","G1","Quality Assurance & Food Safety","Sameer Gurung","2024-07-09","2024-09-10","CAN-5032","Female","Egyptian","LinkedIn","2024-07-24","2024-08-01","2024-09-10","2420"
"REQ-5033","Manager - Production","G10","Production","Krishna Cruz","2023-02-19","2023-04-17","CAN-5033","Male","Egyptian","Referral","2023-03-06","2023-03-15","2023-04-17","11160"
"REQ-5034","Senior Officer - Corporate & Executive Office","G9","Corporate & Executive Office","Priya Farouk","2025-08-07","2025-10-18","CAN-5034","Male","Filipino","Agency","2025-08-30","2025-09-05","2025-10-20","1060"
"REQ-5035","Senior Technician - Supply Chain & Logistics","G9","Supply Chain & Logistics","Sanjay Devi","2023-04-03","2023-04-27","CAN-5035","Female","Egyptian","Career Site","2023-04-25","2023-05-03","2023-05-01","1730"
"REQ-5036","Specialist - IT & Digital","G6","IT & Digital","Anita Fernandes","2024-08-30","2024-10-02","CAN-5036","Female","Nepali","Walk-in","2024-09-29","2024-10-07","2024-10-04","7200"
"REQ-5037","Associate - Supply Chain & Logistics","G1","Supply Chain & Logistics","Prakash Reyes","2024-06-26","2024-08-12","CAN-5037","Male","Pakistani","LinkedIn","2024-07-30","2024-08-04","2024-08-14","6630"
"REQ-5038","Coordinator - Sales & Distribution","G2","Sales & Distribution","Bishnu Al-Marri","2022-11-06","2023-01-09","CAN-5038","Female","Qatari","Career Site","2022-11-24","2022-11-26","2023-01-11","10840"
"REQ-5039","Associate - Sales & Distribution","G5","Sales & Distribution","Reem Youssef","2025-03-21","2025-05-09","CAN-5039","Male","Indian","Referral","2025-04-09","2025-04-18","2025-05-09","8330"
"REQ-5040","Associate - Production","G3","Production","Waleed Hassan","2023-02-22","2023-03-19","CAN-5040","Male","Egyptian","Career Site","2023-03-11","2023-03-21","2023-03-20","9410"
"REQ-5041","Senior Technician - Supply Chain & Logistics","G9","Supply Chain & Logistics","Sanjay Rai","2023-01-02","2023-02-08","CAN-5041","Male","Bangladeshi","LinkedIn","2023-01-30","2023-02-12","2023-02-08","1220"
"REQ-5042","Vice President - People & Culture","G14","People & Culture","Yousef Al-Attiyah","2022-12-17","2023-01-11","CAN-5042","Female","Indian","Career Site","2023-01-12","2023-01-18","2023-01-13","9850"
"REQ-5043","Senior Technician - Farm Operations","G8","Farm Operations","Faisal Santos","2023-08-21","2023-10-31","CAN-5043","Male","Filipino","LinkedIn","2023-09-06","2023-09-20","2023-11-01","6570"
"REQ-5044","Technician - Production","G5","Production","Rakesh Youssef","2024-12-19","2025-02-25","CAN-5044","Female","Egyptian","Referral","2025-01-27","2025-02-10","2025-02-26","1300"
"REQ-5045","Coordinator - Marketing","G3","Marketing","Reem Ibrahim","2025-07-27","2025-08-30","CAN-5045","Male","Egyptian","Walk-in","2025-09-04","2025-09-18","2025-09-01","9180"
"REQ-5046","Assistant - IT & Digital","G1","IT & Digital","Rowena Ibrahim","2023-08-07","2023-10-08","CAN-5046","Male","Egyptian","Agency","2023-08-23","2023-09-05","2023-10-12","4340"
"REQ-5047","Coordinator - Marketing","G2","Marketing","Maria Khan","2023-09-22","2023-10-10","CAN-5047","Male","Bangladeshi","LinkedIn","2023-10-12","2023-10-22","2023-10-13","1860"
"REQ-5048","Assistant - Supply Chain & Logistics","G1","Supply Chain & Logistics","Prakash Reyes","2024-11-02","2024-12-29","CAN-5048","Male","Egyptian","Walk-in","2024-11-23","2024-11-28","2025-01-01","3500"
"REQ-5049","Associate - Sales & Distribution","G4","Sales & Distribution","Rajesh Abdullah","2024-09-19","2024-10-10","CAN-5049","Male","Egyptian","Referral","2024-10-01","2024-10-13","2024-10-10","2810"
"REQ-5050","Coordinator - People & Culture","G1","People & Culture","Noor Baig","2024-01-21","2024-02-28","CAN-5050","Female","Pakistani","Referral","2024-02-21","2024-03-05","2024-03-01","4280"
"REQ-5051","Coordinator - Supply Chain & Logistics","G1","Supply Chain & Logistics","Bishnu Iqbal","2023-05-04","2023-07-14","CAN-5051","Male","Indian","Agency","2023-05-23","2023-06-06","2023-07-17","2410"
"REQ-5052","Officer - IT & Digital","G4","IT & Digital","Ali Islam","2024-06-03","2024-08-13","CAN-5052","Female","Jordanian","Referral","2024-06-18","2024-06-22","2024-08-13","8390"
"REQ-5053","Senior Technician - People & Culture","G6","People & Culture","Juan Malik","2023-04-21","2023-07-03","CAN-5053","Male","Egyptian","Internal Transfer","2023-05-09","2023-05-17","2023-07-03","0"
"REQ-5054","Assistant Manager - People & Culture","G10","People & Culture","Noor Al-Sayed","2023-09-03","2023-11-02","CAN-5054","Female","Egyptian","Career Site","2023-09-25","2023-09-29","2023-11-04","8810"
"REQ-5055","Operator - Finance","G4","Finance","Mohamed Al-Sayed","2024-09-27","2024-10-18","CAN-5055","Female","Qatari","Referral","2024-10-31","2024-11-03","2024-10-21","11190"
"REQ-5056","Assistant - IT & Digital","G1","IT & Digital","Ahmed Santos","2024-01-27","2024-02-19","CAN-5056","Female","Indian","Agency","2024-03-06","2024-03-11","2024-02-20","8220"
"REQ-5057","Specialist - Farm Operations","G7","Farm Operations","Ahmed Cruz","2025-04-04","2025-05-07","CAN-5057","Male","Egyptian","Walk-in","2025-04-29","2025-05-04","2025-05-11","1080"
"REQ-5058","Supervisor - Procurement","G9","Procurement","Arjun Khan","2025-07-29","2025-09-17","CAN-5058","Male","Sri Lankan","Referral","2025-08-12","2025-08-22","2025-09-19","2370"
"REQ-5059","Coordinator - Corporate & Executive Office","G5","Corporate & Executive Office","Rakesh Sharma","2025-07-09","2025-09-06","CAN-5059","Male","Indian","Agency","2025-07-19","2025-08-02","2025-09-08","11250"
"REQ-5060","Technician - Farm Operations","G1","Farm Operations","Mohamed Kapoor","2025-05-07","2025-07-02","CAN-5060","Male","Nepali","Career Site","2025-05-29","2025-06-06","2025-07-06","1000"
"REQ-5061","Specialist - Sales & Distribution","G6","Sales & Distribution","Suresh Hassan","2024-04-18","2024-06-13","CAN-5061","Female","Nepali","Career Site","2024-05-06","2024-05-18","2024-06-13","3410"
"REQ-5062","Associate - Quality Assurance & Food Safety","G4","Quality Assurance & Food Safety","Sameer Hassan","2023-08-31","2023-10-06","CAN-5062","Male","Sudanese","Walk-in","2023-10-02","2023-10-11","2023-10-08","7550"
"REQ-5063","Officer - Procurement","G5","Procurement","Mohamed Chowdhury","2024-02-03","2024-03-07","CAN-5063","Female","Filipino","Agency","2024-02-16","2024-02-22","2024-03-09","8100"
"REQ-5064","Supervisor - Supply Chain & Logistics","G8","Supply Chain & Logistics","Sanjay Devi","2023-12-27","2024-03-04","CAN-5064","Male","Egyptian","LinkedIn","2024-01-14","2024-01-21","2024-03-08","3450"
"REQ-5065","Technician - R&D","G5","R&D","Waleed Cruz","2024-12-04","2025-02-13","CAN-5065","Female","Jordanian","Referral","2025-01-08","2025-01-20","2025-02-16","1550"
"REQ-5066","Coordinator - Sales & Distribution","G1","Sales & Distribution","Anil Al-Kuwari","2025-01-23","2025-03-08","CAN-5066","Male","Jordanian","Career Site","2025-02-12","2025-02-15","2025-03-10","4280"
"REQ-5067","Operator - Procurement","G3","Procurement","Bikram Al-Kuwari","2024-01-14","2024-03-24","CAN-5067","Male","Nepali","Referral","2024-02-20","2024-03-04","2024-03-24","3990"
"REQ-5068","Coordinator - Procurement","G1","Procurement","Ahmed Rai","2023-03-04","2023-04-24","CAN-5068","Male","Jordanian","Referral","2023-03-27","2023-03-30","2023-04-24","1420"
"REQ-5069","Assistant - Marketing","G2","Marketing","Aisha Iqbal","2025-10-18","2025-11-17","CAN-5069","Female","Egyptian","Agency","2025-11-21","2025-11-23","2025-11-17","8420"
"REQ-5070","Technician - Quality Assurance & Food Safety","G1","Quality Assurance & Food Safety","Kumar Mansour","2023-04-22","2023-06-24","CAN-5070","Male","Indian","Agency","2023-05-26","2023-06-01","2023-06-25","10600"
"REQ-5071","Specialist - R&D","G6","R&D","Ravi Al-Sayed","2025-02-01","2025-04-01","CAN-5071","Male","Filipino","Referral","2025-02-27","2025-03-01","2025-04-05","3450"
"REQ-5072","Team Lead - Quality Assurance & Food Safety","G8","Quality Assurance & Food Safety","Aisha Malik","2023-06-21","2023-07-22","CAN-5072","Male","Egyptian","LinkedIn","2023-07-20","2023-07-29","2023-07-23","1350"
"REQ-5073","Senior Officer - Marketing","G7","Marketing","Rajesh Malik","2024-04-05","2024-04-24","CAN-5073","Female","Filipino","Referral","2024-05-12","2024-05-20","2024-04-25","10130"
"REQ-5074","Senior Officer - Procurement","G8","Procurement","Jose Fernandes","2023-09-01","2023-09-26","CAN-5074","Male","Sudanese","Referral","2023-09-23","2023-10-07","2023-09-26","10250"
"REQ-5075","Senior Manager - Marketing","G11","Marketing","Huda Abdullah","2024-03-20","2024-05-19","CAN-5075","Male","Nepali","Career Site","2024-04-06","2024-04-20","2024-05-23","9530"
"REQ-5076","Operator - Finance","G3","Finance","Grace Reyes","2023-11-19","2024-01-09","CAN-5076","Female","Egyptian","Referral","2023-12-17","2023-12-29","2024-01-12","6800"
"REQ-5077","Chief Officer - Quality Assurance & Food Safety","G13","Quality Assurance & Food Safety","Yousef Al-Attiyah","2024-02-12","2024-03-18","CAN-5077","Male","Egyptian","Agency","2024-03-22","2024-04-04","2024-03-20","5110"
"REQ-5078","Team Lead - Sales & Distribution","G6","Sales & Distribution","Kumar El-Sayed","2024-07-30","2024-09-22","CAN-5078","Female","Egyptian","Referral","2024-08-16","2024-08-21","2024-09-25","6150"
"REQ-5079","Operator - Quality Assurance & Food Safety","G2","Quality Assurance & Food Safety","Khalid Al-Marri","2025-06-27","2025-07-24","CAN-5079","Male","Egyptian","LinkedIn","2025-07-25","2025-07-30","2025-07-26","4900"
"REQ-5080","Officer - Finance","G3","Finance","Grace Reyes","2024-06-04","2024-08-02","CAN-5080","Female","Egyptian","Internal Transfer","2024-06-27","2024-07-03","2024-08-03","0"
"REQ-5081","Assistant - Farm Operations","G5","Farm Operations","Hari Cruz","2023-12-21","2024-01-21","CAN-5081","Male","Nepali","Walk-in","2024-01-23","2024-02-06","2024-01-22","6190"
"REQ-5082","Manager - Finance","G10","Finance","Waleed Gurung","2025-01-05","2025-03-07","CAN-5082","Female","Egyptian","Career Site","2025-01-28","2025-02-05","2025-03-08","8110"
"REQ-5083","Technician - People & Culture","G1","People & Culture","Noor Baig","2023-06-05","2023-07-02","CAN-5083","Female","Indian","Internal Transfer","2023-07-01","2023-07-09","2023-07-06","0"
"REQ-5084","Associate - R&D","G3","R&D","Manoj Santos","2025-01-28","2025-02-19","CAN-5084","Female","Pakistani","Referral","2025-02-12","2025-02-23","2025-02-20","8580"
"REQ-5085","Senior Manager - Corporate & Executive Office","G10","Corporate & Executive Office","Pooja Chowdhury","2025-07-05","2025-08-17","CAN-5085","Male","Indian","Internal Transfer","2025-08-11","2025-08-14","2025-08-21","0"
"REQ-5086","Technician - Production","G3","Production","Kavita Chowdhury","2023-05-11","2023-07-04","CAN-5086","Male","Egyptian","Referral","2023-06-08","2023-06-19","2023-07-04","11280"
"REQ-5087","Supervisor - Farm Operations","G7","Farm Operations","Faisal Santos","2023-01-07","2023-03-07","CAN-5087","Male","Nepali","Career Site","2023-02-14","2023-02-28","2023-03-07","7450"
"REQ-5088","Associate - People & Culture","G4","People & Culture","Sanjay Kapoor","2023-01-03","2023-02-13","CAN-5088","Female","Nepali","Walk-in","2023-02-11","2023-02-23","2023-02-16","3640"
"REQ-5089","Associate - IT & Digital","G3","IT & Digital","Arjun Mendoza","2025-09-29","2025-11-25","CAN-5089","Male","Nepali","Internal Transfer","2025-10-10","2025-10-13","2025-11-27","0"
"REQ-5090","Supervisor - Quality Assurance & Food Safety","G8","Quality Assurance & Food Safety","Nadia Youssef","2022-12-23","2023-01-21","CAN-5090","Female","Egyptian","Agency","2023-01-05","2023-01-14","2023-01-21","6020"
"REQ-5091","Associate - Procurement","G5","Procurement","Yasmin Iqbal","2023-05-05","2023-06-29","CAN-5091","Male","Nepali","Career Site","2023-06-05","2023-06-16","2023-07-01","6310"
"REQ-5092","Manager - Corporate & Executive Office","G11","Corporate & Executive Office","Pooja Chowdhury","2025-03-02","2025-04-01","CAN-5092","Female","Nepali","Referral","2025-03-16","2025-03-30","2025-04-03","2110"
"REQ-5093","Coordinator - Quality Assurance & Food Safety","G1","Quality Assurance & Food Safety","Rajesh Farouk","2025-06-10","2025-08-08","CAN-5093","Female","Pakistani","LinkedIn","2025-07-04","2025-07-14","2025-08-08","9470"
"REQ-5094","Operator - Marketing","G3","Marketing","Ahmed Kapoor","2023-09-02","2023-09-30","CAN-5094","Female","Pakistani","Walk-in","2023-10-03","2023-10-09","2023-10-03","9340"
"REQ-5095","Officer - Engineering & Maintenance","G3","Engineering & Maintenance","Vikram Abdullah","2025-01-24","2025-03-18","CAN-5095","Male","Indian","LinkedIn","2025-02-26","2025-03-04","2025-03-19","2570"
"REQ-5096","Head of Department - IT & Digital","G13","IT & Digital","Yousef Al-Attiyah","2024-07-03","2024-09-13","CAN-5096","Male","Pakistani","Agency","2024-07-15","2024-07-29","2024-09-13","5090"
"REQ-5097","Team Lead - Corporate & Executive Office","G9","Corporate & Executive Office","Noor Abdullah","2023-03-14","2023-04-07","CAN-5097","Male","Filipino","Walk-in","2023-03-29","2023-04-07","2023-04-10","9540"
"REQ-5098","Senior Officer - People & Culture","G8","People & Culture","Tariq Khan","2025-01-16","2025-03-08","CAN-5098","Female","Filipino","University Hiring","2025-01-30","2025-02-05","2025-03-10","8840"
"REQ-5099","Manager - IT & Digital","G10","IT & Digital","Deepak Gurung","2022-11-07","2023-01-08","CAN-5099","Male","Nepali","Walk-in","2022-11-29","2022-12-02","2023-01-12","7940"
"REQ-5100","Senior Technician - Finance","G9","Finance","Omar Santos","2025-03-08","2025-04-03","CAN-5100","Female","Egyptian","Internal Transfer","2025-04-01","2025-04-10","2025-04-03","0"
"REQ-5101","Operator - Production","G4","Production","Omar Gurung","2024-07-31","2024-09-18","CAN-5101","Male","Sri Lankan","Career Site","2024-08-12","2024-08-19","2024-09-18","4110"
"REQ-5102","Specialist - People & Culture","G7","People & Culture","Tariq Khan","2023-11-21","2024-01-31","CAN-5102","Male","Qatari","LinkedIn","2023-12-10","2023-12-17","2024-02-02","11090"
"REQ-5103","Senior Manager - Production","G11","Production","Prakash Mendoza","2024-12-06","2025-02-01","CAN-5103","Male","Egyptian","University Hiring","2025-01-01","2025-01-04","2025-02-04","10650"
"REQ-5104","Technician - Supply Chain & Logistics","G1","Supply Chain & Logistics","Prakash Reyes","2025-04-14","2025-06-09","CAN-5104","Male","Sri Lankan","Referral","2025-05-17","2025-05-29","2025-06-10","11990"
"REQ-5105","Coordinator - Farm Operations","G1","Farm Operations","Manoj Ibrahim","2024-12-26","2025-01-13","CAN-5105","Male","Pakistani","Referral","2025-01-09","2025-01-19","2025-01-16","10850"
"REQ-5106","Senior Officer - Farm Operations","G6","Farm Operations","Anil Fernandes","2024-05-20","2024-07-26","CAN-5106","Male","Egyptian","Referral","2024-06-06","2024-06-11","2024-07-26","9500"
"REQ-5107","Senior Technician - Sales & Distribution","G9","Sales & Distribution","Bishnu Al-Marri","2023-11-09","2024-01-12","CAN-5107","Male","Jordanian","Internal Transfer","2023-11-19","2023-12-02","2024-01-12","0"
"REQ-5108","Coordinator - R&D","G4","R&D","Santosh Mahmoud","2024-07-31","2024-10-09","CAN-5108","Male","Bangladeshi","Referral","2024-08-10","2024-08-12","2024-10-09","7590"
"REQ-5109","Assistant Manager - Supply Chain & Logistics","G10","Supply Chain & Logistics","Suresh Reyes","2023-05-27","2023-08-04","CAN-5109","Male","Sri Lankan","Career Site","2023-07-04","2023-07-09","2023-08-08","1440"
"REQ-5110","Senior Officer - Engineering & Maintenance","G7","Engineering & Maintenance","Ravi Youssef","2024-09-08","2024-10-30","CAN-5110","Male","Pakistani","Career Site","2024-10-17","2024-10-31","2024-11-03","8620"
"REQ-5111","Associate - IT & Digital","G3","IT & Digital","Arjun Mendoza","2023-03-19","2023-05-19","CAN-5111","Male","Pakistani","Referral","2023-04-11","2023-04-13","2023-05-23","2200"
"REQ-5112","Senior Technician - Quality Assurance & Food Safety","G7","Quality Assurance & Food Safety","Vikram Hassan","2025-02-04","2025-04-01","CAN-5112","Male","Pakistani","Internal Transfer","2025-03-02","2025-03-13","2025-04-03","0"
"REQ-5113","Senior Technician - People & Culture","G9","People & Culture","Khalid Thapa","2023-08-12","2023-09-01","CAN-5113","Female","Pakistani","Career Site","2023-09-04","2023-09-08","2023-09-05","2960"
"REQ-5114","Specialist - Corporate & Executive Office","G6","Corporate & Executive Office","Rania Islam","2023-09-27","2023-10-16","CAN-5114","Female","Nepali","University Hiring","2023-10-09","2023-10-20","2023-10-17","7650"
"REQ-5115","Associate - Farm Operations","G3","Farm Operations","Santosh Abdullah","2024-02-17","2024-04-05","CAN-5115","Male","Qatari","Referral","2024-02-29","2024-03-10","2024-04-05","10700"
"REQ-5116","Assistant Manager - Marketing","G11","Marketing","Huda Abdullah","2023-06-24","2023-08-05","CAN-5116","Female","Pakistani","Referral","2023-07-16","2023-07-20","2023-08-08","2860"
"REQ-5117","Officer - Farm Operations","G2","Farm Operations","Khalid Santos","2023-08-27","2023-10-02","CAN-5117","Male","Nepali","Career Site","2023-09-23","2023-09-30","2023-10-06","7930"
"REQ-5118","Officer - IT & Digital","G3","IT & Digital","Suresh Mansour","2024-10-16","2024-12-20","CAN-5118","Male","Nepali","Walk-in","2024-11-08","2024-11-11","2024-12-22","4180"
"REQ-5119","Technician - Procurement","G1","Procurement","Priya Baig","2025-07-07","2025-08-17","CAN-5119","Male","Filipino","Internal Transfer","2025-08-02","2025-08-13","2025-08-19","0"
"REQ-5120","Coordinator - Procurement","G1","Procurement","Yasmin Iqbal","2025-07-02","2025-08-11","CAN-5120","Male","Qatari","Agency","2025-07-16","2025-07-19","2025-08-15","5330"
"REQ-5121","Specialist - IT & Digital","G7","IT & Digital","Salma Ibrahim","2022-10-25","2023-01-01","CAN-5121","Male","Indian","Referral","2022-11-07","2022-11-10","2023-01-03","3910"
"REQ-5122","Officer - Production","G5","Production","Tariq Mansour","2023-01-01","2023-01-25","CAN-5122","Male","Bangladeshi","Internal Transfer","2023-01-29","2023-02-05","2023-01-26","0"
"REQ-5123","Coordinator - Procurement","G5","Procurement","Ahmed Rai","2025-09-09","2025-10-18","CAN-5123","Male","Pakistani","LinkedIn","2025-10-18","2025-10-25","2025-10-21","3240"
"REQ-5124","Officer - Procurement","G4","Procurement","Yasmin Iqbal","2023-06-29","2023-09-07","CAN-5124","Female","Filipino","Referral","2023-07-27","2023-08-02","2023-09-09","5490"
"REQ-5125","Associate - Quality Assurance & Food Safety","G4","Quality Assurance & Food Safety","Sanjay Devi","2023-01-20","2023-03-05","CAN-5125","Male","Pakistani","Agency","2023-02-03","2023-02-07","2023-03-07","7140"
"REQ-5126","Operator - Engineering & Maintenance","G2","Engineering & Maintenance","Bikram Cruz","2023-12-27","2024-02-14","CAN-5126","Male","Egyptian","Internal Transfer","2024-01-22","2024-02-01","2024-02-17","0"
"REQ-5127","Assistant Manager - Corporate & Executive Office","G11","Corporate & Executive Office","Pooja Chowdhury","2025-06-16","2025-08-07","CAN-5127","Male","Indian","Agency","2025-07-03","2025-07-15","2025-08-08","5630"
"REQ-5128","Senior Officer - Marketing","G6","Marketing","Huda Ahmed","2023-09-03","2023-10-19","CAN-5128","Male","Jordanian","Agency","2023-09-28","2023-10-04","2023-10-22","9050"
"REQ-5129","Senior Technician - Finance","G9","Finance","Dalia Al-Kuwari","2023-06-03","2023-07-19","CAN-5129","Female","Nepali","Agency","2023-06-16","2023-06-29","2023-07-23","6630"
"REQ-5130","Associate - Sales & Distribution","G1","Sales & Distribution","Reem Youssef","2024-01-09","2024-02-09","CAN-5130","Female","Bangladeshi","Career Site","2024-01-26","2024-02-01","2024-02-12","6330"
"REQ-5131","Operator - IT & Digital","G1","IT & Digital","Manoj Mansour","2023-09-16","2023-10-08","CAN-5131","Female","Bangladeshi","Career Site","2023-09-27","2023-09-29","2023-10-08","1420"
"REQ-5132","Supervisor - Farm Operations","G7","Farm Operations","Ahmed Cruz","2024-05-09","2024-06-01","CAN-5132","Male","Egyptian","Referral","2024-06-04","2024-06-10","2024-06-02","4320"
"REQ-5133","Technician - People & Culture","G2","People & Culture","Omar Abdullah","2025-04-16","2025-05-06","CAN-5133","Female","Egyptian","Career Site","2025-05-23","2025-05-25","2025-05-09","10390"
"REQ-5134","Senior Technician - Production","G7","Production","Sameer Reyes","2023-03-04","2023-04-14","CAN-5134","Male","Egyptian","Internal Transfer","2023-04-04","2023-04-07","2023-04-15","0"
"REQ-5135","Specialist - Finance","G8","Finance","Rowena Fernandes","2024-07-10","2024-09-04","CAN-5135","Female","Egyptian","University Hiring","2024-08-04","2024-08-10","2024-09-04","11950"
"REQ-5136","Assistant - Finance","G3","Finance","Bishnu Pereira","2024-09-02","2024-10-13","CAN-5136","Female","Sri Lankan","Internal Transfer","2024-09-24","2024-09-30","2024-10-16","0"
"REQ-5137","Operator - Quality Assurance & Food Safety","G5","Quality Assurance & Food Safety","Hari Al-Kuwari","2023-08-21","2023-09-14","CAN-5137","Male","Sri Lankan","Internal Transfer","2023-09-22","2023-09-29","2023-09-17","0"
"REQ-5138","Coordinator - Production","G3","Production","Rakesh Youssef","2024-06-12","2024-07-20","CAN-5138","Male","Filipino","Agency","2024-07-12","2024-07-16","2024-07-20","2630"
"REQ-5139","Assistant - People & Culture","G2","People & Culture","Arjun Islam","2024-04-05","2024-06-03","CAN-5139","Female","Sudanese","University Hiring","2024-04-27","2024-05-09","2024-06-03","7030"
"REQ-5140","Technician - IT & Digital","G4","IT & Digital","Rajesh Mansour","2023-05-18","2023-06-14","CAN-5140","Female","Indian","Referral","2023-06-21","2023-07-05","2023-06-18","5820"
"REQ-5141","Senior Technician - Corporate & Executive Office","G8","Corporate & Executive Office","Rania Kapoor","2025-07-28","2025-10-01","CAN-5141","Male","Indian","Career Site","2025-08-16","2025-08-19","2025-10-02","5660"
"REQ-5142","Officer - Procurement","G5","Procurement","Sanjay Fernandes","2023-05-23","2023-07-06","CAN-5142","Male","Pakistani","Referral","2023-06-29","2023-07-02","2023-07-08","10960"
"REQ-5143","Assistant Manager - People & Culture","G11","People & Culture","Mariam Khan","2024-05-13","2024-07-23","CAN-5143","Female","Egyptian","LinkedIn","2024-06-10","2024-06-15","2024-07-23","6290"
"REQ-5144","Assistant - Finance","G4","Finance","Amina Cruz","2024-12-22","2025-03-04","CAN-5144","Male","Egyptian","Referral","2025-01-22","2025-01-30","2025-03-06","3530"
"REQ-5145","Assistant - Engineering & Maintenance","G1","Engineering & Maintenance","Ahmed Malik","2023-11-16","2024-01-17","CAN-5145","Male","Egyptian","Internal Transfer","2023-12-21","2023-12-31","2024-01-21","0"
"REQ-5146","Coordinator - Corporate & Executive Office","G2","Corporate & Executive Office","Lubna Thapa","2022-12-03","2023-01-11","CAN-5146","Male","Nepali","Referral","2023-01-05","2023-01-16","2023-01-14","4910"
"REQ-5147","Associate - Marketing","G1","Marketing","Rowena Chowdhury","2025-07-13","2025-09-09","CAN-5147","Female","Bangladeshi","Career Site","2025-08-18","2025-08-24","2025-09-11","6200"
"REQ-5148","Head of Department - IT & Digital","G13","IT & Digital","Yousef Al-Attiyah","2025-03-01","2025-04-16","CAN-5148","Male","Indian","Agency","2025-03-31","2025-04-13","2025-04-19","10990"
"REQ-5149","Officer - IT & Digital","G5","IT & Digital","Dalia Al-Kuwari","2023-01-17","2023-02-20","CAN-5149","Female","Filipino","LinkedIn","2023-01-30","2023-02-12","2023-02-22","6390"
"REQ-5150","Senior Technician - Supply Chain & Logistics","G6","Supply Chain & Logistics","Khalid Ibrahim","2024-01-11","2024-03-15","CAN-5150","Male","Sudanese","LinkedIn","2024-02-05","2024-02-08","2024-03-17","11070"
"REQ-5151","Coordinator - Supply Chain & Logistics","G3","Supply Chain & Logistics","Prakash Kapoor","2024-08-01","2024-09-21","CAN-5151","Male","Nepali","LinkedIn","2024-08-22","2024-08-26","2024-09-24","2950"
"REQ-5152","Assistant - People & Culture","G1","People & Culture","Layla Reyes","2024-10-11","2024-11-14","CAN-5152","Male","Egyptian","Agency","2024-11-08","2024-11-22","2024-11-14","4240"
"REQ-5153","Coordinator - Supply Chain & Logistics","G2","Supply Chain & Logistics","Nadia El-Sayed","2025-08-28","2025-09-22","CAN-5153","Male","Egyptian","LinkedIn","2025-09-23","2025-09-25","2025-09-24","8670"
"REQ-5154","Associate - Farm Operations","G3","Farm Operations","Kumar Kapoor","2023-05-17","2023-07-01","CAN-5154","Male","Indian","Internal Transfer","2023-06-17","2023-07-01","2023-07-04","0"
"REQ-5155","Officer - Quality Assurance & Food Safety","G1","Quality Assurance & Food Safety","Pooja Thapa","2022-11-08","2023-01-13","CAN-5155","Male","Egyptian","Walk-in","2022-12-17","2022-12-28","2023-01-15","8870"
"REQ-5156","Coordinator - Farm Operations","G2","Farm Operations","Krishna Thapa","2024-08-09","2024-09-09","CAN-5156","Male","Pakistani","Walk-in","2024-09-06","2024-09-18","2024-09-13","2080"
"REQ-5157","Assistant Manager - R&D","G12","R&D","Suresh Reyes","2024-03-22","2024-05-05","CAN-5157","Female","Bangladeshi","Agency","2024-04-25","2024-05-02","2024-05-08","8130"
"REQ-5158","Operator - R&D","G4","R&D","Anita Ahmed","2024-01-06","2024-02-13","CAN-5158","Male","Nepali","LinkedIn","2024-01-19","2024-02-02","2024-02-17","9020"
"REQ-5159","Manager - Finance","G10","Finance","Noor Al-Sayed","2024-06-28","2024-09-06","CAN-5159","Female","Egyptian","Referral","2024-07-27","2024-08-02","2024-09-09","1260"
"REQ-5160","Operator - People & Culture","G1","People & Culture","Sara Santos","2025-08-16","2025-09-29","CAN-5160","Female","Indian","University Hiring","2025-09-23","2025-10-01","2025-10-02","6010"
"REQ-5161","Senior Technician - R&D","G6","R&D","Salma Mansour","2022-12-21","2023-01-23","CAN-5161","Female","Bangladeshi","Career Site","2023-01-07","2023-01-14","2023-01-27","1750"
"REQ-5162","Operator - Quality Assurance & Food Safety","G3","Quality Assurance & Food Safety","Ali Hassan","2025-03-31","2025-04-30","CAN-5162","Male","Pakistani","Walk-in","2025-04-26","2025-05-08","2025-05-02","10010"
"REQ-5163","Assistant - R&D","G5","R&D","Bishnu Mansour","2023-12-01","2024-01-03","CAN-5163","Female","Jordanian","Referral","2023-12-12","2023-12-18","2024-01-03","2020"
"REQ-5164","Assistant Manager - Procurement","G11","Procurement","Mohamed Rai","2024-03-28","2024-06-04","CAN-5164","Female","Bangladeshi","Career Site","2024-04-29","2024-05-10","2024-06-07","10490"
"REQ-5165","Operator - Production","G2","Production","Ali Thapa","2025-05-09","2025-07-05","CAN-5165","Male","Egyptian","Referral","2025-05-30","2025-06-11","2025-07-08","3430"
"REQ-5166","Supervisor - Production","G6","Production","Grace Pereira","2023-11-13","2023-12-05","CAN-5166","Male","Egyptian","Referral","2023-11-30","2023-12-13","2023-12-08","6560"
"REQ-5167","Supervisor - Sales & Distribution","G8","Sales & Distribution","Kumar El-Sayed","2023-11-08","2023-12-09","CAN-5167","Male","Egyptian","LinkedIn","2023-12-03","2023-12-05","2023-12-12","10830"
"REQ-5168","Assistant Manager - Procurement","G10","Procurement","Manoj Iqbal","2025-08-11","2025-09-30","CAN-5168","Male","Pakistani","Walk-in","2025-08-28","2025-09-02","2025-10-03","4700"
"REQ-5169","Manager - Quality Assurance & Food Safety","G11","Quality Assurance & Food Safety","Rakesh Cruz","2025-01-12","2025-03-11","CAN-5169","Female","Egyptian","Agency","2025-02-18","2025-02-23","2025-03-15","5250"
"REQ-5170","Assistant - R&D","G2","R&D","Ramesh Devi","2025-02-14","2025-03-11","CAN-5170","Male","Sudanese","Referral","2025-03-12","2025-03-25","2025-03-12","1750"
"REQ-5171","Senior Officer - Sales & Distribution","G9","Sales & Distribution","Sanjay Islam","2024-06-16","2024-08-11","CAN-5171","Female","Egyptian","Career Site","2024-07-09","2024-07-20","2024-08-12","11990"
"REQ-5172","Team Lead - IT & Digital","G6","IT & Digital","Juan Al-Sayed","2025-06-11","2025-08-04","CAN-5172","Male","Sri Lankan","Referral","2025-07-14","2025-07-21","2025-08-05","7240"
"REQ-5173","Assistant - Farm Operations","G2","Farm Operations","Noor Islam","2023-09-17","2023-10-13","CAN-5173","Female","Egyptian","Agency","2023-10-22","2023-11-02","2023-10-17","5190"
"REQ-5174","Associate - R&D","G1","R&D","Arjun Santos","2023-01-14","2023-02-26","CAN-5174","Male","Nepali","Referral","2023-01-30","2023-02-07","2023-03-02","4890"
"REQ-5175","Technician - Finance","G5","Finance","Suresh Baig","2024-02-28","2024-03-23","CAN-5175","Female","Sudanese","Referral","2024-03-19","2024-03-23","2024-03-23","5880"
"REQ-5176","Specialist - Sales & Distribution","G7","Sales & Distribution","Tariq Islam","2022-12-28","2023-03-07","CAN-5176","Male","Egyptian","Agency","2023-02-02","2023-02-08","2023-03-10","11540"
"REQ-5177","Technician - Production","G3","Production","Bikram Islam","2025-03-27","2025-06-04","CAN-5177","Male","Egyptian","LinkedIn","2025-04-21","2025-04-30","2025-06-07","10850"
"REQ-5178","Associate - Farm Operations","G5","Farm Operations","Prakash Kapoor","2023-04-13","2023-05-23","CAN-5178","Male","Egyptian","Walk-in","2023-05-09","2023-05-15","2023-05-24","6730"
"REQ-5179","Assistant - Corporate & Executive Office","G3","Corporate & Executive Office","Santosh El-Sayed","2023-01-30","2023-04-11","CAN-5179","Male","Qatari","Internal Transfer","2023-02-15","2023-02-24","2023-04-14","0"
"REQ-5180","Senior Manager - Procurement","G11","Procurement","Mohamed Rai","2023-12-16","2024-01-05","CAN-5180","Male","Filipino","LinkedIn","2024-01-20","2024-01-25","2024-01-06","2540"
"REQ-5181","Operator - Farm Operations","G3","Farm Operations","Krishna Thapa","2024-07-07","2024-08-11","CAN-5181","Male","Pakistani","Agency","2024-07-17","2024-07-22","2024-08-15","9670"
"REQ-5182","Team Lead - IT & Digital","G6","IT & Digital","Arjun Malik","2025-03-04","2025-04-22","CAN-5182","Male","Nepali","Agency","2025-04-02","2025-04-09","2025-04-25","11940"
"REQ-5183","Officer - Finance","G3","Finance","Jose Fernandes","2025-06-15","2025-08-03","CAN-5183","Male","Nepali","Walk-in","2025-07-02","2025-07-14","2025-08-06","9620"
"REQ-5184","Operator - Farm Operations","G1","Farm Operations","Ramesh Malik","2024-11-24","2025-01-08","CAN-5184","Male","Nepali","Referral","2024-12-09","2024-12-18","2025-01-08","8110"
"REQ-5185","Coordinator - Supply Chain & Logistics","G1","Supply Chain & Logistics","Prakash Reyes","2024-10-06","2024-11-08","CAN-5185","Male","Qatari","Agency","2024-11-08","2024-11-16","2024-11-12","1200"
"REQ-5186","Officer - R&D","G1","R&D","Ramesh Devi","2022-10-29","2023-01-04","CAN-5186","Male","Sri Lankan","Referral","2022-11-30","2022-12-03","2023-01-08","3560"
"REQ-5187","Associate - People & Culture","G1","People & Culture","Sara Hassan","2024-07-05","2024-08-25","CAN-5187","Female","Indian","Agency","2024-08-13","2024-08-20","2024-08-25","4300"
"REQ-5188","Specialist - Supply Chain & Logistics","G6","Supply Chain & Logistics","Sanjay Devi","2025-11-19","2025-12-11","CAN-5188","Male","Egyptian","LinkedIn","2025-12-24","2025-12-27","2025-12-11","1480"
"REQ-5189","Assistant - People & Culture","G2","People & Culture","Juan Santos","2023-08-04","2023-10-09","CAN-5189","Male","Egyptian","LinkedIn","2023-08-27","2023-08-31","2023-10-12","5210"
"REQ-5190","Senior Manager - Supply Chain & Logistics","G10","Supply Chain & Logistics","Rakesh Cruz","2025-04-16","2025-05-16","CAN-5190","Male","Egyptian","Referral","2025-04-30","2025-05-02","2025-05-18","10460"
"REQ-5191","Operator - R&D","G2","R&D","Kumar Malik","2025-02-04","2025-03-04","CAN-5191","Female","Egyptian","Agency","2025-02-17","2025-02-25","2025-03-04","4530"
"REQ-5192","Supervisor - IT & Digital","G8","IT & Digital","Santosh Fernandes","2022-12-03","2023-01-12","CAN-5192","Male","Indian","Career Site","2022-12-29","2023-01-10","2023-01-14","3720"
"REQ-5193","Operator - Supply Chain & Logistics","G3","Supply Chain & Logistics","Anil Fernandes","2025-02-17","2025-03-20","CAN-5193","Female","Egyptian","Agency","2025-03-16","2025-03-21","2025-03-21","8450"
"REQ-5194","Officer - Finance","G5","Finance","Santosh Fernandes","2023-10-19","2023-11-25","CAN-5194","Female","Egyptian","Walk-in","2023-11-20","2023-11-26","2023-11-26","1340"
"REQ-5195","Operator - Finance","G1","Finance","Santosh Reyes","2023-03-08","2023-04-22","CAN-5195","Male","Egyptian","Referral","2023-04-12","2023-04-23","2023-04-24","1330"
"REQ-5196","Senior Manager - Farm Operations","G12","Farm Operations","Anil Khan","2024-12-14","2025-01-20","CAN-5196","Male","Pakistani","Referral","2024-12-24","2025-01-06","2025-01-20","2910"
"REQ-5197","Officer - R&D","G3","R&D","Kavita Sharma","2025-08-09","2025-10-12","CAN-5197","Female","Nepali","Internal Transfer","2025-08-23","2025-08-26","2025-10-12","0"
"REQ-5198","Associate - Finance","G2","Finance","Reem Farouk","2025-06-27","2025-08-11","CAN-5198","Female","Indian","Agency","2025-07-09","2025-07-18","2025-08-12","10310"
"REQ-5199","Specialist - Engineering & Maintenance","G9","Engineering & Maintenance","Suresh Devi","2024-11-15","2025-01-01","CAN-5199","Male","Egyptian","Internal Transfer","2024-12-03","2024-12-16","2025-01-01","0"
"REQ-5200","Supervisor - Corporate & Executive Office","G9","Corporate & Executive Office","Noor Abdullah","2024-07-30","2024-09-13","CAN-5200","Male","Indian","Walk-in","2024-09-04","2024-09-16","2024-09-13","3650"
"REQ-5201","Assistant Manager - Marketing","G10","Marketing","Manoj Fernandes","2023-08-15","2023-09-13","CAN-5201","Male","Indian","Internal Transfer","2023-09-10","2023-09-17","2023-09-17","0"
"REQ-5202","Team Lead - Engineering & Maintenance","G7","Engineering & Maintenance","Ravi Youssef","2024-07-30","2024-10-04","CAN-5202","Female","Bangladeshi","Career Site","2024-08-11","2024-08-17","2024-10-08","4370"
"REQ-5203","Assistant - Farm Operations","G1","Farm Operations","Krishna Thapa","2024-04-21","2024-06-07","CAN-5203","Male","Nepali","Referral","2024-05-04","2024-05-13","2024-06-10","5440"
"REQ-5204","Specialist - Quality Assurance & Food Safety","G8","Quality Assurance & Food Safety","Sameer Al-Marri","2025-05-14","2025-07-06","CAN-5204","Female","Egyptian","Referral","2025-06-17","2025-06-20","2025-07-07","4680"
"REQ-5205","Operator - Corporate & Executive Office","G4","Corporate & Executive Office","Deepak Abdullah","2022-12-13","2023-01-23","CAN-5205","Male","Pakistani","Career Site","2023-01-13","2023-01-17","2023-01-23","8730"
"REQ-5206","Senior Officer - Corporate & Executive Office","G8","Corporate & Executive Office","Sameer Islam","2023-04-05","2023-05-08","CAN-5206","Female","Sudanese","Walk-in","2023-05-09","2023-05-15","2023-05-11","7450"
"REQ-5207","Technician - Farm Operations","G1","Farm Operations","Ravi Ahmed","2025-02-03","2025-03-07","CAN-5207","Male","Filipino","Internal Transfer","2025-03-08","2025-03-11","2025-03-07","0"
"REQ-5208","Manager - Quality Assurance & Food Safety","G10","Quality Assurance & Food Safety","Huda Abdullah","2025-09-18","2025-10-11","CAN-5208","Male","Sri Lankan","University Hiring","2025-10-21","2025-10-29","2025-10-11","840"
"REQ-5209","Coordinator - Sales & Distribution","G5","Sales & Distribution","Juan Baig","2023-05-04","2023-07-13","CAN-5209","Male","Pakistani","Agency","2023-05-30","2023-06-13","2023-07-13","2220"
"REQ-5210","Specialist - Procurement","G7","Procurement","Ali Kapoor","2024-12-15","2025-01-31","CAN-5210","Male","Nepali","Agency","2024-12-27","2025-01-09","2025-02-04","7760"
"REQ-5211","Specialist - Quality Assurance & Food Safety","G6","Quality Assurance & Food Safety","Sameer Al-Sayed","2023-01-03","2023-02-01","CAN-5211","Female","Egyptian","Agency","2023-02-03","2023-02-05","2023-02-02","4100"
"REQ-5212","Senior Technician - Marketing","G9","Marketing","Rowena Kapoor","2025-11-12","2025-12-17","CAN-5212","Female","Bangladeshi","Referral","2025-12-21","2026-01-02","2025-12-20","7470"
"REQ-5213","Team Lead - Finance","G9","Finance","Ahmed Malik","2024-02-25","2024-03-23","CAN-5213","Male","Bangladeshi","LinkedIn","2024-03-31","2024-04-13","2024-03-24","7640"
"REQ-5214","Assistant Manager - Sales & Distribution","G11","Sales & Distribution","Deepak Gurung","2023-01-26","2023-02-23","CAN-5214","Male","Filipino","Internal Transfer","2023-02-20","2023-02-27","2023-02-25","0"
"REQ-5215","Technician - IT & Digital","G3","IT & Digital","Amina Fernandes","2023-07-28","2023-09-12","CAN-5215","Male","Sri Lankan","Career Site","2023-08-29","2023-09-07","2023-09-15","11810"
"REQ-5216","Assistant - Supply Chain & Logistics","G1","Supply Chain & Logistics","Khalid Santos","2025-09-25","2025-10-21","CAN-5216","Male","Nepali","Referral","2025-11-01","2025-11-09","2025-10-23","9720"
"REQ-5217","Technician - IT & Digital","G2","IT & Digital","Hari Al-Marri","2024-11-04","2024-12-11","CAN-5217","Female","Indian","Referral","2024-11-26","2024-12-03","2024-12-13","10760"
"REQ-5218","Associate - Supply Chain & Logistics","G1","Supply Chain & Logistics","Faisal Al-Marri","2023-01-18","2023-03-14","CAN-5218","Male","Egyptian","Referral","2023-02-01","2023-02-11","2023-03-15","11570"
"REQ-5219","Assistant Manager - Finance","G10","Finance","Rakesh Cruz","2023-12-14","2024-01-17","CAN-5219","Female","Egyptian","Walk-in","2024-01-13","2024-01-17","2024-01-17","11020"
"REQ-5220","Officer - Quality Assurance & Food Safety","G2","Quality Assurance & Food Safety","Khalid Al-Marri","2025-01-31","2025-03-04","CAN-5220","Male","Egyptian","Career Site","2025-02-20","2025-02-28","2025-03-05","10640"
"REQ-5221","Assistant - People & Culture","G4","People & Culture","Hassan Cruz","2023-04-24","2023-06-17","CAN-5221","Female","Sri Lankan","Career Site","2023-05-16","2023-05-24","2023-06-18","8990"
"REQ-5222","Operator - Production","G1","Production","Omar Al-Kuwari","2024-12-28","2025-02-12","CAN-5222","Female","Qatari","Referral","2025-02-04","2025-02-13","2025-02-15","10920"
"REQ-5223","Senior Manager - People & Culture","G11","People & Culture","Prakash Mendoza","2024-07-30","2024-09-22","CAN-5223","Male","Indian","Referral","2024-09-03","2024-09-15","2024-09-26","3090"
"REQ-5224","Technician - R&D","G2","R&D","Yasmin Rai","2023-09-09","2023-10-19","CAN-5224","Male","Egyptian","University Hiring","2023-10-02","2023-10-04","2023-10-22","5020"
"REQ-5225","Coordinator - Sales & Distribution","G2","Sales & Distribution","Nadia Baig","2025-08-13","2025-10-13","CAN-5225","Male","Nepali","LinkedIn","2025-09-19","2025-10-02","2025-10-16","4370"
"REQ-5226","Coordinator - Supply Chain & Logistics","G4","Supply Chain & Logistics","Anil Islam","2025-08-11","2025-09-16","CAN-5226","Male","Egyptian","LinkedIn","2025-09-07","2025-09-16","2025-09-19","7540"
"REQ-5227","Technician - People & Culture","G4","People & Culture","Cherry Reyes","2025-09-06","2025-10-23","CAN-5227","Female","Egyptian","Referral","2025-10-01","2025-10-09","2025-10-27","5020"
"REQ-5228","Manager - Supply Chain & Logistics","G10","Supply Chain & Logistics","Suresh Reyes","2024-01-08","2024-02-15","CAN-5228","Male","Indian","Referral","2024-02-10","2024-02-13","2024-02-16","8470"
"REQ-5229","Supervisor - Finance","G6","Finance","Mariam Chowdhury","2025-01-14","2025-02-04","CAN-5229","Male","Egyptian","LinkedIn","2025-01-24","2025-02-07","2025-02-05","1910"
"REQ-5230","Coordinator - Procurement","G3","Procurement","Priya Baig","2023-05-11","2023-06-23","CAN-5230","Male","Bangladeshi","LinkedIn","2023-06-07","2023-06-20","2023-06-26","3060"
"REQ-5231","Coordinator - Farm Operations","G5","Farm Operations","Cherry Khan","2023-10-30","2024-01-11","CAN-5231","Male","Sri Lankan","Agency","2023-11-23","2023-12-01","2024-01-11","3710"
"REQ-5232","Officer - People & Culture","G5","People & Culture","Hind Youssef","2023-12-09","2024-01-05","CAN-5232","Female","Sudanese","University Hiring","2023-12-19","2023-12-27","2024-01-05","8110"
"REQ-5233","Operator - Procurement","G1","Procurement","Joy Reyes","2023-04-25","2023-06-19","CAN-5233","Male","Nepali","LinkedIn","2023-05-31","2023-06-03","2023-06-21","4100"
"REQ-5234","Officer - Supply Chain & Logistics","G4","Supply Chain & Logistics","Ramesh Santos","2024-02-24","2024-03-29","CAN-5234","Female","Egyptian","Walk-in","2024-03-14","2024-03-27","2024-04-01","11830"
"REQ-5235","Technician - Production","G2","Production","Ali Thapa","2024-01-31","2024-03-20","CAN-5235","Male","Egyptian","Referral","2024-02-20","2024-03-05","2024-03-24","2340"
"REQ-5236","Operator - Corporate & Executive Office","G3","Corporate & Executive Office","Pooja Abdullah","2024-05-07","2024-07-16","CAN-5236","Female","Sri Lankan","Referral","2024-05-23","2024-06-01","2024-07-17","10270"
"REQ-5237","Technician - Supply Chain & Logistics","G5","Supply Chain & Logistics","Nadia El-Sayed","2025-06-10","2025-08-06","CAN-5237","Male","Egyptian","Referral","2025-07-02","2025-07-11","2025-08-09","3640"
"REQ-5238","Manager - Procurement","G11","Procurement","Mohamed Rai","2022-12-09","2023-01-22","CAN-5238","Male","Filipino","Agency","2022-12-22","2023-01-04","2023-01-22","9030"
"REQ-5239","Technician - People & Culture","G5","People & Culture","Dina Reyes","2024-09-26","2024-11-24","CAN-5239","Female","Egyptian","LinkedIn","2024-10-31","2024-11-06","2024-11-25","9310"
"REQ-5240","Team Lead - Quality Assurance & Food Safety","G7","Quality Assurance & Food Safety","Manoj Al-Kuwari","2023-10-15","2023-11-02","CAN-5240","Female","Nepali","Walk-in","2023-10-26","2023-10-30","2023-11-05","2150"
"REQ-5241","Head of Department - People & Culture","G13","People & Culture","Yousef Al-Attiyah","2024-05-15","2024-06-12","CAN-5241","Female","Egyptian","LinkedIn","2024-06-15","2024-06-18","2024-06-16","10280"
"REQ-5242","Supervisor - Quality Assurance & Food Safety","G7","Quality Assurance & Food Safety","Aisha Malik","2025-04-18","2025-06-10","CAN-5242","Male","Egyptian","Agency","2025-05-17","2025-05-24","2025-06-10","3550"
"REQ-5243","Associate - Corporate & Executive Office","G5","Corporate & Executive Office","Rina Rai","2022-12-04","2023-02-07","CAN-5243","Female","Pakistani","Walk-in","2022-12-18","2022-12-31","2023-02-10","4600"
"REQ-5244","Assistant - Supply Chain & Logistics","G1","Supply Chain & Logistics","Jose Reyes","2024-12-20","2025-02-05","CAN-5244","Male","Egyptian","LinkedIn","2025-01-20","2025-01-25","2025-02-07","2610"
"REQ-5245","Coordinator - People & Culture","G5","People & Culture","Noor Mahmoud","2023-09-12","2023-09-30","CAN-5245","Female","Filipino","Career Site","2023-09-24","2023-10-07","2023-10-04","6600"
"REQ-5246","Chief Officer - Finance","G13","Finance","Yousef Al-Attiyah","2024-03-01","2024-04-03","CAN-5246","Male","Sri Lankan","Agency","2024-03-24","2024-04-01","2024-04-05","5670"
"REQ-5247","Technician - People & Culture","G1","People & Culture","Rania Baig","2024-11-05","2024-12-14","CAN-5247","Female","Egyptian","University Hiring","2024-11-25","2024-11-28","2024-12-14","6200"
"REQ-5248","Senior Manager - Finance","G10","Finance","Krishna Kapoor","2022-12-07","2023-02-06","CAN-5248","Male","Sri Lankan","Agency","2022-12-21","2022-12-25","2023-02-10","3130"
"REQ-5249","Operator - Finance","G5","Finance","Anita Pereira","2023-02-11","2023-03-11","CAN-5249","Female","Egyptian","Referral","2023-03-19","2023-03-21","2023-03-12","11070"
"REQ-5250","Associate - R&D","G2","R&D","Manoj Santos","2022-12-19","2023-01-07","CAN-5250","Male","Indian","Agency","2023-01-25","2023-02-03","2023-01-08","5290"
"REQ-5251","Team Lead - Supply Chain & Logistics","G6","Supply Chain & Logistics","Ravi Khan","2023-06-25","2023-08-11","CAN-5251","Male","Nepali","University Hiring","2023-07-24","2023-07-28","2023-08-13","9970"
"REQ-5252","Assistant - Quality Assurance & Food Safety","G1","Quality Assurance & Food Safety","Krishna Youssef","2024-12-29","2025-02-28","CAN-5252","Male","Indian","Referral","2025-01-19","2025-01-27","2025-03-03","11110"
"REQ-5253","Manager - Finance","G10","Finance","Krishna Kapoor","2023-03-19","2023-05-14","CAN-5253","Female","Nepali","LinkedIn","2023-04-14","2023-04-16","2023-05-15","9700"
"REQ-5254","Senior Technician - R&D","G8","R&D","Yasmin Malik","2023-10-23","2023-12-15","CAN-5254","Female","Egyptian","Career Site","2023-11-03","2023-11-14","2023-12-18","3170"
"REQ-5255","Technician - R&D","G5","R&D","Anita Ahmed","2023-02-14","2023-03-13","CAN-5255","Female","Nepali","Internal Transfer","2023-03-11","2023-03-18","2023-03-17","0"
"REQ-5256","Director - People & Culture","G14","People & Culture","Yousef Al-Attiyah","2024-10-14","2024-12-14","CAN-5256","Female","Egyptian","LinkedIn","2024-11-09","2024-11-23","2024-12-14","1500"
"REQ-5257","Assistant Manager - R&D","G11","R&D","Priya Farouk","2023-02-11","2023-03-22","CAN-5257","Female","Nepali","Referral","2023-03-16","2023-03-19","2023-03-24","7880"
"REQ-5258","Assistant Manager - Finance","G10","Finance","Krishna Kapoor","2025-05-22","2025-07-07","CAN-5258","Male","Bangladeshi","LinkedIn","2025-06-05","2025-06-18","2025-07-08","8930"
"REQ-5259","Senior Officer - Marketing","G8","Marketing","Ramesh Sharma","2023-07-17","2023-09-12","CAN-5259","Female","Egyptian","Agency","2023-08-05","2023-08-15","2023-09-14","6100"
"REQ-5260","Coordinator - Finance","G5","Finance","Rina Malik","2024-03-20","2024-05-08","CAN-5260","Male","Egyptian","Referral","2024-04-14","2024-04-20","2024-05-12","8390"
"REQ-5261","Senior Officer - Corporate & Executive Office","G8","Corporate & Executive Office","Priya Farouk","2024-11-02","2025-01-11","CAN-5261","Male","Egyptian","Agency","2024-11-29","2024-12-01","2025-01-15","10800"
"REQ-5262","Senior Technician - Marketing","G8","Marketing","Anita Gurung","2022-12-24","2023-02-20","CAN-5262","Male","Filipino","Agency","2023-01-11","2023-01-25","2023-02-23","8190"
"REQ-5263","Manager - IT & Digital","G10","IT & Digital","Deepak Gurung","2025-06-23","2025-07-21","CAN-5263","Male","Jordanian","LinkedIn","2025-07-13","2025-07-27","2025-07-22","9070"
"REQ-5264","Technician - IT & Digital","G5","IT & Digital","Juan Islam","2024-05-17","2024-06-25","CAN-5264","Male","Nepali","Career Site","2024-06-22","2024-07-01","2024-06-27","6500"
"REQ-5265","Coordinator - IT & Digital","G4","IT & Digital","Rowena Ibrahim","2025-08-12","2025-10-06","CAN-5265","Female","Qatari","Internal Transfer","2025-08-31","2025-09-07","2025-10-10","0"
"REQ-5266","Assistant - People & Culture","G3","People & Culture","Manoj Fernandes","2024-11-15","2024-12-26","CAN-5266","Male","Egyptian","Agency","2024-12-15","2024-12-22","2024-12-27","2210"
"REQ-5267","Operator - Corporate & Executive Office","G1","Corporate & Executive Office","Arjun Cruz","2023-09-09","2023-11-13","CAN-5267","Male","Nepali","Internal Transfer","2023-09-28","2023-10-08","2023-11-13","0"
"REQ-5268","Technician - Finance","G1","Finance","Grace Fernandes","2023-08-26","2023-10-22","CAN-5268","Female","Qatari","LinkedIn","2023-09-14","2023-09-16","2023-10-25","3020"
"REQ-5269","Assistant - Sales & Distribution","G1","Sales & Distribution","Hari Al-Kuwari","2024-02-24","2024-03-20","CAN-5269","Male","Egyptian","LinkedIn","2024-04-02","2024-04-15","2024-03-23","8280"
"REQ-5270","Team Lead - Farm Operations","G9","Farm Operations","Ahmed Cruz","2024-02-02","2024-03-02","CAN-5270","Male","Pakistani","Referral","2024-03-09","2024-03-14","2024-03-02","3980"
"REQ-5271","Officer - Farm Operations","G4","Farm Operations","Krishna Thapa","2024-02-14","2024-03-17","CAN-5271","Male","Indian","Referral","2024-03-22","2024-04-04","2024-03-20","6870"
"REQ-5272","Technician - Quality Assurance & Food Safety","G5","Quality Assurance & Food Safety","Omar Ibrahim","2024-07-23","2024-09-08","CAN-5272","Male","Egyptian","Internal Transfer","2024-08-25","2024-09-08","2024-09-11","0"
"REQ-5273","Assistant - Marketing","G2","Marketing","Rowena Chowdhury","2023-01-24","2023-03-25","CAN-5273","Female","Nepali","LinkedIn","2023-02-12","2023-02-22","2023-03-26","11730"
"REQ-5274","Officer - People & Culture","G5","People & Culture","Juan Santos","2024-05-06","2024-06-22","CAN-5274","Female","Egyptian","Referral","2024-05-29","2024-06-08","2024-06-23","5280"
"REQ-5275","Senior Technician - Engineering & Maintenance","G6","Engineering & Maintenance","Ramesh Kapoor","2023-07-14","2023-09-06","CAN-5275","Female","Filipino","Agency","2023-08-21","2023-08-30","2023-09-10","11280"
"REQ-5276","Operator - Quality Assurance & Food Safety","G4","Quality Assurance & Food Safety","Sunita Cruz","2024-06-05","2024-08-06","CAN-5276","Male","Egyptian","Agency","2024-06-24","2024-06-30","2024-08-10","6290"
"REQ-5277","Manager - Finance","G10","Finance","Mariam Khan","2025-06-01","2025-07-12","CAN-5277","Male","Egyptian","LinkedIn","2025-07-05","2025-07-11","2025-07-15","11020"
"REQ-5278","Associate - Quality Assurance & Food Safety","G1","Quality Assurance & Food Safety","Hassan Rai","2024-05-23","2024-07-30","CAN-5278","Male","Bangladeshi","University Hiring","2024-06-11","2024-06-23","2024-08-03","9140"
"REQ-5279","Officer - Corporate & Executive Office","G4","Corporate & Executive Office","Rakesh Islam","2023-03-03","2023-05-13","CAN-5279","Male","Sri Lankan","Agency","2023-03-19","2023-03-30","2023-05-16","5910"
"REQ-5280","Associate - Corporate & Executive Office","G3","Corporate & Executive Office","Rowena Fernandes","2025-08-25","2025-10-21","CAN-5280","Male","Indian","LinkedIn","2025-09-22","2025-10-02","2025-10-22","3690"
"REQ-5281","Coordinator - Farm Operations","G4","Farm Operations","Ramesh Malik","2024-06-10","2024-07-23","CAN-5281","Male","Sudanese","Referral","2024-06-30","2024-07-07","2024-07-25","9940"
"REQ-5282","Assistant - Quality Assurance & Food Safety","G1","Quality Assurance & Food Safety","Aisha Ahmed","2025-11-06","2025-12-07","CAN-5282","Male","Nepali","Referral","2025-12-03","2025-12-07","2025-12-11","4560"
"REQ-5283","Senior Technician - Marketing","G6","Marketing","Priya Abdullah","2024-08-22","2024-10-02","CAN-5283","Male","Filipino","Referral","2024-09-05","2024-09-17","2024-10-05","9470"
"REQ-5284","Team Lead - Corporate & Executive Office","G7","Corporate & Executive Office","Noor Abdullah","2023-06-12","2023-08-04","CAN-5284","Female","Pakistani","University Hiring","2023-06-25","2023-07-02","2023-08-04","2960"
"REQ-5285","Associate - Supply Chain & Logistics","G1","Supply Chain & Logistics","Layla Ahmed","2024-11-09","2025-01-20","CAN-5285","Male","Indian","Internal Transfer","2024-11-19","2024-11-26","2025-01-20","0"
"REQ-5286","Senior Technician - Quality Assurance & Food Safety","G6","Quality Assurance & Food Safety","Manoj Al-Kuwari","2024-05-31","2024-08-03","CAN-5286","Male","Jordanian","Referral","2024-06-18","2024-07-02","2024-08-07","2350"
"REQ-5287","Specialist - People & Culture","G6","People & Culture","Sameer Iqbal","2023-03-14","2023-05-02","CAN-5287","Male","Egyptian","Walk-in","2023-03-31","2023-04-05","2023-05-05","8230"
"REQ-5288","Specialist - People & Culture","G7","People & Culture","Juan Malik","2023-10-08","2023-11-21","CAN-5288","Female","Jordanian","Referral","2023-11-08","2023-11-20","2023-11-21","5540"
"REQ-5289","Associate - Supply Chain & Logistics","G1","Supply Chain & Logistics","Ramesh Santos","2023-02-17","2023-04-03","CAN-5289","Male","Pakistani","Internal Transfer","2023-03-06","2023-03-14","2023-04-05","0"
"REQ-5290","Specialist - Production","G9","Production","Ali Ibrahim","2023-06-02","2023-08-01","CAN-5290","Male","Egyptian","University Hiring","2023-06-12","2023-06-26","2023-08-04","6580"
"REQ-5291","Specialist - Engineering & Maintenance","G6","Engineering & Maintenance","Ramesh Kapoor","2024-08-25","2024-09-19","CAN-5291","Male","Filipino","University Hiring","2024-09-24","2024-10-05","2024-09-19","4370"
"REQ-5292","Operator - Procurement","G3","Procurement","Yasmin Iqbal","2025-05-27","2025-06-30","CAN-5292","Male","Filipino","Referral","2025-06-11","2025-06-18","2025-07-02","8330"
"REQ-5293","Officer - Procurement","G1","Procurement","Mohamed Chowdhury","2023-04-08","2023-06-07","CAN-5293","Male","Filipino","Career Site","2023-04-27","2023-05-09","2023-06-08","10000"
"REQ-5294","Officer - Supply Chain & Logistics","G5","Supply Chain & Logistics","Anil Islam","2022-11-11","2023-01-19","CAN-5294","Female","Egyptian","Career Site","2022-12-02","2022-12-08","2023-01-21","9780"
"REQ-5295","Specialist - Engineering & Maintenance","G9","Engineering & Maintenance","Suresh Devi","2024-08-03","2024-08-30","CAN-5295","Male","Indian","Referral","2024-08-19","2024-09-01","2024-09-01","10650"
"REQ-5296","Supervisor - Finance","G6","Finance","Sameer Abdullah","2023-03-30","2023-06-08","CAN-5296","Female","Sudanese","Agency","2023-04-18","2023-04-21","2023-06-08","1560"
"REQ-5297","Associate - Quality Assurance & Food Safety","G2","Quality Assurance & Food Safety","Pooja Mansour","2023-02-12","2023-04-01","CAN-5297","Male","Egyptian","Agency","2023-02-28","2023-03-02","2023-04-01","9480"
"REQ-5298","Senior Officer - Sales & Distribution","G6","Sales & Distribution","Yasmin Sharma","2024-09-10","2024-10-05","CAN-5298","Male","Egyptian","Career Site","2024-09-30","2024-10-10","2024-10-05","2680"
"REQ-5299","Team Lead - People & Culture","G8","People & Culture","Sunita Youssef","2025-01-26","2025-02-16","CAN-5299","Male","Egyptian","Career Site","2025-02-06","2025-02-19","2025-02-16","6840"
"REQ-5300","Assistant - Engineering & Maintenance","G5","Engineering & Maintenance","Bishnu El-Sayed","2025-01-22","2025-03-04","CAN-5300","Male","Pakistani","LinkedIn","2025-02-02","2025-02-05","2025-03-08","9060"
"REQ-5301","Specialist - Production","G9","Production","Mohamed Baig","2024-08-04","2024-09-24","CAN-5301","Male","Egyptian","Agency","2024-08-23","2024-09-03","2024-09-25","9200"
"REQ-5302","Team Lead - Sales & Distribution","G8","Sales & Distribution","Suresh Iqbal","2024-04-27","2024-06-23","CAN-5302","Male","Egyptian","Referral","2024-05-16","2024-05-22","2024-06-25","3130"
"REQ-5303","Coordinator - Farm Operations","G5","Farm Operations","Sameer Kapoor","2023-04-01","2023-05-23","CAN-5303","Male","Sri Lankan","Referral","2023-05-09","2023-05-12","2023-05-26","2770"
"REQ-5304","Coordinator - Sales & Distribution","G1","Sales & Distribution","Jose Malik","2024-08-18","2024-09-15","CAN-5304","Male","Egyptian","LinkedIn","2024-08-29","2024-09-10","2024-09-15","11890"
"REQ-5305","Operator - Finance","G5","Finance","Fatima Youssef","2024-05-13","2024-07-18","CAN-5305","Female","Egyptian","Agency","2024-06-21","2024-07-01","2024-07-18","5200"
"REQ-5306","Operator - Quality Assurance & Food Safety","G2","Quality Assurance & Food Safety","Kumar Mansour","2022-12-07","2023-01-02","CAN-5306","Male","Jordanian","Walk-in","2023-01-14","2023-01-28","2023-01-06","2950"
"REQ-5307","Manager - IT & Digital","G10","IT & Digital","Deepak Gurung","2024-07-16","2024-09-06","CAN-5307","Male","Indian","LinkedIn","2024-08-09","2024-08-19","2024-09-07","9030"
"REQ-5308","Team Lead - R&D","G8","R&D","Hind Khan","2024-11-06","2024-11-24","CAN-5308","Female","Indian","Career Site","2024-12-08","2024-12-17","2024-11-26","8760"
"REQ-5309","Specialist - IT & Digital","G9","IT & Digital","Ahmed Al-Sayed","2024-01-12","2024-02-26","CAN-5309","Female","Nepali","Internal Transfer","2024-02-06","2024-02-08","2024-02-26","0"
"REQ-5310","Associate - Production","G1","Production","Kavita Chowdhury","2023-11-04","2023-12-12","CAN-5310","Male","Egyptian","LinkedIn","2023-12-02","2023-12-07","2023-12-14","9290"
"REQ-5311","Officer - Finance","G5","Finance","Santosh Reyes","2024-07-20","2024-08-10","CAN-5311","Male","Egyptian","LinkedIn","2024-08-09","2024-08-18","2024-08-14","3830"
"REQ-5312","Associate - Corporate & Executive Office","G1","Corporate & Executive Office","Deepak Abdullah","2024-04-17","2024-05-12","CAN-5312","Female","Indian","Agency","2024-05-01","2024-05-07","2024-05-14","8380"
"REQ-5313","Manager - Finance","G11","Finance","Krishna Kapoor","2025-10-07","2025-12-12","CAN-5313","Male","Indian","Referral","2025-10-27","2025-10-29","2025-12-12","10820"
"REQ-5314","Officer - Marketing","G4","Marketing","Dina Farouk","2025-01-04","2025-03-04","CAN-5314","Male","Egyptian","Walk-in","2025-02-06","2025-02-10","2025-03-07","6060"
"REQ-5315","Senior Technician - Farm Operations","G9","Farm Operations","Ahmed Cruz","2022-11-20","2023-01-22","CAN-5315","Female","Nepali","Referral","2022-12-25","2023-01-08","2023-01-24","3210"
"REQ-5316","Operator - Finance","G3","Finance","Mohamed Al-Sayed","2025-03-16","2025-04-29","CAN-5316","Male","Nepali","Internal Transfer","2025-04-08","2025-04-12","2025-05-01","0"
"REQ-5317","Technician - Marketing","G1","Marketing","Dina Farouk","2025-05-12","2025-06-01","CAN-5317","Female","Indian","Referral","2025-06-17","2025-06-20","2025-06-02","5530"
"REQ-5318","Assistant Manager - Quality Assurance & Food Safety","G10","Quality Assurance & Food Safety","Anil Khan","2023-03-31","2023-05-18","CAN-5318","Male","Sri Lankan","Walk-in","2023-04-12","2023-04-15","2023-05-18","4390"
"REQ-5319","Manager - R&D","G11","R&D","Manoj Fernandes","2022-12-08","2023-01-14","CAN-5319","Female","Indian","LinkedIn","2022-12-25","2022-12-27","2023-01-15","3770"
"REQ-5320","Manager - Marketing","G10","Marketing","Huda Abdullah","2023-02-09","2023-04-18","CAN-5320","Female","Filipino","Walk-in","2023-03-03","2023-03-07","2023-04-21","11210"
"REQ-5321","Operator - Procurement","G4","Procurement","Bikram Youssef","2024-10-22","2024-12-19","CAN-5321","Male","Bangladeshi","Referral","2024-11-23","2024-11-26","2024-12-19","7740"
"REQ-5322","Technician - Sales & Distribution","G1","Sales & Distribution","Ramesh El-Sayed","2025-05-30","2025-07-11","CAN-5322","Female","Indian","Career Site","2025-06-14","2025-06-27","2025-07-11","9980"
"REQ-5323","Specialist - Supply Chain & Logistics","G9","Supply Chain & Logistics","Rakesh Cruz","2024-11-29","2025-01-24","CAN-5323","Female","Filipino","Referral","2024-12-13","2024-12-27","2025-01-26","5290"
"REQ-5324","Operator - Finance","G2","Finance","Santosh Fernandes","2023-07-11","2023-08-02","CAN-5324","Male","Egyptian","Agency","2023-08-04","2023-08-18","2023-08-03","9830"
"REQ-5325","Supervisor - Procurement","G9","Procurement","Bikram Al-Sayed","2024-12-26","2025-03-06","CAN-5325","Female","Pakistani","Agency","2025-01-29","2025-02-12","2025-03-06","6330"
"REQ-5326","Assistant Manager - Supply Chain & Logistics","G11","Supply Chain & Logistics","Suresh Reyes","2023-06-14","2023-07-15","CAN-5326","Male","Nepali","LinkedIn","2023-07-22","2023-07-28","2023-07-19","7350"
"REQ-5327","Operator - Corporate & Executive Office","G1","Corporate & Executive Office","Rakesh Sharma","2023-05-24","2023-07-08","CAN-5327","Female","Indian","Referral","2023-06-22","2023-06-28","2023-07-08","1960"
"REQ-5328","Coordinator - Supply Chain & Logistics","G5","Supply Chain & Logistics","Rina Hassan","2023-12-24","2024-02-21","CAN-5328","Male","Jordanian","LinkedIn","2024-01-03","2024-01-12","2024-02-25","5380"
"REQ-5329","Coordinator - Production","G3","Production","Bishnu Mansour","2023-09-07","2023-10-19","CAN-5329","Male","Nepali","Walk-in","2023-10-11","2023-10-21","2023-10-21","11250"
"REQ-5330","Technician - Procurement","G1","Procurement","Rakesh Fernandes","2025-06-12","2025-08-10","CAN-5330","Male","Indian","Agency","2025-07-15","2025-07-21","2025-08-11","7160"
"REQ-5331","Supervisor - IT & Digital","G7","IT & Digital","Ahmed Al-Sayed","2023-11-02","2023-12-11","CAN-5331","Female","Pakistani","Agency","2023-11-20","2023-11-30","2023-12-13","4390"
"REQ-5332","Officer - IT & Digital","G2","IT & Digital","Jose Chowdhury","2025-07-07","2025-09-17","CAN-5332","Male","Indian","Referral","2025-07-19","2025-07-25","2025-09-18","2660"
"REQ-5333","Operator - Marketing","G1","Marketing","Bishnu Sharma","2025-09-29","2025-11-12","CAN-5333","Female","Nepali","Referral","2025-11-07","2025-11-14","2025-11-15","7100"
"REQ-5334","Officer - Sales & Distribution","G4","Sales & Distribution","Sameer Islam","2025-09-14","2025-11-11","CAN-5334","Male","Indian","Career Site","2025-10-09","2025-10-14","2025-11-14","11190"
"REQ-5335","Officer - Procurement","G2","Procurement","Mohamed Chowdhury","2025-07-20","2025-08-16","CAN-5335","Male","Bangladeshi","Referral","2025-08-02","2025-08-12","2025-08-18","11390"
"REQ-5336","Officer - Production","G5","Production","Deepak Mahmoud","2025-06-19","2025-08-23","CAN-5336","Male","Egyptian","Agency","2025-07-02","2025-07-16","2025-08-24","850"
"REQ-5337","Supervisor - Sales & Distribution","G7","Sales & Distribution","Kumar El-Sayed","2023-08-12","2023-10-04","CAN-5337","Female","Egyptian","Agency","2023-09-19","2023-09-29","2023-10-04","1100"
"REQ-5338","Associate - Procurement","G1","Procurement","Faisal Iqbal","2024-10-10","2024-11-14","CAN-5338","Male","Indian","Agency","2024-10-24","2024-11-06","2024-11-17","6020"
"REQ-5339","Team Lead - Sales & Distribution","G7","Sales & Distribution","Suresh Hassan","2024-09-04","2024-10-18","CAN-5339","Male","Indian","LinkedIn","2024-10-01","2024-10-13","2024-10-18","10640"
"REQ-5340","Officer - Finance","G4","Finance","Grace Fernandes","2023-07-03","2023-09-14","CAN-5340","Male","Egyptian","LinkedIn","2023-08-07","2023-08-16","2023-09-15","2600"
"REQ-5341","Assistant - People & Culture","G1","People & Culture","Juan Gurung","2024-08-29","2024-10-08","CAN-5341","Female","Egyptian","Agency","2024-09-12","2024-09-20","2024-10-11","11610"
"REQ-5342","Officer - Production","G4","Production","Santosh Gurung","2025-07-28","2025-08-17","CAN-5342","Male","Egyptian","Referral","2025-08-30","2025-09-12","2025-08-21","7460"
"REQ-5343","Assistant - Sales & Distribution","G3","Sales & Distribution","Manoj Reyes","2024-01-15","2024-03-23","CAN-5343","Male","Egyptian","Referral","2024-02-11","2024-02-17","2024-03-27","9880"
"REQ-5344","Assistant - Production","G5","Production","Sameer Cruz","2024-10-02","2024-11-16","CAN-5344","Male","Qatari","University Hiring","2024-10-19","2024-10-28","2024-11-18","7600"
"REQ-5345","Coordinator - R&D","G2","R&D","Kumar Malik","2024-04-18","2024-06-25","CAN-5345","Female","Bangladeshi","LinkedIn","2024-05-26","2024-06-01","2024-06-27","2130"
"REQ-5346","Coordinator - R&D","G1","R&D","Layla Chowdhury","2025-03-20","2025-05-24","CAN-5346","Male","Filipino","LinkedIn","2025-04-05","2025-04-17","2025-05-27","4200"
"REQ-5347","Operator - Finance","G4","Finance","Ravi Islam","2024-10-02","2024-11-27","CAN-5347","Female","Egyptian","Agency","2024-10-13","2024-10-15","2024-12-01","5990"
"REQ-5348","Team Lead - Sales & Distribution","G9","Sales & Distribution","Hassan Baig","2023-12-08","2024-01-17","CAN-5348","Male","Sri Lankan","Internal Transfer","2024-01-04","2024-01-08","2024-01-20","0"
"REQ-5349","Senior Technician - IT & Digital","G8","IT & Digital","Anita Fernandes","2023-04-01","2023-04-26","CAN-5349","Male","Bangladeshi","Referral","2023-05-04","2023-05-14","2023-04-27","5970"
"REQ-5350","Manager - People & Culture","G12","People & Culture","Prakash Mendoza","2024-03-10","2024-05-19","CAN-5350","Male","Nepali","Referral","2024-04-16","2024-04-20","2024-05-21","2910"
"REQ-5351","Assistant - Procurement","G1","Procurement","Bikram Al-Kuwari","2024-11-20","2025-01-05","CAN-5351","Female","Jordanian","Walk-in","2024-12-05","2024-12-08","2025-01-06","5340"
"REQ-5352","Senior Technician - IT & Digital","G8","IT & Digital","Manoj Abdullah","2024-03-30","2024-04-27","CAN-5352","Male","Egyptian","Referral","2024-04-21","2024-05-05","2024-05-01","8100"
"REQ-5353","Operator - Production","G4","Production","Omar Al-Kuwari","2023-05-23","2023-08-01","CAN-5353","Male","Sri Lankan","Agency","2023-06-28","2023-07-08","2023-08-05","5630"
"REQ-5354","Officer - Procurement","G5","Procurement","Yasmin Iqbal","2024-05-03","2024-06-12","CAN-5354","Male","Nepali","University Hiring","2024-05-19","2024-05-27","2024-06-12","11540"
"REQ-5355","Team Lead - Quality Assurance & Food Safety","G9","Quality Assurance & Food Safety","Rajesh Fernandes","2025-04-19","2025-06-14","CAN-5355","Male","Egyptian","LinkedIn","2025-05-05","2025-05-16","2025-06-14","10910"
"REQ-5356","Technician - Sales & Distribution","G5","Sales & Distribution","Bishnu Al-Marri","2025-08-05","2025-09-15","CAN-5356","Female","Indian","Career Site","2025-08-24","2025-09-07","2025-09-15","2120"
"REQ-5357","Assistant - Supply Chain & Logistics","G4","Supply Chain & Logistics","Bishnu Al-Marri","2023-03-18","2023-04-22","CAN-5357","Male","Pakistani","Referral","2023-03-28","2023-04-09","2023-04-22","6790"
"REQ-5358","Senior Manager - Finance","G11","Finance","Krishna Kapoor","2023-12-27","2024-01-15","CAN-5358","Male","Indian","LinkedIn","2024-02-01","2024-02-10","2024-01-19","5780"
"REQ-5359","Supervisor - Supply Chain & Logistics","G6","Supply Chain & Logistics","Prakash Kapoor","2022-12-21","2023-03-05","CAN-5359","Male","Egyptian","LinkedIn","2023-01-05","2023-01-19","2023-03-05","2920"
"REQ-5360","Operator - Production","G3","Production","Arjun Kapoor","2023-10-28","2023-12-14","CAN-5360","Male","Bangladeshi","Referral","2023-11-12","2023-11-26","2023-12-15","10510"
"REQ-5361","Team Lead - Marketing","G9","Marketing","Priya Abdullah","2025-10-22","2025-11-15","CAN-5361","Male","Nepali","University Hiring","2025-11-17","2025-11-29","2025-11-18","10230"
"REQ-5362","Senior Officer - Finance","G9","Finance","Shobha Thapa","2024-08-07","2024-09-11","CAN-5362","Female","Egyptian","Career Site","2024-09-04","2024-09-07","2024-09-15","6910"
"REQ-5363","Officer - People & Culture","G3","People & Culture","Noor Mahmoud","2024-01-08","2024-02-16","CAN-5363","Male","Sudanese","University Hiring","2024-02-15","2024-02-28","2024-02-18","8690"
"REQ-5364","Assistant Manager - People & Culture","G11","People & Culture","Prakash Mendoza","2025-07-01","2025-08-30","CAN-5364","Male","Pakistani","LinkedIn","2025-07-24","2025-07-31","2025-09-01","4850"
"REQ-5365","Senior Technician - Supply Chain & Logistics","G8","Supply Chain & Logistics","Prakash Kapoor","2024-07-19","2024-08-17","CAN-5365","Male","Egyptian","Referral","2024-08-01","2024-08-04","2024-08-18","9530"
"REQ-5366","Assistant - Quality Assurance & Food Safety","G2","Quality Assurance & Food Safety","Pooja Mansour","2023-11-05","2024-01-01","CAN-5366","Female","Egyptian","Internal Transfer","2023-11-20","2023-12-04","2024-01-03","0"
"REQ-5367","Technician - IT & Digital","G4","IT & Digital","Aisha Al-Sayed","2024-07-30","2024-08-23","CAN-5367","Male","Egyptian","Referral","2024-08-18","2024-08-22","2024-08-23","11730"
"REQ-5368","Supervisor - People & Culture","G7","People & Culture","Khalid Santos","2025-08-22","2025-10-25","CAN-5368","Female","Pakistani","Walk-in","2025-09-12","2025-09-20","2025-10-26","11740"
"REQ-5369","Assistant - Corporate & Executive Office","G2","Corporate & Executive Office","Krishna Al-Sayed","2023-01-22","2023-02-12","CAN-5369","Male","Jordanian","Referral","2023-02-17","2023-02-19","2023-02-13","1510"
"REQ-5370","Officer - Quality Assurance & Food Safety","G1","Quality Assurance & Food Safety","Waleed Gurung","2023-03-16","2023-04-13","CAN-5370","Male","Indian","Walk-in","2023-03-30","2023-04-08","2023-04-13","6820"
"REQ-5371","Coordinator - IT & Digital","G2","IT & Digital","Hassan Malik","2023-09-14","2023-11-06","CAN-5371","Male","Indian","Career Site","2023-10-17","2023-10-21","2023-11-09","7720"
"REQ-5372","Officer - Marketing","G1","Marketing","Priya Devi","2023-07-22","2023-09-11","CAN-5372","Male","Nepali","LinkedIn","2023-08-19","2023-09-02","2023-09-15","1810"
"REQ-5373","Operator - Quality Assurance & Food Safety","G5","Quality Assurance & Food Safety","Pooja Thapa","2024-06-17","2024-07-31","CAN-5373","Female","Egyptian","Walk-in","2024-07-09","2024-07-16","2024-08-01","5040"
"REQ-5374","Supervisor - Marketing","G6","Marketing","Anil Kapoor","2024-06-03","2024-07-07","CAN-5374","Male","Qatari","Referral","2024-06-16","2024-06-25","2024-07-10","4390"
"REQ-5375","Operator - R&D","G5","R&D","Dina Al-Marri","2024-10-02","2024-10-29","CAN-5375","Male","Nepali","Agency","2024-10-17","2024-10-27","2024-11-01","3360"
"REQ-5376","Associate - Farm Operations","G3","Farm Operations","Khalid Gurung","2024-11-19","2025-01-17","CAN-5376","Male","Jordanian","Walk-in","2024-12-26","2024-12-30","2025-01-20","2900"
"REQ-5377","Supervisor - Finance","G7","Finance","Arjun Cruz","2023-12-16","2024-02-19","CAN-5377","Male","Sri Lankan","Agency","2024-01-12","2024-01-20","2024-02-19","6490"
"REQ-5378","Assistant - Production","G4","Production","Bishnu Mansour","2022-12-13","2023-02-20","CAN-5378","Male","Egyptian","Agency","2022-12-31","2023-01-14","2023-02-22","6150"
"REQ-5379","Technician - People & Culture","G4","People & Culture","Juan Gurung","2024-10-04","2024-12-11","CAN-5379","Male","Egyptian","Agency","2024-11-12","2024-11-14","2024-12-13","3350"
"REQ-5380","Officer - Corporate & Executive Office","G1","Corporate & Executive Office","Pooja Abdullah","2022-11-16","2023-01-11","CAN-5380","Male","Nepali","University Hiring","2022-12-14","2022-12-16","2023-01-14","6050"
"REQ-5381","Coordinator - Corporate & Executive Office","G4","Corporate & Executive Office","Pooja Abdullah","2023-03-15","2023-04-27","CAN-5381","Female","Indian","Referral","2023-04-02","2023-04-10","2023-05-01","10010"
"REQ-5382","Coordinator - Sales & Distribution","G3","Sales & Distribution","Omar Chowdhury","2023-05-23","2023-07-18","CAN-5382","Male","Indian","Agency","2023-06-24","2023-07-06","2023-07-21","7940"
"REQ-5383","Senior Technician - Engineering & Maintenance","G9","Engineering & Maintenance","Ravi Youssef","2025-08-16","2025-09-11","CAN-5383","Male","Indian","LinkedIn","2025-09-18","2025-09-28","2025-09-15","8220"
"REQ-5384","Officer - Supply Chain & Logistics","G3","Supply Chain & Logistics","Khalid Santos","2023-07-04","2023-09-01","CAN-5384","Male","Bangladeshi","LinkedIn","2023-08-10","2023-08-24","2023-09-04","5560"
"REQ-5385","Supervisor - Engineering & Maintenance","G6","Engineering & Maintenance","Ramesh Kapoor","2023-04-25","2023-06-14","CAN-5385","Male","Nepali","Career Site","2023-05-16","2023-05-24","2023-06-18","5950"
"REQ-5386","Technician - Supply Chain & Logistics","G2","Supply Chain & Logistics","Sanjay El-Sayed","2024-09-26","2024-11-13","CAN-5386","Male","Bangladeshi","Referral","2024-10-23","2024-11-03","2024-11-14","3020"
"REQ-5387","Technician - Engineering & Maintenance","G2","Engineering & Maintenance","Hassan Kapoor","2024-02-24","2024-04-01","CAN-5387","Male","Indian","Walk-in","2024-03-08","2024-03-19","2024-04-04","3850"
"REQ-5388","Associate - Production","G4","Production","Kumar Iqbal","2025-10-25","2025-12-14","CAN-5388","Male","Egyptian","Referral","2025-11-06","2025-11-20","2025-12-14","3010"
"REQ-5389","Associate - Farm Operations","G2","Farm Operations","Noor Islam","2023-08-07","2023-09-16","CAN-5389","Male","Nepali","Walk-in","2023-08-26","2023-09-03","2023-09-17","9320"
"REQ-5390","Manager - Sales & Distribution","G10","Sales & Distribution","Mohamed Rai","2025-04-19","2025-05-15","CAN-5390","Male","Jordanian","LinkedIn","2025-05-24","2025-05-28","2025-05-18","6160"
"REQ-5391","Operator - Quality Assurance & Food Safety","G4","Quality Assurance & Food Safety","Waleed Baig","2025-02-05","2025-04-10","CAN-5391","Male","Egyptian","LinkedIn","2025-02-26","2025-03-03","2025-04-10","2230"
"REQ-5392","Senior Officer - Procurement","G9","Procurement","Santosh Mansour","2025-08-04","2025-09-29","CAN-5392","Female","Bangladeshi","Referral","2025-09-07","2025-09-18","2025-10-01","6190"
"REQ-5393","Technician - Engineering & Maintenance","G3","Engineering & Maintenance","Sanjay Baig","2023-01-16","2023-02-15","CAN-5393","Male","Pakistani","Career Site","2023-02-12","2023-02-23","2023-02-18","5820"
"REQ-5394","Specialist - Quality Assurance & Food Safety","G7","Quality Assurance & Food Safety","Anil Gurung","2023-07-21","2023-08-30","CAN-5394","Male","Filipino","LinkedIn","2023-08-08","2023-08-13","2023-09-03","2780"
"REQ-5395","Senior Manager - Sales & Distribution","G10","Sales & Distribution","Anil Khan","2023-06-11","2023-07-11","CAN-5395","Male","Indian","LinkedIn","2023-07-01","2023-07-08","2023-07-13","9220"
"REQ-5396","Technician - Supply Chain & Logistics","G1","Supply Chain & Logistics","Ramesh Santos","2023-08-22","2023-09-19","CAN-5396","Female","Indian","Referral","2023-09-06","2023-09-11","2023-09-20","5710"
"REQ-5397","Assistant Manager - Quality Assurance & Food Safety","G12","Quality Assurance & Food Safety","Rakesh Cruz","2024-02-25","2024-04-22","CAN-5397","Female","Egyptian","LinkedIn","2024-03-31","2024-04-06","2024-04-23","9350"
"REQ-5398","Associate - Corporate & Executive Office","G1","Corporate & Executive Office","Rina Iqbal","2025-03-23","2025-04-11","CAN-5398","Male","Bangladeshi","Internal Transfer","2025-04-12","2025-04-20","2025-04-15","0"
"REQ-5399","Associate - Farm Operations","G3","Farm Operations","Krishna Thapa","2023-08-31","2023-09-17","CAN-5399","Male","Nepali","Internal Transfer","2023-09-28","2023-10-12","2023-09-21","0"
"REQ-5400","Coordinator - Corporate & Executive Office","G1","Corporate & Executive Office","Faisal Cruz","2025-09-03","2025-10-13","CAN-5400","Male","Sri Lankan","Career Site","2025-10-07","2025-10-20","2025-10-17","5960"
"REQ-5401","Coordinator - Production","G1","Production","Rakesh Youssef","2025-01-17","2025-03-19","CAN-5401","Male","Indian","Agency","2025-02-17","2025-02-19","2025-03-19","6340"
"REQ-5402","Associate - Production","G4","Production","Krishna Santos","2023-01-28","2023-03-14","CAN-5402","Male","Egyptian","Agency","2023-02-20","2023-03-01","2023-03-16","10170"
"REQ-5403","Senior Technician - Sales & Distribution","G9","Sales & Distribution","Yasmin Sharma","2023-08-22","2023-11-04","CAN-5403","Male","Egyptian","Career Site","2023-09-22","2023-09-26","2023-11-04","10300"
"REQ-5404","Assistant - Quality Assurance & Food Safety","G2","Quality Assurance & Food Safety","Aisha Ahmed","2023-01-03","2023-03-02","CAN-5404","Female","Bangladeshi","Walk-in","2023-02-02","2023-02-15","2023-03-06","4320"
"REQ-5405","Technician - Farm Operations","G3","Farm Operations","Ramesh Malik","2024-12-10","2025-01-04","CAN-5405","Male","Nepali","Internal Transfer","2025-01-11","2025-01-16","2025-01-06","0"
"REQ-5406","Officer - IT & Digital","G3","IT & Digital","Hari Al-Marri","2025-09-21","2025-11-10","CAN-5406","Male","Indian","Agency","2025-10-13","2025-10-19","2025-11-14","4120"
"REQ-5407","Senior Manager - R&D","G10","R&D","Suresh Reyes","2025-05-13","2025-06-13","CAN-5407","Female","Filipino","Referral","2025-05-29","2025-06-02","2025-06-13","11430"
"REQ-5408","Senior Officer - Sales & Distribution","G7","Sales & Distribution","Rakesh Baig","2025-01-17","2025-03-18","CAN-5408","Male","Egyptian","Internal Transfer","2025-01-28","2025-02-09","2025-03-20","0"
"REQ-5409","Operator - Engineering & Maintenance","G3","Engineering & Maintenance","Ravi Mansour","2025-06-23","2025-08-18","CAN-5409","Male","Nepali","Career Site","2025-07-25","2025-07-29","2025-08-18","3760"
"REQ-5410","Operator - Procurement","G3","Procurement","Sanjay Fernandes","2025-07-19","2025-09-23","CAN-5410","Male","Filipino","Internal Transfer","2025-08-21","2025-08-24","2025-09-27","0"
"REQ-5411","Associate - People & Culture","G2","People & Culture","Hassan Cruz","2023-03-03","2023-05-12","CAN-5411","Female","Filipino","LinkedIn","2023-03-25","2023-03-30","2023-05-16","11600"
"REQ-5412","Senior Officer - Corporate & Executive Office","G9","Corporate & Executive Office","Bishnu Mendoza","2024-01-14","2024-03-03","CAN-5412","Female","Indian","Agency","2024-01-24","2024-01-31","2024-03-04","3630"
"REQ-5413","Associate - Finance","G1","Finance","Juan Mendoza","2023-05-14","2023-07-12","CAN-5413","Male","Egyptian","LinkedIn","2023-06-11","2023-06-23","2023-07-15","10150"
"REQ-5414","Assistant Manager - Quality Assurance & Food Safety","G12","Quality Assurance & Food Safety","Rakesh Cruz","2023-10-19","2023-12-23","CAN-5414","Male","Egyptian","Agency","2023-11-18","2023-11-20","2023-12-24","11930"
"REQ-5415","Associate - Supply Chain & Logistics","G1","Supply Chain & Logistics","Rajesh Ibrahim","2024-03-31","2024-06-07","CAN-5415","Male","Egyptian","Agency","2024-04-16","2024-04-20","2024-06-07","9870"
"REQ-5416","Assistant - Supply Chain & Logistics","G5","Supply Chain & Logistics","Layla Ahmed","2024-07-15","2024-09-15","CAN-5416","Male","Jordanian","Career Site","2024-07-29","2024-08-05","2024-09-15","4960"
"REQ-5417","Supervisor - Production","G7","Production","Hari Abdullah","2025-06-20","2025-07-23","CAN-5417","Male","Egyptian","LinkedIn","2025-07-05","2025-07-09","2025-07-23","6170"
"REQ-5418","Officer - Supply Chain & Logistics","G2","Supply Chain & Logistics","Rina Hassan","2023-08-07","2023-10-02","CAN-5418","Female","Egyptian","Internal Transfer","2023-09-01","2023-09-11","2023-10-06","0"
"REQ-5419","Associate - Finance","G2","Finance","Suresh Mahmoud","2025-02-02","2025-02-25","CAN-5419","Male","Indian","LinkedIn","2025-02-16","2025-02-23","2025-03-01","11140"
"REQ-5420","Supervisor - Engineering & Maintenance","G7","Engineering & Maintenance","Ramesh Kapoor","2024-01-31","2024-02-22","CAN-5420","Male","Indian","Career Site","2024-03-10","2024-03-21","2024-02-23","1900"
"REQ-5421","Senior Officer - Finance","G9","Finance","Jose Islam","2023-08-31","2023-10-10","CAN-5421","Male","Indian","Referral","2023-09-13","2023-09-17","2023-10-12","5990"
"REQ-5422","Supervisor - Corporate & Executive Office","G6","Corporate & Executive Office","Deepak Mahmoud","2024-01-31","2024-03-03","CAN-5422","Female","Indian","Walk-in","2024-02-15","2024-02-27","2024-03-04","9790"
"REQ-5423","Supervisor - Finance","G6","Finance","Manoj Rai","2024-05-17","2024-07-10","CAN-5423","Male","Pakistani","LinkedIn","2024-06-14","2024-06-19","2024-07-11","2310"
"REQ-5424","Specialist - Engineering & Maintenance","G9","Engineering & Maintenance","Suresh Devi","2023-04-01","2023-04-18","CAN-5424","Male","Indian","LinkedIn","2023-04-26","2023-05-03","2023-04-22","10280"
"REQ-5425","Officer - Sales & Distribution","G4","Sales & Distribution","Ahmed Iqbal","2022-12-15","2023-02-06","CAN-5425","Male","Egyptian","Referral","2023-01-01","2023-01-03","2023-02-07","7960"
"REQ-5426","Assistant - Procurement","G3","Procurement","Faisal Iqbal","2024-01-18","2024-02-27","CAN-5426","Male","Nepali","Walk-in","2024-02-01","2024-02-05","2024-03-01","10330"
"REQ-5427","Team Lead - IT & Digital","G8","IT & Digital","Juan Al-Sayed","2025-08-19","2025-09-17","CAN-5427","Male","Egyptian","Referral","2025-08-31","2025-09-04","2025-09-21","10520"
"REQ-5428","Operator - R&D","G3","R&D","Anita Mansour","2023-01-09","2023-02-26","CAN-5428","Female","Filipino","Career Site","2023-01-21","2023-01-31","2023-02-27","2240"
"REQ-5429","Senior Manager - Production","G11","Production","Pooja Chowdhury","2025-03-19","2025-04-11","CAN-5429","Male","Indian","Career Site","2025-04-02","2025-04-16","2025-04-14","5740"
"REQ-5430","Coordinator - Supply Chain & Logistics","G1","Supply Chain & Logistics","Krishna Youssef","2024-02-27","2024-03-17","CAN-5430","Male","Egyptian","Career Site","2024-03-13","2024-03-21","2024-03-21","9990"
"REQ-5431","Supervisor - Marketing","G7","Marketing","Mona Sharma","2024-09-04","2024-09-29","CAN-5431","Female","Nepali","Referral","2024-10-02","2024-10-07","2024-10-02","3470"
"REQ-5432","Manager - Quality Assurance & Food Safety","G12","Quality Assurance & Food Safety","Ahmed Ibrahim","2023-07-29","2023-09-01","CAN-5432","Male","Indian","Agency","2023-08-28","2023-09-05","2023-09-03","5230"
"REQ-5433","Manager - IT & Digital","G11","IT & Digital","Deepak Gurung","2025-05-17","2025-07-18","CAN-5433","Male","Egyptian","LinkedIn","2025-06-24","2025-07-07","2025-07-21","9050"
"REQ-5434","Specialist - Finance","G9","Finance","Faisal Mahmoud","2025-01-28","2025-03-01","CAN-5434","Male","Sri Lankan","Referral","2025-02-14","2025-02-22","2025-03-04","9710"
"REQ-5435","Officer - Finance","G5","Finance","Manoj Abdullah","2025-01-01","2025-02-10","CAN-5435","Female","Egyptian","Walk-in","2025-01-11","2025-01-22","2025-02-14","11820"
"REQ-5436","Operator - People & Culture","G2","People & Culture","Manoj Fernandes","2025-03-12","2025-04-21","CAN-5436","Female","Jordanian","Agency","2025-04-01","2025-04-11","2025-04-22","11850"
"REQ-5437","Supervisor - Finance","G8","Finance","Vikram Islam","2024-03-12","2024-04-13","CAN-5437","Male","Filipino","Walk-in","2024-04-08","2024-04-15","2024-04-13","3980"
"REQ-5438","Officer - Quality Assurance & Food Safety","G2","Quality Assurance & Food Safety","Dalia Baig","2023-12-24","2024-02-07","CAN-5438","Male","Egyptian","University Hiring","2024-01-21","2024-01-27","2024-02-10","10700"
"REQ-5439","Assistant - Engineering & Maintenance","G2","Engineering & Maintenance","Sanjay Baig","2023-07-15","2023-09-14","CAN-5439","Male","Sri Lankan","LinkedIn","2023-08-01","2023-08-13","2023-09-15","7590"
"REQ-5440","Senior Technician - R&D","G6","R&D","Hind Khan","2024-06-01","2024-07-04","CAN-5440","Male","Indian","Referral","2024-07-09","2024-07-21","2024-07-07","3270"
"REQ-5441","Operator - R&D","G3","R&D","Bishnu Khan","2023-09-11","2023-11-17","CAN-5441","Male","Jordanian","Agency","2023-09-30","2023-10-09","2023-11-20","1420"
"REQ-5442","Officer - People & Culture","G2","People & Culture","Pooja Chowdhury","2022-12-10","2023-01-22","CAN-5442","Female","Egyptian","Referral","2023-01-13","2023-01-26","2023-01-23","5240"
"REQ-5443","Senior Technician - R&D","G9","R&D","Maria Farouk","2024-11-26","2025-01-03","CAN-5443","Male","Nepali","Career Site","2025-01-01","2025-01-03","2025-01-07","3690"
"REQ-5444","Senior Technician - Quality Assurance & Food Safety","G9","Quality Assurance & Food Safety","Ahmed Baig","2023-06-01","2023-07-15","CAN-5444","Female","Indian","Walk-in","2023-06-17","2023-06-28","2023-07-19","3220"
"REQ-5445","Operator - Production","G3","Production","Mohamed Khan","2023-07-03","2023-08-20","CAN-5445","Male","Egyptian","LinkedIn","2023-07-25","2023-08-06","2023-08-22","3380"
"REQ-5446","Manager - Finance","G11","Finance","Sameer Abdullah","2024-02-14","2024-03-27","CAN-5446","Female","Sudanese","Career Site","2024-03-05","2024-03-19","2024-03-27","7920"
"REQ-5447","Coordinator - Production","G1","Production","Anil Mendoza","2024-12-12","2025-01-18","CAN-5447","Male","Egyptian","Agency","2025-01-18","2025-01-26","2025-01-21","5830"
"REQ-5448","Operator - People & Culture","G1","People & Culture","Noor Mahmoud","2023-06-15","2023-07-05","CAN-5448","Female","Qatari","Walk-in","2023-07-04","2023-07-08","2023-07-08","9890"
"REQ-5449","Officer - Supply Chain & Logistics","G2","Supply Chain & Logistics","Layla Ahmed","2024-07-25","2024-08-16","CAN-5449","Male","Jordanian","Referral","2024-09-02","2024-09-11","2024-08-17","11690"
"REQ-5450","Coordinator - R&D","G3","R&D","Rowena Kapoor","2023-06-17","2023-07-12","CAN-5450","Male","Filipino","LinkedIn","2023-07-17","2023-07-30","2023-07-16","2690"
"REQ-5451","Associate - Sales & Distribution","G4","Sales & Distribution","Anil Al-Kuwari","2024-06-09","2024-07-14","CAN-5451","Male","Indian","Referral","2024-06-22","2024-06-25","2024-07-15","1600"
"REQ-5452","Operator - Sales & Distribution","G5","Sales & Distribution","Nadia Baig","2023-02-27","2023-03-18","CAN-5452","Male","Bangladeshi","Referral","2023-03-11","2023-03-13","2023-03-22","10070"
"REQ-5453","Supervisor - Production","G6","Production","Juan Hassan","2022-11-07","2023-01-04","CAN-5453","Male","Jordanian","Internal Transfer","2022-11-19","2022-12-01","2023-01-06","0"
"REQ-5454","Operator - Corporate & Executive Office","G4","Corporate & Executive Office","Rajesh Ahmed","2024-07-27","2024-09-03","CAN-5454","Female","Indian","Agency","2024-08-15","2024-08-25","2024-09-07","8780"
"REQ-5455","Associate - Supply Chain & Logistics","G1","Supply Chain & Logistics","Anil Fernandes","2024-09-14","2024-10-24","CAN-5455","Female","Egyptian","Agency","2024-10-15","2024-10-21","2024-10-26","2700"
"REQ-5456","Supervisor - Quality Assurance & Food Safety","G9","Quality Assurance & Food Safety","Rajesh Fernandes","2025-01-04","2025-02-13","CAN-5456","Male","Egyptian","Referral","2025-02-06","2025-02-11","2025-02-16","3560"
"REQ-5457","Technician - Engineering & Maintenance","G1","Engineering & Maintenance","Omar Al-Sayed","2023-11-08","2024-01-06","CAN-5457","Male","Bangladeshi","Internal Transfer","2023-12-08","2023-12-14","2024-01-10","0"
"REQ-5458","Vice President - Supply Chain & Logistics","G13","Supply Chain & Logistics","Yousef Al-Attiyah","2023-06-12","2023-08-02","CAN-5458","Male","Indian","Career Site","2023-07-18","2023-07-21","2023-08-06","4250"
"REQ-5459","Team Lead - Production","G8","Production","Faisal Chowdhury","2023-02-07","2023-04-08","CAN-5459","Male","Egyptian","Walk-in","2023-03-02","2023-03-12","2023-04-09","4100"
"REQ-5460","Technician - People & Culture","G5","People & Culture","Noor Sharma","2023-12-28","2024-03-09","CAN-5460","Female","Jordanian","Agency","2024-01-14","2024-01-19","2024-03-11","7760"
"REQ-5461","Open Position - Quality Assurance & Food Safety","G9","Quality Assurance & Food Safety",,"2025-12-18",,,,,,,,,
"REQ-5462","Open Position - People & Culture","G13","People & Culture",,"2025-12-19",,,,,,,,,
"REQ-5463","Open Position - IT & Digital","G10","IT & Digital",,"2025-11-23",,,,,,,,,
"REQ-5464","Open Position - People & Culture","G8","People & Culture",,"2025-11-19",,,,,,,,,
"REQ-5465","Open Position - Finance","G2","Finance",,"2025-11-15",,,,,,,,,
"REQ-5466","Open Position - Quality Assurance & Food Safety","G1","Quality Assurance & Food Safety",,"2025-12-04",,,,,,,,,
"REQ-5467","Open Position - Quality Assurance & Food Safety","G2","Quality Assurance & Food Safety",,"2025-11-02",,,,,,,,,
"REQ-5468","Open Position - Corporate & Executive Office","G5","Corporate & Executive Office",,"2025-12-02",,,,,,,,,
"REQ-5469","Open Position - Supply Chain & Logistics","G11","Supply Chain & Logistics",,"2025-11-14",,,,,,,,,
"REQ-5470","Open Position - Engineering & Maintenance","G12","Engineering & Maintenance",,"2025-11-11",,,,,,,,,
"REQ-5471","Open Position - Marketing","G8","Marketing",,"2025-12-24",,,,,,,,,
"REQ-5472","Open Position - Sales & Distribution","G14","Sales & Distribution",,"2025-12-01",,,,,,,,,
"REQ-5473","Open Position - Finance","G7","Finance",,"2025-12-22",,,,,,,,,
"REQ-5474","Open Position - People & Culture","G11","People & Culture",,"2025-11-05",,,,,,,,,
"REQ-5475","Open Position - Farm Operations","G7","Farm Operations",,"2025-11-04",,,,,,,,,
"REQ-5476","Open Position - Marketing","G9","Marketing",,"2025-11-23",,,,,,,,,
"REQ-5477","Open Position - Farm Operations","G11","Farm Operations",,"2025-12-20",,,,,,,,,
"REQ-5478","Open Position - Procurement","G6","Procurement",,"2025-11-28",,,,,,,,,
"REQ-5479","Open Position - People & Culture","G7","People & Culture",,"2025-11-28",,,,,,,,,
"REQ-5480","Open Position - Production","G5","Production",,"2025-11-29",,,,,,,,,
"REQ-5481","Open Position - Finance","G7","Finance",,"2025-11-03",,,,,,,,,
"REQ-5482","Open Position - Farm Operations","G8","Farm Operations",,"2025-12-02",,,,,,,,,
"REQ-5483","Open Position - Finance","G3","Finance",,"2025-12-03",,,,,,,,,
"REQ-5484","Open Position - Corporate & Executive Office","G3","Corporate & Executive Office",,"2025-12-21",,,,,,,,,
"REQ-5485","Open Position - Finance","G1","Finance",,"2025-11-21",,,,,,,,,
"REQ-5486","Open Position - Quality Assurance & Food Safety","G6","Quality Assurance & Food Safety",,"2025-11-14",,,,,,,,,
"REQ-5487","Open Position - Finance","G11","Finance",,"2025-11-17",,,,,,,,,
"REQ-5488","Open Position - Procurement","G4","Procurement",,"2025-11-25",,,,,,,,,
"REQ-5489","Open Position - Farm Operations","G3","Farm Operations",,"2025-12-21",,,,,,,,,
"REQ-5490","Open Position - Farm Operations","G14","Farm Operations",,"2025-12-17",,,,,,,,,
"REQ-5491","Open Position - Quality Assurance & Food Safety","G9","Quality Assurance & Food Safety",,"2025-12-16",,,,,,,,,
"REQ-5492","Open Position - IT & Digital","G6","IT & Digital",,"2025-11-21",,,,,,,,,
"REQ-5493","Open Position - IT & Digital","G6","IT & Digital",,"2025-12-11",,,,,,,,,
"REQ-5494","Open Position - Sales & Distribution","G3","Sales & Distribution",,"2025-12-14",,,,,,,,,
"REQ-5495","Open Position - Engineering & Maintenance","G13","Engineering & Maintenance",,"2025-11-05",,,,,,,,,
"REQ-5496","Open Position - Marketing","G3","Marketing",,"2025-11-15",,,,,,,,,
"REQ-5497","Open Position - Marketing","G12","Marketing",,"2025-12-07",,,,,,,,,
"REQ-5498","Open Position - Farm Operations","G12","Farm Operations",,"2025-12-14",,,,,,,,,
"REQ-5499","Open Position - Sales & Distribution","G5","Sales & Distribution",,"2025-12-07",,,,,,,,,
"REQ-5500","Open Position - Engineering & Maintenance","G10","Engineering & Maintenance",,"2025-12-12",,,,,,,,,
"REQ-5501","Open Position - People & Culture","G9","People & Culture",,"2025-11-15",,,,,,,,,
"REQ-5502","Open Position - Farm Operations","G1","Farm Operations",,"2025-11-02",,,,,,,,,
"REQ-5503","Open Position - R&D","G8","R&D",,"2025-12-08",,,,,,,,,
"REQ-5504","Open Position - People & Culture","G11","People & Culture",,"2025-11-09",,,,,,,,,
"REQ-5505","Open Position - Quality Assurance & Food Safety","G14","Quality Assurance & Food Safety",,"2025-12-09",,,,,,,,,
