"CostCenter","Division","Department"
"COF-100","Farms","General Farms"
"COF-101","Farms","Cow Farm"
"COF-102","Farms","QA/QC Farms"
"COF-104","Farms","Farm Maintenance"
"COF-105","Farms","Farms Services"
"COF-107","Farms","Feed"
"COF-109","Farms","Farm Maintenance"
"COM-101","Supplychain","Procurement"
"COM-102","Operations","Planning"
"COM-104","Commercial","Procurement"
"COM-105","Human Resources","Human Resources Department"
"COM-106","Supplychain","Procurement"
"COM-107","Finance","Information Technology"
"COM-108","Finance","Finance"
"COM-109","Corporate","CEO Office"
"COM-118","Operations","HSE"
"COM-119","Supplychain","Fleet"
"COM-123","Commercial","S&D Administration"
"COM-128","Commercial","HORECA"
"COM-129","Commercial","HORECA"
"COM-131","Q.P.S.C","Risk and Internal Audit"
"COM-132","Q.P.S.C","Tendering Committee"
"COM-133","Q.P.S.C","GCEO Office"
"COM-136","Q.P.S.C","Legal"
"COM-138","Operations","Operations General"
"COM-141","Commercial","Trade Market"
"COM-146","Commercial","Sales - Retail"
"COM-147","Corporate","Corporate Relations"
"COM-149","Commercial","Sales - Retail"
"COM-150","Commercial","Sales - Retail"
"COM-151","Commercial","Sales - Retail"
"COM-152","Commercial","Sales - Retail"
"COM-153","Commercial","Sales - Retail"
"COM-154","Commercial","Sales - Retail"
"COM-160","Q.P.S.C","Group Finance"
"COM-162","Human Resources","Government Affairs"
"COP-101","Farms","Organic Fertilizer"
"DAF-101","Operations","Manufacturing"
"GENF-100","Operations","Manufacturing"
"GENF-101","Operations","QPD"
"GENF-120","Operations","Manufacturing"
"GENF-130","Supplychain","Warehouses"
"GENF-140","Operations","Manufacturing"
"GENF-150","Human Resources","Soft Services"
"GENF-170","Supplychain","Warehouses"
"PLF-101","Operations","Manufacturing"
"TRA-501","Farms","Cow Farm"
"EVP-101","Operations","Manufacturing"
"COM-155","Corporate","Corporate Services"
"COM-103","Commercial","Unclassified"
"COF-108","Commercial","Unclassified"
"COM-130","Commercial","Unclassified"
