"EmployeeID","ProbationStartDate","ReviewDate","Outcome"
"BLD-100002","2021-08-14","2021-11-12","Confirmed"
"BLD-100003","2019-11-11","2020-02-09","Confirmed"
"BLD-100004","2018-01-31","2018-05-01","Confirmed"
"BLD-100005","2017-10-26","2018-01-24","Confirmed"
"BLD-100006","2021-09-30","2021-12-29","Confirmed"
"BLD-100007","2015-08-29","2015-11-27","Confirmed"
"BLD-100008","2019-09-18","2019-12-17","Confirmed"
"BLD-100009","2011-04-03","2011-07-02","Confirmed"
"BLD-100010","2020-06-20","2020-09-18","Confirmed"
"BLD-100011","2010-10-21","2011-01-19","Confirmed"
"BLD-100012","2013-06-13","2013-09-11","Confirmed"
"BLD-100013","2010-10-29","2011-01-27","Confirmed"
"BLD-100014","2010-09-05","2010-12-04","Confirmed"
"BLD-100015","2014-02-13","2014-05-14","Confirmed"
"BLD-100016","2018-10-04","2019-01-02","Confirmed"
"BLD-100017","2022-07-12","2022-10-10","Confirmed"
"BLD-100018","2019-05-02","2019-07-31","Confirmed"
"BLD-100019","2020-07-13","2020-10-11","Confirmed"
"BLD-100020","2022-09-01","2022-11-30","Confirmed"
"BLD-100021","2015-12-04","2016-03-03","Extended"
"BLD-100022","2019-10-03","2020-01-01","Confirmed"
"BLD-100023","2021-01-27","2021-04-27","Confirmed"
"BLD-100024","2016-02-14","2016-05-14","Confirmed"
"BLD-100025","2017-06-03","2017-09-01","Confirmed"
"BLD-100026","2010-08-30","2010-11-28","Confirmed"
"BLD-100027","2018-12-29","2019-03-29","Confirmed"
"BLD-100028","2014-01-30","2014-04-30","Extended"
"BLD-100029","2022-01-10","2022-04-10","Confirmed"
"BLD-100030","2021-06-25","2021-09-23","Confirmed"
"BLD-100031","2015-06-18","2015-09-16","Confirmed"
"BLD-100032","2014-12-03","2015-03-03","Confirmed"
"BLD-100033","2014-07-01","2014-09-29","Confirmed"
"BLD-100034","2016-02-20","2016-05-20","Confirmed"
"BLD-100035","2020-10-18","2021-01-16","Confirmed"
"BLD-100036","2013-09-08","2013-12-07","Confirmed"
"BLD-100037","2011-03-13","2011-06-11","Confirmed"
"BLD-100038","2010-11-20","2011-02-18","Confirmed"
"BLD-100039","2020-06-29","2020-09-27","Confirmed"
"BLD-100040","2014-06-18","2014-09-16","Confirmed"
"BLD-100041","2018-05-05","2018-08-03","Extended"
"BLD-100042","2022-01-20","2022-04-20","Confirmed"
"BLD-100043","2022-05-19","2022-08-17","Confirmed"
"BLD-100044","2017-05-05","2017-08-03","Confirmed"
"BLD-100045","2016-12-23","2017-03-23","Confirmed"
"BLD-100046","2022-06-09","2022-09-07","Confirmed"
"BLD-100047","2012-09-19","2012-12-18","Confirmed"
"BLD-100048","2022-02-24","2022-05-25","Confirmed"
"BLD-100049","2018-07-06","2018-10-04","Confirmed"
"BLD-100050","2015-01-24","2015-04-24","Confirmed"
"BLD-100051","2020-09-06","2020-12-05","Confirmed"
"BLD-100052","2012-04-06","2012-07-05","Confirmed"
"BLD-100053","2016-04-16","2016-07-15","Confirmed"
"BLD-100054","2010-04-23","2010-07-22","Confirmed"
"BLD-100055","2016-03-13","2016-06-11","Confirmed"
"BLD-100056","2018-05-23","2018-08-21","Confirmed"
"BLD-100057","2022-06-18","2022-09-16","Confirmed"
"BLD-100058","2018-07-10","2018-10-08","Confirmed"
"BLD-100059","2014-06-10","2014-09-08","Confirmed"
"BLD-100060","2012-05-08","2012-08-06","Confirmed"
"BLD-100061","2011-05-03","2011-08-01","Confirmed"
"BLD-100062","2022-04-16","2022-07-15","Confirmed"
"BLD-100063","2019-07-13","2019-10-11","Confirmed"
"BLD-100064","2010-11-18","2011-02-16","Confirmed"
"BLD-100065","2020-10-24","2021-01-22","Confirmed"
"BLD-100066","2010-03-01","2010-05-30","Confirmed"
"BLD-100067","2017-05-31","2017-08-29","Confirmed"
"BLD-100068","2011-02-13","2011-05-14","Confirmed"
"BLD-100069","2010-04-26","2010-07-25","Confirmed"
"BLD-100070","2017-08-15","2017-11-13","Confirmed"
"BLD-100071","2019-12-20","2020-03-19","Confirmed"
"BLD-100072","2017-08-23","2017-11-21","Confirmed"
"BLD-100073","2014-01-04","2014-04-04","Confirmed"
"BLD-100074","2011-03-18","2011-06-16","Confirmed"
"BLD-100075","2017-03-12","2017-06-10","Confirmed"
"BLD-100076","2020-03-10","2020-06-08","Extended"
"BLD-100077","2017-09-30","2017-12-29","Confirmed"
"BLD-100078","2014-11-12","2015-02-10","Confirmed"
"BLD-100079","2014-07-09","2014-10-07","Confirmed"
"BLD-100080","2021-10-06","2022-01-04","Confirmed"
"BLD-100081","2021-03-15","2021-06-13","Confirmed"
"BLD-100082","2019-01-24","2019-04-24","Confirmed"
"BLD-100083","2010-11-13","2011-02-11","Confirmed"
"BLD-100084","2012-10-22","2013-01-20","Confirmed"
"BLD-100085","2015-08-02","2015-10-31","Confirmed"
"BLD-100086","2019-09-09","2019-12-08","Confirmed"
"BLD-100087","2017-06-07","2017-09-05","Confirmed"
"BLD-100088","2015-05-08","2015-08-06","Confirmed"
"BLD-100089","2017-04-15","2017-07-14","Confirmed"
"BLD-100090","2013-07-21","2013-10-19","Extended"
"BLD-100091","2010-04-27","2010-07-26","Confirmed"
"BLD-100092","2013-07-13","2013-10-11","Confirmed"
"BLD-100093","2020-04-08","2020-07-07","Confirmed"
"BLD-100094","2018-08-10","2018-11-08","Confirmed"
"BLD-100095","2016-04-12","2016-07-11","Confirmed"
"BLD-100096","2012-07-18","2012-10-16","Confirmed"
"BLD-100097","2013-05-15","2013-08-13","Confirmed"
"BLD-100098","2020-05-06","2020-08-04","Confirmed"
"BLD-100099","2013-03-23","2013-06-21","Confirmed"
"BLD-100100","2011-04-11","2011-07-10","Confirmed"
"BLD-100101","2017-07-25","2017-10-23","Confirmed"
"BLD-100102","2017-04-02","2017-07-01","Confirmed"
"BLD-100103","2020-12-21","2021-03-21","Confirmed"
"BLD-100104","2011-07-03","2011-10-01","Confirmed"
"BLD-100105","2010-03-25","2010-06-23","Confirmed"
"BLD-100106","2014-08-24","2014-11-22","Confirmed"
"BLD-100107","2011-12-11","2012-03-10","Confirmed"
"BLD-100108","2020-09-13","2020-12-12","Confirmed"
"BLD-100109","2013-07-22","2013-10-20","Confirmed"
"BLD-100110","2019-07-30","2019-10-28","Confirmed"
"BLD-100111","2022-02-09","2022-05-10","Confirmed"
"BLD-100112","2010-12-06","2011-03-06","Confirmed"
"BLD-100113","2020-01-22","2020-04-21","Confirmed"
"BLD-100114","2013-10-11","2014-01-09","Confirmed"
"BLD-100115","2018-12-30","2019-03-30","Confirmed"
"BLD-100116","2012-12-06","2013-03-06","Confirmed"
"BLD-100117","2011-01-04","2011-04-04","Confirmed"
"BLD-100118","2010-06-08","2010-09-06","Confirmed"
"BLD-100119","2019-05-29","2019-08-27","Confirmed"
"BLD-100120","2015-05-05","2015-08-03","Confirmed"
"BLD-100121","2019-11-08","2020-02-06","Confirmed"
"BLD-100122","2014-02-26","2014-05-27","Confirmed"
"BLD-100123","2018-12-06","2019-03-06","Confirmed"
"BLD-100124","2020-06-26","2020-09-24","Confirmed"
"BLD-100125","2011-03-19","2011-06-17","Confirmed"
"BLD-100126","2015-10-25","2016-01-23","Confirmed"
"BLD-100127","2010-12-12","2011-03-12","Confirmed"
"BLD-100128","2022-04-22","2022-07-21","Confirmed"
"BLD-100129","2019-03-12","2019-06-10","Confirmed"
"BLD-100130","2013-05-08","2013-08-06","Confirmed"
"BLD-100131","2018-06-21","2018-09-19","Confirmed"
"BLD-100132","2010-03-06","2010-06-04","Confirmed"
"BLD-100133","2014-02-02","2014-05-03","Confirmed"
"BLD-100134","2014-02-09","2014-05-10","Confirmed"
"BLD-100135","2022-04-02","2022-07-01","Confirmed"
"BLD-100136","2018-04-13","2018-07-12","Confirmed"
"BLD-100137","2021-07-26","2021-10-24","Confirmed"
"BLD-100138","2020-05-25","2020-08-23","Confirmed"
"BLD-100139","2012-10-03","2013-01-01","Confirmed"
"BLD-100140","2016-04-09","2016-07-08","Confirmed"
"BLD-100141","2011-08-21","2011-11-19","Confirmed"
"BLD-100142","2015-03-23","2015-06-21","Confirmed"
"BLD-100143","2019-07-07","2019-10-05","Confirmed"
"BLD-100144","2013-09-11","2013-12-10","Confirmed"
"BLD-100145","2011-09-06","2011-12-05","Confirmed"
"BLD-100146","2015-04-12","2015-07-11","Confirmed"
"BLD-100147","2017-04-05","2017-07-04","Confirmed"
"BLD-100148","2019-01-09","2019-04-09","Confirmed"
"BLD-100149","2021-11-16","2022-02-14","Confirmed"
"BLD-100150","2019-02-15","2019-05-16","Confirmed"
"BLD-100151","2016-11-12","2017-02-10","Confirmed"
"BLD-100152","2019-04-28","2019-07-27","Confirmed"
"BLD-100153","2013-02-27","2013-05-28","Confirmed"
"BLD-100154","2011-11-30","2012-02-28","Confirmed"
"BLD-100155","2013-11-14","2014-02-12","Confirmed"
"BLD-100156","2018-05-10","2018-08-08","Confirmed"
"BLD-100157","2013-05-27","2013-08-25","Confirmed"
"BLD-100158","2010-03-12","2010-06-10","Confirmed"
"BLD-100159","2015-09-20","2015-12-19","Confirmed"
"BLD-100160","2011-08-23","2011-11-21","Confirmed"
"BLD-100161","2012-03-10","2012-06-08","Confirmed"
"BLD-100162","2020-12-31","2021-03-31","Confirmed"
"BLD-100163","2022-05-12","2022-08-10","Confirmed"
"BLD-100164","2020-09-26","2020-12-25","Confirmed"
"BLD-100165","2012-12-21","2013-03-21","Confirmed"
"BLD-100166","2012-09-24","2012-12-23","Confirmed"
"BLD-100167","2010-11-18","2011-02-16","Confirmed"
"BLD-100168","2012-03-24","2012-06-22","Confirmed"
"BLD-100169","2017-09-23","2017-12-22","Confirmed"
"BLD-100170","2019-02-14","2019-05-15","Confirmed"
"BLD-100171","2014-03-14","2014-06-12","Confirmed"
"BLD-100172","2013-06-12","2013-09-10","Confirmed"
"BLD-100173","2022-08-08","2022-11-06","Confirmed"
"BLD-100174","2015-09-20","2015-12-19","Extended"
"BLD-100175","2022-05-03","2022-08-01","Confirmed"
"BLD-100176","2016-04-24","2016-07-23","Confirmed"
"BLD-100177","2018-04-12","2018-07-11","Confirmed"
"BLD-100178","2013-02-26","2013-05-27","Confirmed"
"BLD-100179","2019-02-26","2019-05-27","Confirmed"
"BLD-100180","2015-10-16","2016-01-14","Confirmed"
"BLD-100181","2021-12-09","2022-03-09","Confirmed"
"BLD-100182","2016-01-31","2016-04-30","Confirmed"
"BLD-100183","2016-01-06","2016-04-05","Confirmed"
"BLD-100184","2015-10-28","2016-01-26","Confirmed"
"BLD-100185","2013-10-12","2014-01-10","Confirmed"
"BLD-100186","2019-07-03","2019-10-01","Confirmed"
"BLD-100187","2012-05-15","2012-08-13","Confirmed"
"BLD-100188","2018-08-12","2018-11-10","Confirmed"
"BLD-100189","2012-04-24","2012-07-23","Confirmed"
"BLD-100190","2020-12-20","2021-03-20","Confirmed"
"BLD-100191","2021-05-06","2021-08-04","Confirmed"
"BLD-100192","2021-04-27","2021-07-26","Confirmed"
"BLD-100193","2017-12-01","2018-03-01","Extended"
"BLD-100194","2016-11-16","2017-02-14","Confirmed"
"BLD-100195","2013-07-14","2013-10-12","Confirmed"
"BLD-100196","2017-10-11","2018-01-09","Confirmed"
"BLD-100197","2014-02-21","2014-05-22","Confirmed"
"BLD-100198","2011-01-19","2011-04-19","Confirmed"
"BLD-100199","2012-01-05","2012-04-04","Confirmed"
"BLD-100200","2017-09-17","2017-12-16","Confirmed"
"BLD-100201","2015-01-21","2015-04-21","Confirmed"
"BLD-100202","2020-11-23","2021-02-21","Confirmed"
"BLD-100203","2011-01-27","2011-04-27","Confirmed"
"BLD-100204","2012-05-01","2012-07-30","Confirmed"
"BLD-100205","2020-08-30","2020-11-28","Confirmed"
"BLD-100206","2021-03-16","2021-06-14","Confirmed"
"BLD-100207","2019-11-07","2020-02-05","Confirmed"
"BLD-100208","2021-06-13","2021-09-11","Confirmed"
"BLD-100209","2016-08-25","2016-11-23","Confirmed"
"BLD-100210","2017-03-12","2017-06-10","Confirmed"
"BLD-100211","2019-11-30","2020-02-28","Confirmed"
"BLD-100212","2012-03-12","2012-06-10","Confirmed"
"BLD-100213","2018-05-06","2018-08-04","Confirmed"
"BLD-100214","2014-05-13","2014-08-11","Confirmed"
"BLD-100215","2010-05-05","2010-08-03","Confirmed"
"BLD-100216","2011-08-07","2011-11-05","Confirmed"
"BLD-100217","2017-08-16","2017-11-14","Confirmed"
"BLD-100218","2015-03-06","2015-06-04","Confirmed"
"BLD-100219","2012-10-14","2013-01-12","Confirmed"
"BLD-100220","2016-05-05","2016-08-03","Confirmed"
"BLD-100221","2014-02-19","2014-05-20","Confirmed"
"BLD-100222","2017-11-06","2018-02-04","Confirmed"
"BLD-100223","2020-07-24","2020-10-22","Confirmed"
"BLD-100224","2014-10-03","2015-01-01","Confirmed"
"BLD-100225","2015-09-15","2015-12-14","Confirmed"
"BLD-100226","2022-07-21","2022-10-19","Confirmed"
"BLD-100227","2017-08-21","2017-11-19","Confirmed"
"BLD-100228","2018-10-17","2019-01-15","Confirmed"
"BLD-100229","2011-05-30","2011-08-28","Confirmed"
"BLD-100230","2020-12-06","2021-03-06","Confirmed"
"BLD-100231","2022-02-04","2022-05-05","Confirmed"
"BLD-100232","2019-12-11","2020-03-10","Confirmed"
"BLD-100233","2011-07-25","2011-10-23","Confirmed"
"BLD-100234","2019-09-25","2019-12-24","Confirmed"
"BLD-100235","2014-03-20","2014-06-18","Confirmed"
"BLD-100236","2020-11-10","2021-02-08","Confirmed"
"BLD-100237","2012-08-12","2012-11-10","Confirmed"
"BLD-100238","2014-09-18","2014-12-17","Confirmed"
"BLD-100239","2014-09-20","2014-12-19","Confirmed"
"BLD-100240","2013-12-26","2014-03-26","Extended"
"BLD-100241","2022-07-23","2022-10-21","Confirmed"
"BLD-100242","2021-10-02","2021-12-31","Confirmed"
"BLD-100243","2017-06-26","2017-09-24","Confirmed"
"BLD-100244","2016-03-08","2016-06-06","Confirmed"
"BLD-100245","2010-08-29","2010-11-27","Confirmed"
"BLD-100246","2018-03-17","2018-06-15","Confirmed"
"BLD-100247","2014-11-08","2015-02-06","Confirmed"
"BLD-100248","2022-05-17","2022-08-15","Confirmed"
"BLD-100249","2012-03-12","2012-06-10","Confirmed"
"BLD-100250","2018-08-17","2018-11-15","Confirmed"
"BLD-100251","2021-05-28","2021-08-26","Confirmed"
"BLD-100252","2014-10-13","2015-01-11","Confirmed"
"BLD-100253","2010-04-09","2010-07-08","Confirmed"
"BLD-100254","2021-12-01","2022-03-01","Confirmed"
"BLD-100255","2020-04-16","2020-07-15","Confirmed"
"BLD-100256","2015-12-21","2016-03-20","Confirmed"
"BLD-100257","2017-01-14","2017-04-14","Confirmed"
"BLD-100258","2011-07-07","2011-10-05","Confirmed"
"BLD-100259","2015-11-15","2016-02-13","Confirmed"
"BLD-100260","2017-02-24","2017-05-25","Confirmed"
"BLD-100261","2019-05-06","2019-08-04","Confirmed"
"BLD-100262","2012-10-18","2013-01-16","Confirmed"
"BLD-100263","2022-05-11","2022-08-09","Confirmed"
"BLD-100264","2018-09-21","2018-12-20","Confirmed"
"BLD-100265","2014-06-03","2014-09-01","Confirmed"
"BLD-100266","2011-04-06","2011-07-05","Confirmed"
"BLD-100267","2020-03-05","2020-06-03","Confirmed"
"BLD-100268","2015-07-16","2015-10-14","Confirmed"
"BLD-100269","2012-10-11","2013-01-09","Confirmed"
"BLD-100270","2012-01-07","2012-04-06","Confirmed"
"BLD-100271","2016-08-28","2016-11-26","Extended"
"BLD-100272","2010-01-16","2010-04-16","Confirmed"
"BLD-100273","2010-01-17","2010-04-17","Confirmed"
"BLD-100274","2022-07-01","2022-09-29","Confirmed"
"BLD-100275","2016-09-18","2016-12-17","Confirmed"
"BLD-100276","2017-02-06","2017-05-07","Confirmed"
"BLD-100277","2013-04-07","2013-07-06","Confirmed"
"BLD-100278","2012-11-10","2013-02-08","Confirmed"
"BLD-100279","2020-06-16","2020-09-14","Confirmed"
"BLD-100280","2019-11-14","2020-02-12","Confirmed"
"BLD-100281","2022-05-18","2022-08-16","Confirmed"
"BLD-100282","2011-03-25","2011-06-23","Confirmed"
"BLD-100283","2017-06-21","2017-09-19","Confirmed"
"BLD-100284","2011-04-20","2011-07-19","Confirmed"
"BLD-100285","2010-01-23","2010-04-23","Confirmed"
"BLD-100286","2017-11-07","2018-02-05","Confirmed"
"BLD-100287","2011-12-01","2012-02-29","Confirmed"
"BLD-100288","2021-06-25","2021-09-23","Confirmed"
"BLD-100289","2013-03-31","2013-06-29","Confirmed"
"BLD-100290","2021-08-28","2021-11-26","Confirmed"
"BLD-100291","2016-04-23","2016-07-22","Confirmed"
"BLD-100292","2014-07-22","2014-10-20","Confirmed"
"BLD-100293","2016-03-24","2016-06-22","Extended"
"BLD-100294","2010-07-09","2010-10-07","Confirmed"
"BLD-100295","2011-12-30","2012-03-29","Confirmed"
"BLD-100296","2014-07-31","2014-10-29","Confirmed"
"BLD-100297","2022-03-01","2022-05-30","Confirmed"
"BLD-100298","2020-08-11","2020-11-09","Confirmed"
"BLD-100299","2014-12-16","2015-03-16","Confirmed"
"BLD-100300","2021-12-30","2022-03-30","Confirmed"
"BLD-100301","2019-02-11","2019-05-12","Confirmed"
"BLD-100302","2011-01-31","2011-05-01","Confirmed"
"BLD-100303","2021-10-19","2022-01-17","Confirmed"
"BLD-100304","2012-05-13","2012-08-11","Confirmed"
"BLD-100305","2017-07-19","2017-10-17","Confirmed"
"BLD-100306","2016-09-22","2016-12-21","Confirmed"
"BLD-100307","2020-10-07","2021-01-05","Confirmed"
"BLD-100308","2013-12-30","2014-03-30","Confirmed"
"BLD-100309","2013-11-20","2014-02-18","Confirmed"
"BLD-100310","2018-08-23","2018-11-21","Confirmed"
"BLD-100311","2015-06-19","2015-09-17","Confirmed"
"BLD-100312","2014-05-15","2014-08-13","Confirmed"
"BLD-100313","2014-09-15","2014-12-14","Extended"
"BLD-100314","2014-10-11","2015-01-09","Confirmed"
"BLD-100315","2021-11-08","2022-02-06","Confirmed"
"BLD-100316","2015-09-12","2015-12-11","Confirmed"
"BLD-100317","2012-12-25","2013-03-25","Confirmed"
"BLD-100318","2016-07-05","2016-10-03","Confirmed"
"BLD-100319","2016-01-26","2016-04-25","Extended"
"BLD-100320","2014-08-07","2014-11-05","Confirmed"
"BLD-100321","2011-01-03","2011-04-03","Confirmed"
"BLD-100322","2017-06-23","2017-09-21","Confirmed"
"BLD-100323","2013-12-20","2014-03-20","Confirmed"
"BLD-100324","2021-09-11","2021-12-10","Confirmed"
"BLD-100325","2018-12-09","2019-03-09","Confirmed"
"BLD-100326","2021-10-06","2022-01-04","Confirmed"
"BLD-100327","2010-10-13","2011-01-11","Confirmed"
"BLD-100328","2015-01-25","2015-04-25","Confirmed"
"BLD-100329","2021-03-13","2021-06-11","Confirmed"
"BLD-100330","2013-04-11","2013-07-10","Confirmed"
"BLD-100331","2017-02-13","2017-05-14","Confirmed"
"BLD-100332","2010-05-10","2010-08-08","Confirmed"
"BLD-100333","2015-01-31","2015-05-01","Confirmed"
"BLD-100334","2015-03-01","2015-05-30","Confirmed"
"BLD-100335","2018-11-04","2019-02-02","Confirmed"
"BLD-100336","2020-09-01","2020-11-30","Confirmed"
"BLD-100337","2018-07-29","2018-10-27","Confirmed"
"BLD-100338","2013-07-30","2013-10-28","Confirmed"
"BLD-100339","2014-05-17","2014-08-15","Confirmed"
"BLD-100340","2022-03-14","2022-06-12","Confirmed"
"BLD-100341","2020-05-07","2020-08-05","Confirmed"
"BLD-100342","2021-07-14","2021-10-12","Confirmed"
"BLD-100343","2022-05-11","2022-08-09","Confirmed"
"BLD-100344","2012-06-02","2012-08-31","Confirmed"
"BLD-100345","2018-04-09","2018-07-08","Confirmed"
"BLD-100346","2013-03-06","2013-06-04","Confirmed"
"BLD-100347","2015-06-15","2015-09-13","Confirmed"
"BLD-100348","2016-11-20","2017-02-18","Confirmed"
"BLD-100349","2015-03-21","2015-06-19","Confirmed"
"BLD-100350","2011-11-22","2012-02-20","Confirmed"
"BLD-100351","2015-02-17","2015-05-18","Confirmed"
"BLD-100352","2018-05-12","2018-08-10","Confirmed"
"BLD-100353","2011-10-06","2012-01-04","Extended"
"BLD-100354","2010-10-05","2011-01-03","Confirmed"
"BLD-100355","2015-10-09","2016-01-07","Confirmed"
"BLD-100356","2014-09-11","2014-12-10","Confirmed"
"BLD-100357","2019-05-30","2019-08-28","Confirmed"
"BLD-100358","2013-05-29","2013-08-27","Confirmed"
"BLD-100359","2011-05-23","2011-08-21","Confirmed"
"BLD-100360","2013-03-26","2013-06-24","Confirmed"
"BLD-100361","2022-01-26","2022-04-26","Confirmed"
"BLD-100362","2017-08-21","2017-11-19","Confirmed"
"BLD-100363","2019-03-31","2019-06-29","Confirmed"
"BLD-100364","2022-09-20","2022-12-19","Confirmed"
"BLD-100365","2013-04-07","2013-07-06","Confirmed"
"BLD-100366","2011-08-26","2011-11-24","Confirmed"
"BLD-100367","2014-10-14","2015-01-12","Confirmed"
"BLD-100368","2014-07-19","2014-10-17","Confirmed"
"BLD-100369","2016-01-23","2016-04-22","Confirmed"
"BLD-100370","2020-11-02","2021-01-31","Confirmed"
"BLD-100371","2019-07-16","2019-10-14","Confirmed"
"BLD-100372","2015-10-20","2016-01-18","Confirmed"
"BLD-100373","2016-02-27","2016-05-27","Confirmed"
"BLD-100374","2015-05-13","2015-08-11","Confirmed"
"BLD-100375","2015-08-08","2015-11-06","Confirmed"
"BLD-100376","2019-11-06","2020-02-04","Confirmed"
"BLD-100377","2015-10-19","2016-01-17","Confirmed"
"BLD-100378","2013-05-10","2013-08-08","Confirmed"
"BLD-100379","2016-08-06","2016-11-04","Confirmed"
"BLD-100380","2020-12-02","2021-03-02","Confirmed"
"BLD-100381","2010-04-12","2010-07-11","Confirmed"
"BLD-100382","2016-11-16","2017-02-14","Confirmed"
"BLD-100383","2015-10-23","2016-01-21","Confirmed"
"BLD-100384","2012-08-20","2012-11-18","Confirmed"
"BLD-100385","2021-09-11","2021-12-10","Confirmed"
"BLD-100386","2015-12-06","2016-03-05","Confirmed"
"BLD-100387","2013-01-13","2013-04-13","Confirmed"
"BLD-100388","2018-07-06","2018-10-04","Confirmed"
"BLD-100389","2012-11-25","2013-02-23","Confirmed"
"BLD-100390","2011-01-08","2011-04-08","Confirmed"
"BLD-100391","2018-03-06","2018-06-04","Confirmed"
"BLD-100392","2015-12-04","2016-03-03","Confirmed"
"BLD-100393","2022-05-10","2022-08-08","Confirmed"
"BLD-100394","2014-06-09","2014-09-07","Confirmed"
"BLD-100395","2014-08-07","2014-11-05","Confirmed"
"BLD-100396","2010-03-07","2010-06-05","Confirmed"
"BLD-100397","2019-12-08","2020-03-07","Confirmed"
"BLD-100398","2020-01-26","2020-04-25","Confirmed"
"BLD-100399","2016-02-10","2016-05-10","Confirmed"
"BLD-100400","2011-07-14","2011-10-12","Confirmed"
"BLD-100401","2016-10-09","2017-01-07","Confirmed"
"BLD-100402","2013-04-30","2013-07-29","Confirmed"
"BLD-100403","2017-03-30","2017-06-28","Confirmed"
"BLD-100404","2018-02-06","2018-05-07","Extended"
"BLD-100405","2020-10-10","2021-01-08","Confirmed"
"BLD-100406","2016-07-15","2016-10-13","Confirmed"
"BLD-100407","2016-10-22","2017-01-20","Confirmed"
"BLD-100408","2011-11-23","2012-02-21","Confirmed"
"BLD-100409","2013-09-02","2013-12-01","Confirmed"
"BLD-100410","2022-08-30","2022-11-28","Confirmed"
"BLD-100411","2014-04-14","2014-07-13","Confirmed"
"BLD-100412","2011-06-06","2011-09-04","Confirmed"
"BLD-100413","2010-01-07","2010-04-07","Confirmed"
"BLD-100414","2020-05-23","2020-08-21","Confirmed"
"BLD-100415","2011-11-15","2012-02-13","Confirmed"
"BLD-100416","2011-04-21","2011-07-20","Confirmed"
"BLD-100417","2016-03-17","2016-06-15","Confirmed"
"BLD-100418","2021-10-03","2022-01-01","Confirmed"
"BLD-100419","2012-06-14","2012-09-12","Confirmed"
"BLD-100420","2016-07-06","2016-10-04","Confirmed"
"BLD-100421","2010-02-24","2010-05-25","Confirmed"
"BLD-100422","2010-08-14","2010-11-12","Confirmed"
"BLD-100423","2015-03-10","2015-06-08","Confirmed"
"BLD-100424","2016-06-06","2016-09-04","Confirmed"
"BLD-100425","2014-09-21","2014-12-20","Confirmed"
"BLD-100426","2014-04-11","2014-07-10","Confirmed"
"BLD-100427","2014-12-21","2015-03-21","Confirmed"
"BLD-100428","2014-05-07","2014-08-05","Confirmed"
"BLD-100429","2013-07-17","2013-10-15","Confirmed"
"BLD-100430","2020-03-24","2020-06-22","Confirmed"
"BLD-100431","2020-08-13","2020-11-11","Confirmed"
"BLD-100432","2014-07-10","2014-10-08","Confirmed"
"BLD-100433","2013-07-18","2013-10-16","Confirmed"
"BLD-100434","2015-02-15","2015-05-16","Confirmed"
"BLD-100435","2018-04-18","2018-07-17","Extended"
"BLD-100436","2017-02-22","2017-05-23","Confirmed"
"BLD-100437","2016-09-01","2016-11-30","Confirmed"
"BLD-100438","2015-01-10","2015-04-10","Confirmed"
"BLD-100439","2013-10-01","2013-12-30","Confirmed"
"BLD-100440","2013-09-14","2013-12-13","Confirmed"
"BLD-100441","2020-07-19","2020-10-17","Confirmed"
"BLD-100442","2017-10-26","2018-01-24","Confirmed"
"BLD-100443","2011-09-30","2011-12-29","Confirmed"
"BLD-100444","2016-04-10","2016-07-09","Confirmed"
"BLD-100445","2021-03-06","2021-06-04","Confirmed"
"BLD-100446","2016-07-28","2016-10-26","Confirmed"
"BLD-100447","2017-12-15","2018-03-15","Confirmed"
"BLD-100448","2017-09-28","2017-12-27","Confirmed"
"BLD-100449","2018-06-25","2018-09-23","Confirmed"
"BLD-100450","2021-12-16","2022-03-16","Confirmed"
"BLD-100451","2011-11-28","2012-02-26","Confirmed"
"BLD-100452","2012-08-29","2012-11-27","Extended"
"BLD-100453","2020-08-24","2020-11-22","Confirmed"
"BLD-100454","2020-12-23","2021-03-23","Confirmed"
"BLD-100455","2019-04-22","2019-07-21","Confirmed"
"BLD-100456","2022-02-25","2022-05-26","Confirmed"
"BLD-100457","2016-01-30","2016-04-29","Confirmed"
"BLD-100458","2012-04-07","2012-07-06","Confirmed"
"BLD-100459","2014-12-21","2015-03-21","Confirmed"
"BLD-100460","2014-01-29","2014-04-29","Confirmed"
"BLD-100461","2010-11-15","2011-02-13","Confirmed"
"BLD-100462","2013-03-07","2013-06-05","Confirmed"
"BLD-100463","2016-11-29","2017-02-27","Confirmed"
"BLD-100464","2015-07-31","2015-10-29","Confirmed"
"BLD-100465","2021-02-05","2021-05-06","Confirmed"
"BLD-100466","2020-11-24","2021-02-22","Confirmed"
"BLD-100467","2018-03-20","2018-06-18","Confirmed"
"BLD-100468","2016-12-13","2017-03-13","Confirmed"
"BLD-100469","2021-07-18","2021-10-16","Confirmed"
"BLD-100470","2010-01-07","2010-04-07","Confirmed"
"BLD-100471","2014-07-28","2014-10-26","Confirmed"
"BLD-100472","2013-04-26","2013-07-25","Confirmed"
"BLD-100473","2019-04-04","2019-07-03","Confirmed"
"BLD-100474","2021-08-12","2021-11-10","Confirmed"
"BLD-100475","2014-11-01","2015-01-30","Confirmed"
"BLD-100476","2019-01-12","2019-04-12","Confirmed"
"BLD-100477","2017-11-13","2018-02-11","Confirmed"
"BLD-100478","2015-10-14","2016-01-12","Confirmed"
"BLD-100479","2021-10-16","2022-01-14","Extended"
"BLD-100480","2022-04-08","2022-07-07","Confirmed"
"BLD-100481","2010-03-12","2010-06-10","Confirmed"
"BLD-100482","2018-08-20","2018-11-18","Confirmed"
"BLD-100483","2015-06-17","2015-09-15","Confirmed"
"BLD-100484","2016-09-05","2016-12-04","Confirmed"
"BLD-100485","2016-03-27","2016-06-25","Confirmed"
"BLD-100486","2013-11-26","2014-02-24","Confirmed"
"BLD-100487","2016-01-10","2016-04-09","Confirmed"
"BLD-100488","2016-12-06","2017-03-06","Confirmed"
"BLD-100489","2012-04-06","2012-07-05","Confirmed"
"BLD-100490","2017-01-31","2017-05-01","Extended"
"BLD-100491","2022-09-16","2022-12-15","Confirmed"
"BLD-100492","2017-06-13","2017-09-11","Confirmed"
"BLD-100493","2011-08-05","2011-11-03","Confirmed"
"BLD-100494","2015-01-18","2015-04-18","Confirmed"
"BLD-100495","2012-07-03","2012-10-01","Confirmed"
"BLD-100496","2021-03-27","2021-06-25","Confirmed"
"BLD-100497","2022-04-05","2022-07-04","Confirmed"
"BLD-100498","2022-02-16","2022-05-17","Confirmed"
"BLD-100499","2021-06-10","2021-09-08","Confirmed"
"BLD-100500","2022-07-10","2022-10-08","Confirmed"
"BLD-100501","2015-06-02","2015-08-31","Confirmed"
"BLD-100502","2021-08-26","2021-11-24","Confirmed"
"BLD-100503","2018-03-03","2018-06-01","Confirmed"
"BLD-100504","2016-07-01","2016-09-29","Confirmed"
"BLD-100505","2010-09-08","2010-12-07","Confirmed"
"BLD-100506","2017-08-27","2017-11-25","Confirmed"
"BLD-100507","2018-07-16","2018-10-14","Confirmed"
"BLD-100508","2016-12-09","2017-03-09","Confirmed"
"BLD-100509","2013-12-07","2014-03-07","Confirmed"
"BLD-100510","2017-12-30","2018-03-30","Confirmed"
"BLD-100511","2020-01-28","2020-04-27","Confirmed"
"BLD-100512","2018-04-19","2018-07-18","Confirmed"
"BLD-100513","2013-06-25","2013-09-23","Confirmed"
"BLD-100514","2010-05-03","2010-08-01","Confirmed"
"BLD-100515","2015-01-18","2015-04-18","Confirmed"
"BLD-100516","2015-07-03","2015-10-01","Confirmed"
"BLD-100517","2015-06-21","2015-09-19","Confirmed"
"BLD-100518","2014-09-29","2014-12-28","Confirmed"
"BLD-100519","2014-08-19","2014-11-17","Confirmed"
"BLD-100520","2020-03-01","2020-05-30","Confirmed"
"BLD-100521","2018-01-02","2018-04-02","Confirmed"
"BLD-100522","2013-03-01","2013-05-30","Confirmed"
"BLD-100523","2016-07-17","2016-10-15","Confirmed"
"BLD-100524","2021-11-22","2022-02-20","Confirmed"
"BLD-100525","2021-03-27","2021-06-25","Confirmed"
"BLD-100526","2022-05-18","2022-08-16","Confirmed"
"BLD-100527","2012-03-15","2012-06-13","Confirmed"
"BLD-100528","2013-06-16","2013-09-14","Confirmed"
"BLD-100529","2021-04-07","2021-07-06","Extended"
"BLD-100530","2021-01-18","2021-04-18","Confirmed"
"BLD-100531","2020-08-06","2020-11-04","Confirmed"
"BLD-100532","2020-06-19","2020-09-17","Confirmed"
"BLD-100533","2014-07-14","2014-10-12","Confirmed"
"BLD-100534","2018-07-29","2018-10-27","Confirmed"
"BLD-100535","2014-06-07","2014-09-05","Confirmed"
"BLD-100536","2021-06-05","2021-09-03","Confirmed"
"BLD-100537","2016-01-16","2016-04-15","Confirmed"
"BLD-100538","2019-02-26","2019-05-27","Confirmed"
"BLD-100539","2012-04-17","2012-07-16","Confirmed"
"BLD-100540","2019-02-03","2019-05-04","Confirmed"
"BLD-100541","2018-12-07","2019-03-07","Confirmed"
"BLD-100542","2017-02-18","2017-05-19","Confirmed"
"BLD-100543","2014-08-19","2014-11-17","Confirmed"
"BLD-100544","2014-07-18","2014-10-16","Confirmed"
"BLD-100545","2015-02-05","2015-05-06","Confirmed"
"BLD-100546","2013-04-08","2013-07-07","Confirmed"
"BLD-100547","2010-04-09","2010-07-08","Confirmed"
"BLD-100548","2019-01-05","2019-04-05","Confirmed"
"BLD-100549","2011-09-23","2011-12-22","Confirmed"
"BLD-100550","2019-10-22","2020-01-20","Confirmed"
"BLD-100551","2022-09-15","2022-12-14","Confirmed"
"BLD-100552","2015-03-24","2015-06-22","Confirmed"
"BLD-100553","2011-11-03","2012-02-01","Confirmed"
"BLD-100554","2013-04-15","2013-07-14","Extended"
"BLD-100555","2015-02-28","2015-05-29","Confirmed"
"BLD-100556","2016-09-13","2016-12-12","Confirmed"
"BLD-100557","2010-02-10","2010-05-11","Confirmed"
"BLD-100558","2016-02-07","2016-05-07","Confirmed"
"BLD-100559","2015-02-14","2015-05-15","Confirmed"
"BLD-100560","2018-09-02","2018-12-01","Confirmed"
"BLD-100561","2018-11-17","2019-02-15","Confirmed"
"BLD-100562","2019-12-27","2020-03-26","Confirmed"
"BLD-100563","2017-02-10","2017-05-11","Confirmed"
"BLD-100564","2019-07-20","2019-10-18","Confirmed"
"BLD-100565","2013-01-02","2013-04-02","Confirmed"
"BLD-100566","2014-08-17","2014-11-15","Confirmed"
"BLD-100567","2022-05-09","2022-08-07","Confirmed"
"BLD-100568","2012-03-10","2012-06-08","Confirmed"
"BLD-100569","2015-10-10","2016-01-08","Confirmed"
"BLD-100570","2017-03-24","2017-06-22","Confirmed"
"BLD-100571","2018-02-28","2018-05-29","Confirmed"
"BLD-100572","2019-03-31","2019-06-29","Confirmed"
"BLD-100573","2018-05-02","2018-07-31","Confirmed"
"BLD-100574","2015-10-10","2016-01-08","Confirmed"
"BLD-100575","2016-02-16","2016-05-16","Confirmed"
"BLD-100576","2020-12-14","2021-03-14","Confirmed"
"BLD-100577","2017-05-28","2017-08-26","Confirmed"
"BLD-100578","2022-01-10","2022-04-10","Confirmed"
"BLD-100579","2015-05-21","2015-08-19","Confirmed"
"BLD-100580","2018-06-20","2018-09-18","Confirmed"
"BLD-100581","2016-07-21","2016-10-19","Confirmed"
"BLD-100582","2022-08-18","2022-11-16","Confirmed"
"BLD-100583","2012-11-17","2013-02-15","Confirmed"
"BLD-100584","2013-01-16","2013-04-16","Confirmed"
"BLD-100585","2017-10-05","2018-01-03","Confirmed"
"BLD-100586","2013-10-11","2014-01-09","Confirmed"
"BLD-100587","2021-09-28","2021-12-27","Confirmed"
"BLD-100588","2012-10-12","2013-01-10","Confirmed"
"BLD-100589","2021-01-10","2021-04-10","Confirmed"
"BLD-100590","2022-09-27","2022-12-26","Confirmed"
"BLD-100591","2013-06-29","2013-09-27","Confirmed"
"BLD-100592","2022-04-05","2022-07-04","Confirmed"
"BLD-100593","2016-08-29","2016-11-27","Confirmed"
"BLD-100594","2020-05-15","2020-08-13","Confirmed"
"BLD-100595","2015-08-10","2015-11-08","Confirmed"
"BLD-100596","2013-08-26","2013-11-24","Confirmed"
"BLD-100597","2015-11-03","2016-02-01","Confirmed"
"BLD-100598","2021-05-08","2021-08-06","Confirmed"
"BLD-100599","2013-02-19","2013-05-20","Confirmed"
"BLD-100600","2017-05-18","2017-08-16","Confirmed"
"BLD-100601","2013-07-17","2013-10-15","Confirmed"
"BLD-100602","2021-06-07","2021-09-05","Confirmed"
"BLD-100603","2017-02-13","2017-05-14","Confirmed"
"BLD-100604","2020-08-01","2020-10-30","Confirmed"
"BLD-100605","2013-08-09","2013-11-07","Confirmed"
"BLD-100606","2010-01-12","2010-04-12","Confirmed"
"BLD-100607","2020-06-05","2020-09-03","Confirmed"
"BLD-100608","2022-05-05","2022-08-03","Confirmed"
"BLD-100609","2022-06-12","2022-09-10","Confirmed"
"BLD-100610","2018-12-02","2019-03-02","Confirmed"
"BLD-100611","2010-01-24","2010-04-24","Confirmed"
"BLD-100612","2011-03-20","2011-06-18","Confirmed"
"BLD-100613","2021-04-15","2021-07-14","Confirmed"
"BLD-100614","2015-01-11","2015-04-11","Confirmed"
"BLD-100615","2020-07-05","2020-10-03","Confirmed"
"BLD-100616","2014-11-15","2015-02-13","Confirmed"
"BLD-100617","2016-12-26","2017-03-26","Confirmed"
"BLD-100618","2017-07-31","2017-10-29","Confirmed"
"BLD-100619","2015-01-02","2015-04-02","Confirmed"
"BLD-100620","2017-03-25","2017-06-23","Confirmed"
"BLD-100621","2016-12-15","2017-03-15","Confirmed"
"BLD-100622","2016-02-23","2016-05-23","Confirmed"
"BLD-100623","2016-05-18","2016-08-16","Confirmed"
"BLD-100624","2018-03-25","2018-06-23","Confirmed"
"BLD-100625","2016-05-02","2016-07-31","Confirmed"
"BLD-100626","2010-01-05","2010-04-05","Extended"
"BLD-100627","2015-03-06","2015-06-04","Confirmed"
"BLD-100628","2013-07-13","2013-10-11","Confirmed"
"BLD-100629","2016-07-22","2016-10-20","Confirmed"
"BLD-100630","2020-04-24","2020-07-23","Confirmed"
"BLD-100631","2015-01-05","2015-04-05","Confirmed"
"BLD-100632","2020-01-12","2020-04-11","Confirmed"
"BLD-100633","2014-08-30","2014-11-28","Confirmed"
"BLD-100634","2011-07-13","2011-10-11","Confirmed"
"BLD-100635","2017-04-19","2017-07-18","Confirmed"
"BLD-100636","2016-12-20","2017-03-20","Confirmed"
"BLD-100637","2016-03-09","2016-06-07","Extended"
"BLD-100638","2013-03-06","2013-06-04","Confirmed"
"BLD-100639","2018-12-18","2019-03-18","Confirmed"
"BLD-100640","2021-04-05","2021-07-04","Confirmed"
"BLD-100641","2018-08-29","2018-11-27","Confirmed"
"BLD-100642","2017-06-10","2017-09-08","Confirmed"
"BLD-100643","2020-05-05","2020-08-03","Confirmed"
"BLD-100644","2015-11-29","2016-02-27","Confirmed"
"BLD-100645","2013-10-24","2014-01-22","Confirmed"
"BLD-100646","2019-06-22","2019-09-20","Confirmed"
"BLD-100647","2012-04-17","2012-07-16","Confirmed"
"BLD-100648","2013-04-08","2013-07-07","Confirmed"
"BLD-100649","2019-01-16","2019-04-16","Confirmed"
"BLD-100650","2013-10-05","2014-01-03","Confirmed"
"BLD-100651","2015-04-29","2015-07-28","Confirmed"
"BLD-100652","2019-07-28","2019-10-26","Confirmed"
"BLD-100653","2017-10-24","2018-01-22","Confirmed"
"BLD-100654","2016-10-15","2017-01-13","Confirmed"
"BLD-100655","2015-11-12","2016-02-10","Confirmed"
"BLD-100656","2018-01-10","2018-04-10","Confirmed"
"BLD-100657","2015-05-31","2015-08-29","Confirmed"
"BLD-100658","2010-01-05","2010-04-05","Confirmed"
"BLD-100659","2019-05-23","2019-08-21","Confirmed"
"BLD-100660","2010-09-05","2010-12-04","Confirmed"
"BLD-100661","2016-01-15","2016-04-14","Confirmed"
"BLD-100662","2022-08-08","2022-11-06","Confirmed"
"BLD-100663","2014-08-24","2014-11-22","Confirmed"
"BLD-100664","2016-03-07","2016-06-05","Confirmed"
"BLD-100665","2011-03-16","2011-06-14","Confirmed"
"BLD-100666","2020-08-05","2020-11-03","Extended"
"BLD-100667","2020-01-10","2020-04-09","Confirmed"
"BLD-100668","2013-07-20","2013-10-18","Confirmed"
"BLD-100669","2016-04-07","2016-07-06","Confirmed"
"BLD-100670","2021-10-23","2022-01-21","Confirmed"
"BLD-100671","2020-12-12","2021-03-12","Confirmed"
"BLD-100672","2010-07-04","2010-10-02","Confirmed"
"BLD-100673","2016-05-30","2016-08-28","Confirmed"
"BLD-100674","2015-09-17","2015-12-16","Confirmed"
"BLD-100675","2013-03-13","2013-06-11","Confirmed"
"BLD-100676","2013-10-01","2013-12-30","Confirmed"
"BLD-100677","2014-07-12","2014-10-10","Confirmed"
"BLD-100678","2022-07-04","2022-10-02","Confirmed"
"BLD-100679","2012-09-10","2012-12-09","Confirmed"
"BLD-100680","2013-07-30","2013-10-28","Confirmed"
"BLD-100681","2015-04-18","2015-07-17","Confirmed"
"BLD-100682","2019-03-16","2019-06-14","Confirmed"
"BLD-100683","2019-01-18","2019-04-18","Confirmed"
"BLD-100684","2020-07-05","2020-10-03","Confirmed"
"BLD-100685","2021-03-15","2021-06-13","Confirmed"
"BLD-100686","2016-02-27","2016-05-27","Confirmed"
"BLD-100687","2010-05-10","2010-08-08","Confirmed"
"BLD-100688","2011-06-16","2011-09-14","Confirmed"
"BLD-100689","2018-10-10","2019-01-08","Confirmed"
"BLD-100690","2015-02-09","2015-05-10","Confirmed"
"BLD-100691","2013-07-08","2013-10-06","Confirmed"
"BLD-100692","2016-07-06","2016-10-04","Confirmed"
"BLD-100693","2013-12-21","2014-03-21","Confirmed"
"BLD-100694","2011-06-19","2011-09-17","Confirmed"
"BLD-100695","2018-04-20","2018-07-19","Confirmed"
"BLD-100696","2012-12-13","2013-03-13","Confirmed"
"BLD-100697","2010-10-26","2011-01-24","Confirmed"
"BLD-100698","2015-08-20","2015-11-18","Confirmed"
"BLD-100699","2019-10-28","2020-01-26","Confirmed"
"BLD-100700","2020-04-06","2020-07-05","Confirmed"
"BLD-100701","2014-03-10","2014-06-08","Confirmed"
"BLD-100702","2013-03-13","2013-06-11","Confirmed"
"BLD-100703","2021-09-04","2021-12-03","Extended"
"BLD-100704","2013-07-12","2013-10-10","Confirmed"
"BLD-100705","2019-05-17","2019-08-15","Confirmed"
"BLD-100706","2018-06-22","2018-09-20","Confirmed"
"BLD-100707","2017-07-22","2017-10-20","Confirmed"
"BLD-100708","2010-04-12","2010-07-11","Confirmed"
"BLD-100709","2021-10-12","2022-01-10","Confirmed"
"BLD-100710","2013-06-14","2013-09-12","Confirmed"
"BLD-100711","2020-03-17","2020-06-15","Confirmed"
"BLD-100712","2017-09-08","2017-12-07","Extended"
"BLD-100713","2010-07-03","2010-10-01","Confirmed"
"BLD-100714","2015-09-10","2015-12-09","Confirmed"
"BLD-100715","2022-07-30","2022-10-28","Confirmed"
"BLD-100716","2010-06-11","2010-09-09","Confirmed"
"BLD-100717","2022-01-27","2022-04-27","Confirmed"
"BLD-100718","2016-07-09","2016-10-07","Confirmed"
"BLD-100719","2020-04-21","2020-07-20","Confirmed"
"BLD-100720","2019-03-27","2019-06-25","Confirmed"
"BLD-100721","2012-04-23","2012-07-22","Confirmed"
"BLD-100722","2019-06-20","2019-09-18","Confirmed"
"BLD-100723","2022-02-10","2022-05-11","Confirmed"
"BLD-100724","2014-03-09","2014-06-07","Confirmed"
"BLD-100725","2022-06-12","2022-09-10","Confirmed"
"BLD-100726","2014-01-13","2014-04-13","Confirmed"
"BLD-100727","2016-07-20","2016-10-18","Confirmed"
"BLD-100728","2010-04-25","2010-07-24","Confirmed"
"BLD-100729","2020-08-30","2020-11-28","Confirmed"
"BLD-100730","2011-03-23","2011-06-21","Confirmed"
"BLD-100731","2017-02-14","2017-05-15","Confirmed"
"BLD-100732","2010-10-31","2011-01-29","Confirmed"
"BLD-100733","2021-08-14","2021-11-12","Confirmed"
"BLD-100734","2016-10-15","2017-01-13","Confirmed"
"BLD-100735","2014-02-12","2014-05-13","Confirmed"
"BLD-100736","2018-01-29","2018-04-29","Confirmed"
"BLD-100737","2017-06-09","2017-09-07","Confirmed"
"BLD-100738","2019-07-11","2019-10-09","Confirmed"
"BLD-100739","2019-05-28","2019-08-26","Confirmed"
"BLD-100740","2011-04-03","2011-07-02","Confirmed"
"BLD-100741","2013-12-06","2014-03-06","Confirmed"
"BLD-100742","2017-08-18","2017-11-16","Confirmed"
"BLD-100743","2018-12-08","2019-03-08","Confirmed"
"BLD-100744","2016-07-18","2016-10-16","Confirmed"
"BLD-100745","2020-05-10","2020-08-08","Confirmed"
"BLD-100746","2018-09-16","2018-12-15","Confirmed"
"BLD-100747","2018-08-12","2018-11-10","Confirmed"
"BLD-100748","2011-05-15","2011-08-13","Confirmed"
"BLD-100749","2018-01-26","2018-04-26","Confirmed"
"BLD-100750","2012-02-17","2012-05-17","Confirmed"
"BLD-100751","2010-08-28","2010-11-26","Confirmed"
"BLD-100752","2012-05-14","2012-08-12","Confirmed"
"BLD-100753","2010-03-13","2010-06-11","Confirmed"
"BLD-100754","2017-07-20","2017-10-18","Confirmed"
"BLD-100755","2014-09-16","2014-12-15","Confirmed"
"BLD-100756","2017-09-04","2017-12-03","Confirmed"
"BLD-100757","2016-10-13","2017-01-11","Confirmed"
"BLD-100758","2014-03-30","2014-06-28","Confirmed"
"BLD-100759","2013-01-09","2013-04-09","Confirmed"
"BLD-100760","2014-04-05","2014-07-04","Confirmed"
"BLD-100761","2015-05-23","2015-08-21","Confirmed"
"BLD-100762","2020-03-05","2020-06-03","Confirmed"
"BLD-100763","2020-09-29","2020-12-28","Confirmed"
"BLD-100764","2013-10-21","2014-01-19","Confirmed"
"BLD-100765","2015-02-07","2015-05-08","Confirmed"
"BLD-100766","2015-04-08","2015-07-07","Extended"
"BLD-100767","2011-09-01","2011-11-30","Confirmed"
"BLD-100768","2020-09-01","2020-11-30","Confirmed"
"BLD-100769","2010-02-01","2010-05-02","Confirmed"
"BLD-100770","2022-09-03","2022-12-02","Confirmed"
"BLD-100771","2015-11-30","2016-02-28","Confirmed"
"BLD-100772","2020-09-04","2020-12-03","Confirmed"
"BLD-100773","2016-05-19","2016-08-17","Confirmed"
"BLD-100774","2018-08-16","2018-11-14","Confirmed"
"BLD-100775","2016-10-12","2017-01-10","Confirmed"
"BLD-100776","2014-01-16","2014-04-16","Confirmed"
"BLD-100777","2019-12-09","2020-03-08","Confirmed"
"BLD-100778","2010-11-13","2011-02-11","Confirmed"
"BLD-100779","2020-06-15","2020-09-13","Confirmed"
"BLD-100780","2011-10-09","2012-01-07","Confirmed"
"BLD-100781","2019-09-20","2019-12-19","Confirmed"
"BLD-100782","2017-01-31","2017-05-01","Confirmed"
"BLD-100783","2013-03-09","2013-06-07","Confirmed"
"BLD-100784","2013-11-01","2014-01-30","Confirmed"
"BLD-100785","2018-12-29","2019-03-29","Confirmed"
"BLD-100786","2010-09-02","2010-12-01","Confirmed"
"BLD-100787","2012-02-05","2012-05-05","Confirmed"
"BLD-100788","2019-05-15","2019-08-13","Confirmed"
"BLD-100789","2021-09-07","2021-12-06","Confirmed"
"BLD-100790","2010-04-20","2010-07-19","Confirmed"
"BLD-100791","2013-10-22","2014-01-20","Confirmed"
"BLD-100792","2013-08-06","2013-11-04","Confirmed"
"BLD-100793","2013-02-04","2013-05-05","Confirmed"
"BLD-100794","2016-06-01","2016-08-30","Confirmed"
"BLD-100795","2017-05-16","2017-08-14","Confirmed"
"BLD-100796","2018-08-20","2018-11-18","Confirmed"
"BLD-100797","2011-03-22","2011-06-20","Confirmed"
"BLD-100798","2018-07-29","2018-10-27","Confirmed"
"BLD-100799","2016-07-07","2016-10-05","Confirmed"
"BLD-100800","2022-09-24","2022-12-23","Confirmed"
"BLD-100801","2019-04-07","2019-07-06","Confirmed"
"BLD-100802","2014-08-07","2014-11-05","Confirmed"
"BLD-100803","2013-08-05","2013-11-03","Confirmed"
"BLD-100804","2018-10-29","2019-01-27","Confirmed"
"BLD-100805","2011-10-17","2012-01-15","Confirmed"
"BLD-100806","2020-09-15","2020-12-14","Confirmed"
"BLD-100807","2016-12-02","2017-03-02","Confirmed"
"BLD-100808","2017-10-07","2018-01-05","Confirmed"
"BLD-100809","2011-08-12","2011-11-10","Confirmed"
"BLD-100810","2016-11-24","2017-02-22","Confirmed"
"BLD-100811","2020-09-18","2020-12-17","Confirmed"
"BLD-100812","2013-05-31","2013-08-29","Confirmed"
"BLD-100813","2015-07-11","2015-10-09","Confirmed"
"BLD-100814","2012-01-21","2012-04-20","Confirmed"
"BLD-100815","2012-03-19","2012-06-17","Confirmed"
"BLD-100816","2014-09-29","2014-12-28","Confirmed"
"BLD-100817","2020-06-21","2020-09-19","Extended"
"BLD-100818","2017-03-14","2017-06-12","Confirmed"
"BLD-100819","2011-01-29","2011-04-29","Confirmed"
"BLD-100820","2018-08-27","2018-11-25","Confirmed"
"BLD-100821","2011-02-21","2011-05-22","Confirmed"
"BLD-100822","2011-01-17","2011-04-17","Confirmed"
"BLD-100823","2017-10-21","2018-01-19","Confirmed"
"BLD-100824","2014-06-09","2014-09-07","Confirmed"
"BLD-100825","2021-10-28","2022-01-26","Confirmed"
"BLD-100826","2022-06-07","2022-09-05","Confirmed"
"BLD-100827","2017-03-05","2017-06-03","Confirmed"
"BLD-100828","2020-12-20","2021-03-20","Confirmed"
"BLD-100829","2022-02-01","2022-05-02","Confirmed"
"BLD-100830","2013-01-24","2013-04-24","Confirmed"
"BLD-100831","2017-08-11","2017-11-09","Confirmed"
"BLD-100832","2022-01-05","2022-04-05","Confirmed"
"BLD-100833","2018-04-02","2018-07-01","Confirmed"
"BLD-100834","2022-05-21","2022-08-19","Confirmed"
"BLD-100835","2015-12-02","2016-03-01","Confirmed"
"BLD-100836","2012-03-21","2012-06-19","Confirmed"
"BLD-100837","2021-04-18","2021-07-17","Confirmed"
"BLD-100838","2021-11-08","2022-02-06","Confirmed"
"BLD-100839","2018-12-02","2019-03-02","Confirmed"
"BLD-100840","2020-05-05","2020-08-03","Confirmed"
"BLD-100841","2011-05-14","2011-08-12","Confirmed"
"BLD-100842","2017-04-22","2017-07-21","Confirmed"
"BLD-100843","2018-09-10","2018-12-09","Confirmed"
"BLD-100844","2011-01-15","2011-04-15","Confirmed"
"BLD-100845","2017-12-05","2018-03-05","Confirmed"
"BLD-100846","2020-07-19","2020-10-17","Confirmed"
"BLD-100847","2020-12-29","2021-03-29","Confirmed"
"BLD-100848","2021-01-15","2021-04-15","Confirmed"
"BLD-100849","2016-08-06","2016-11-04","Confirmed"
"BLD-100850","2022-05-02","2022-07-31","Confirmed"
"BLD-100851","2015-04-26","2015-07-25","Confirmed"
"BLD-100852","2022-01-30","2022-04-30","Confirmed"
"BLD-100853","2017-08-22","2017-11-20","Confirmed"
"BLD-100854","2019-02-18","2019-05-19","Extended"
"BLD-100855","2019-06-03","2019-09-01","Confirmed"
"BLD-100856","2021-07-14","2021-10-12","Confirmed"
"BLD-100857","2021-03-31","2021-06-29","Confirmed"
"BLD-100858","2022-01-14","2022-04-14","Confirmed"
"BLD-100859","2016-09-26","2016-12-25","Confirmed"
"BLD-100860","2010-06-05","2010-09-03","Confirmed"
"BLD-100861","2010-02-03","2010-05-04","Confirmed"
"BLD-100862","2011-10-28","2012-01-26","Confirmed"
"BLD-100863","2021-07-05","2021-10-03","Confirmed"
"BLD-100864","2010-03-09","2010-06-07","Confirmed"
"BLD-100865","2021-12-08","2022-03-08","Confirmed"
"BLD-100866","2018-07-11","2018-10-09","Confirmed"
"BLD-100867","2010-04-08","2010-07-07","Confirmed"
"BLD-100868","2012-11-23","2013-02-21","Confirmed"
"BLD-100869","2013-09-01","2013-11-30","Confirmed"
"BLD-100870","2022-01-24","2022-04-24","Confirmed"
"BLD-100871","2011-08-04","2011-11-02","Confirmed"
"BLD-100872","2014-02-14","2014-05-15","Confirmed"
"BLD-100873","2014-12-29","2015-03-29","Confirmed"
"BLD-100874","2021-03-27","2021-06-25","Confirmed"
"BLD-100875","2016-04-11","2016-07-10","Confirmed"
"BLD-100876","2022-08-12","2022-11-10","Confirmed"
"BLD-100877","2017-05-03","2017-08-01","Confirmed"
"BLD-100878","2016-04-03","2016-07-02","Confirmed"
"BLD-100879","2014-07-02","2014-09-30","Confirmed"
"BLD-100880","2014-12-04","2015-03-04","Confirmed"
"BLD-100881","2017-06-20","2017-09-18","Confirmed"
"BLD-100882","2020-05-24","2020-08-22","Confirmed"
"BLD-100883","2017-05-17","2017-08-15","Confirmed"
"BLD-100884","2021-02-11","2021-05-12","Confirmed"
"BLD-100885","2016-12-17","2017-03-17","Confirmed"
"BLD-100886","2013-06-06","2013-09-04","Confirmed"
"BLD-100887","2013-06-09","2013-09-07","Confirmed"
"BLD-100888","2010-03-23","2010-06-21","Confirmed"
"BLD-100889","2020-02-18","2020-05-18","Confirmed"
"BLD-100890","2016-01-04","2016-04-03","Confirmed"
"BLD-100891","2010-11-10","2011-02-08","Confirmed"
"BLD-100892","2020-07-21","2020-10-19","Confirmed"
"BLD-100893","2015-10-15","2016-01-13","Extended"
"BLD-100894","2011-11-29","2012-02-27","Confirmed"
"BLD-100895","2013-04-11","2013-07-10","Confirmed"
"BLD-100896","2011-11-03","2012-02-01","Confirmed"
"BLD-100897","2017-03-09","2017-06-07","Confirmed"
"BLD-100898","2016-11-24","2017-02-22","Confirmed"
"BLD-100899","2013-05-22","2013-08-20","Confirmed"
"BLD-100900","2016-10-11","2017-01-09","Confirmed"
"BLD-100901","2019-10-04","2020-01-02","Confirmed"
"BLD-100902","2019-09-30","2019-12-29","Confirmed"
"BLD-100903","2013-04-07","2013-07-06","Confirmed"
"BLD-100904","2016-05-25","2016-08-23","Extended"
"BLD-100905","2021-09-08","2021-12-07","Confirmed"
"BLD-100906","2021-12-17","2022-03-17","Extended"
"BLD-100907","2022-08-13","2022-11-11","Confirmed"
"BLD-100908","2020-03-16","2020-06-14","Confirmed"
"BLD-100909","2014-11-28","2015-02-26","Confirmed"
"BLD-100910","2015-03-11","2015-06-09","Confirmed"
"BLD-100911","2017-12-06","2018-03-06","Extended"
"BLD-100912","2010-02-22","2010-05-23","Confirmed"
"BLD-100913","2013-09-26","2013-12-25","Confirmed"
"BLD-100914","2014-11-08","2015-02-06","Confirmed"
"BLD-100915","2022-07-03","2022-10-01","Confirmed"
"BLD-100916","2017-09-20","2017-12-19","Confirmed"
"BLD-100917","2016-07-14","2016-10-12","Confirmed"
"BLD-100918","2014-08-19","2014-11-17","Confirmed"
"BLD-100919","2011-02-14","2011-05-15","Confirmed"
"BLD-100920","2013-04-23","2013-07-22","Confirmed"
"BLD-100921","2014-04-10","2014-07-09","Confirmed"
"BLD-100922","2018-09-18","2018-12-17","Confirmed"
"BLD-100923","2019-03-24","2019-06-22","Confirmed"
"BLD-100924","2017-03-07","2017-06-05","Confirmed"
"BLD-100925","2016-10-18","2017-01-16","Confirmed"
"BLD-100926","2019-12-15","2020-03-14","Extended"
"BLD-100927","2014-07-10","2014-10-08","Confirmed"
"BLD-100928","2011-09-09","2011-12-08","Confirmed"
"BLD-100929","2021-09-03","2021-12-02","Confirmed"
"BLD-100930","2017-01-02","2017-04-02","Confirmed"
"BLD-100931","2013-07-18","2013-10-16","Confirmed"
"BLD-100932","2012-11-13","2013-02-11","Confirmed"
"BLD-100933","2011-07-18","2011-10-16","Confirmed"
"BLD-100934","2013-09-29","2013-12-28","Confirmed"
"BLD-100935","2011-06-06","2011-09-04","Confirmed"
"BLD-100936","2014-01-22","2014-04-22","Confirmed"
"BLD-100937","2018-03-24","2018-06-22","Confirmed"
"BLD-100938","2015-03-19","2015-06-17","Confirmed"
"BLD-100939","2014-01-09","2014-04-09","Confirmed"
"BLD-100940","2016-03-06","2016-06-04","Confirmed"
"BLD-100941","2021-05-25","2021-08-23","Confirmed"
"BLD-100942","2014-12-29","2015-03-29","Confirmed"
"BLD-100943","2019-08-04","2019-11-02","Confirmed"
"BLD-100944","2016-01-13","2016-04-12","Confirmed"
"BLD-100945","2013-02-02","2013-05-03","Confirmed"
"BLD-100946","2010-04-19","2010-07-18","Confirmed"
"BLD-100947","2014-07-29","2014-10-27","Confirmed"
"BLD-100948","2011-10-14","2012-01-12","Confirmed"
"BLD-100949","2017-11-28","2018-02-26","Confirmed"
"BLD-100950","2013-09-13","2013-12-12","Confirmed"
"BLD-100951","2010-04-08","2010-07-07","Extended"
"BLD-100952","2020-03-01","2020-05-30","Confirmed"
"BLD-100953","2018-08-12","2018-11-10","Confirmed"
"BLD-100954","2014-05-01","2014-07-30","Confirmed"
"BLD-100955","2011-02-14","2011-05-15","Confirmed"
"BLD-100956","2013-11-23","2014-02-21","Confirmed"
"BLD-100957","2018-10-15","2019-01-13","Confirmed"
"BLD-100958","2018-04-13","2018-07-12","Confirmed"
"BLD-100959","2016-11-26","2017-02-24","Confirmed"
"BLD-100960","2011-09-13","2011-12-12","Confirmed"
"BLD-100961","2019-09-16","2019-12-15","Confirmed"
"BLD-100962","2013-03-18","2013-06-16","Confirmed"
"BLD-100963","2021-08-09","2021-11-07","Confirmed"
"BLD-100964","2012-02-21","2012-05-21","Confirmed"
"BLD-100965","2011-07-08","2011-10-06","Confirmed"
"BLD-100966","2011-03-08","2011-06-06","Confirmed"
"BLD-100967","2017-09-03","2017-12-02","Confirmed"
"BLD-100968","2018-10-14","2019-01-12","Confirmed"
"BLD-100969","2011-04-17","2011-07-16","Confirmed"
"BLD-100970","2021-08-09","2021-11-07","Confirmed"
"BLD-100971","2018-12-16","2019-03-16","Confirmed"
"BLD-100972","2014-01-09","2014-04-09","Confirmed"
"BLD-100973","2019-01-10","2019-04-10","Confirmed"
"BLD-100974","2012-03-07","2012-06-05","Confirmed"
"BLD-100975","2014-04-20","2014-07-19","Confirmed"
"BLD-100976","2013-05-29","2013-08-27","Confirmed"
"BLD-100977","2012-11-12","2013-02-10","Confirmed"
"BLD-100978","2017-04-29","2017-07-28","Confirmed"
"BLD-100979","2018-12-15","2019-03-15","Confirmed"
"BLD-100980","2011-07-22","2011-10-20","Confirmed"
"BLD-100981","2012-08-02","2012-10-31","Confirmed"
"BLD-100982","2017-10-20","2018-01-18","Confirmed"
"BLD-100983","2022-01-17","2022-04-17","Extended"
"BLD-100984","2016-04-22","2016-07-21","Confirmed"
"BLD-100985","2012-08-04","2012-11-02","Confirmed"
"BLD-100986","2011-10-30","2012-01-28","Confirmed"
"BLD-100987","2011-05-28","2011-08-26","Confirmed"
"BLD-100988","2019-11-16","2020-02-14","Confirmed"
"BLD-100989","2011-11-12","2012-02-10","Extended"
"BLD-100990","2018-12-04","2019-03-04","Confirmed"
"BLD-100991","2019-03-06","2019-06-04","Confirmed"
"BLD-100992","2018-08-28","2018-11-26","Confirmed"
"BLD-100993","2021-06-25","2021-09-23","Confirmed"
"BLD-100994","2022-09-30","2022-12-29","Confirmed"
"BLD-100995","2013-11-26","2014-02-24","Confirmed"
"BLD-100996","2016-11-13","2017-02-11","Confirmed"
"BLD-100997","2017-09-21","2017-12-20","Confirmed"
"BLD-100998","2021-10-25","2022-01-23","Confirmed"
"BLD-100999","2018-08-12","2018-11-10","Confirmed"
"BLD-101000","2017-12-01","2018-03-01","Confirmed"
"BLD-101001","2021-09-09","2021-12-08","Confirmed"
"BLD-101002","2017-08-29","2017-11-27","Confirmed"
"BLD-101003","2014-06-02","2014-08-31","Confirmed"
"BLD-101004","2012-02-16","2012-05-16","Confirmed"
"BLD-101005","2017-12-19","2018-03-19","Confirmed"
"BLD-101006","2014-05-05","2014-08-03","Confirmed"
"BLD-101007","2020-10-23","2021-01-21","Confirmed"
"BLD-101008","2021-02-10","2021-05-11","Confirmed"
"BLD-101009","2013-11-22","2014-02-20","Confirmed"
"BLD-101010","2019-09-15","2019-12-14","Extended"
"BLD-101011","2019-11-11","2020-02-09","Confirmed"
"BLD-101012","2018-03-09","2018-06-07","Confirmed"
"BLD-101013","2019-06-08","2019-09-06","Confirmed"
"BLD-101014","2019-03-03","2019-06-01","Confirmed"
"BLD-101015","2010-09-02","2010-12-01","Confirmed"
"BLD-101016","2018-03-30","2018-06-28","Confirmed"
"BLD-101017","2021-09-22","2021-12-21","Confirmed"
"BLD-101018","2017-08-14","2017-11-12","Extended"
"BLD-101019","2017-10-10","2018-01-08","Confirmed"
"BLD-101020","2010-03-21","2010-06-19","Confirmed"
"BLD-101021","2020-12-17","2021-03-17","Extended"
"BLD-101022","2021-03-12","2021-06-10","Confirmed"
"BLD-101023","2016-08-18","2016-11-16","Confirmed"
"BLD-101024","2013-10-09","2014-01-07","Confirmed"
"BLD-101025","2017-03-14","2017-06-12","Confirmed"
"BLD-101026","2015-08-16","2015-11-14","Confirmed"
"BLD-101027","2021-08-23","2021-11-21","Confirmed"
"BLD-101028","2017-01-18","2017-04-18","Confirmed"
"BLD-101029","2022-03-16","2022-06-14","Confirmed"
"BLD-101030","2014-07-25","2014-10-23","Confirmed"
"BLD-101031","2018-06-21","2018-09-19","Confirmed"
"BLD-101032","2010-07-25","2010-10-23","Confirmed"
"BLD-101033","2022-07-02","2022-09-30","Confirmed"
"BLD-101034","2010-01-25","2010-04-25","Confirmed"
"BLD-101035","2018-07-24","2018-10-22","Confirmed"
"BLD-101036","2011-11-15","2012-02-13","Confirmed"
"BLD-101037","2010-08-29","2010-11-27","Confirmed"
"BLD-101038","2021-07-07","2021-10-05","Confirmed"
"BLD-101039","2020-04-13","2020-07-12","Confirmed"
"BLD-101040","2018-04-16","2018-07-15","Confirmed"
"BLD-101041","2012-10-10","2013-01-08","Confirmed"
"BLD-101042","2013-01-09","2013-04-09","Confirmed"
"BLD-101043","2019-02-26","2019-05-27","Confirmed"
"BLD-101044","2019-10-05","2020-01-03","Confirmed"
"BLD-101045","2017-08-29","2017-11-27","Confirmed"
"BLD-101046","2019-09-23","2019-12-22","Confirmed"
"BLD-101047","2022-01-24","2022-04-24","Confirmed"
"BLD-101048","2018-10-10","2019-01-08","Confirmed"
"BLD-101049","2019-09-23","2019-12-22","Confirmed"
"BLD-101050","2013-05-10","2013-08-08","Confirmed"
"BLD-101051","2022-07-03","2022-10-01","Confirmed"
"BLD-101052","2025-12-22","2026-03-22","Confirmed"
"BLD-101053","2024-02-14","2024-05-14","Confirmed"
"BLD-101054","2023-08-15","2023-11-13","Confirmed"
"BLD-101055","2024-01-26","2024-04-25","Confirmed"
"BLD-101056","2024-05-09","2024-08-07","Confirmed"
"BLD-101057","2025-09-11","2025-12-10","Confirmed"
"BLD-101058","2023-07-09","2023-10-07","Confirmed"
"BLD-101059","2025-11-05","2026-02-03","Confirmed"
"BLD-101060","2024-04-01","2024-06-30","Confirmed"
"BLD-101061","2023-09-12","2023-12-11","Confirmed"
"BLD-101062","2025-08-10","2025-11-08","Confirmed"
"BLD-101063","2024-04-14","2024-07-13","Confirmed"
"BLD-101064","2024-10-22","2025-01-20","Confirmed"
"BLD-101065","2024-12-19","2025-03-19","Confirmed"
"BLD-101066","2023-10-22","2024-01-20","Confirmed"
"BLD-101067","2024-11-06","2025-02-04","Confirmed"
"BLD-101068","2025-09-15","2025-12-14","Confirmed"
"BLD-101069","2025-01-16","2025-04-16","Confirmed"
"BLD-101070","2025-08-22","2025-11-20","Confirmed"
"BLD-101071","2024-09-01","2024-11-30","Confirmed"
"BLD-101072","2024-07-10","2024-10-08","Confirmed"
"BLD-101073","2025-06-06","2025-09-04","Confirmed"
"BLD-101074","2023-01-11","2023-04-11","Confirmed"
"BLD-101075","2025-06-04","2025-09-02","Confirmed"
"BLD-101076","2024-03-16","2024-06-14","Confirmed"
"BLD-101077","2023-03-07","2023-06-05","Confirmed"
"BLD-101078","2024-01-12","2024-04-11","Confirmed"
"BLD-101079","2024-07-01","2024-09-29","Confirmed"
"BLD-101080","2023-12-22","2024-03-21","Confirmed"
"BLD-101081","2023-09-15","2023-12-14","Confirmed"
"BLD-101082","2025-08-04","2025-11-02","Confirmed"
"BLD-101083","2024-09-10","2024-12-09","Confirmed"
"BLD-101084","2023-04-17","2023-07-16","Confirmed"
"BLD-101085","2025-10-20","2026-01-18","Confirmed"
"BLD-101086","2023-05-01","2023-07-30","Not Confirmed"
"BLD-101087","2024-10-04","2025-01-02","Confirmed"
"BLD-101088","2024-08-14","2024-11-12","Confirmed"
"BLD-101089","2023-01-11","2023-04-11","Confirmed"
"BLD-101090","2025-05-09","2025-08-07","Confirmed"
"BLD-101091","2023-03-20","2023-06-18","Confirmed"
"BLD-101092","2023-02-08","2023-05-09","Confirmed"
"BLD-101093","2023-01-13","2023-04-13","Confirmed"
"BLD-101094","2023-11-01","2024-01-30","Confirmed"
"BLD-101095","2025-02-26","2025-05-27","Confirmed"
"BLD-101096","2025-09-01","2025-11-30","Confirmed"
"BLD-101097","2023-10-12","2024-01-10","Confirmed"
"BLD-101098","2023-10-13","2024-01-11","Extended"
"BLD-101099","2025-01-01","2025-04-01","Confirmed"
"BLD-101100","2024-10-10","2025-01-08","Confirmed"
"BLD-101101","2024-03-01","2024-05-30","Confirmed"
"BLD-101102","2023-07-17","2023-10-15","Confirmed"
"BLD-101103","2024-08-13","2024-11-11","Confirmed"
"BLD-101104","2023-07-03","2023-10-01","Confirmed"
"BLD-101105","2023-11-04","2024-02-02","Confirmed"
"BLD-101106","2024-10-21","2025-01-19","Confirmed"
"BLD-101107","2024-02-20","2024-05-20","Confirmed"
"BLD-101108","2025-05-11","2025-08-09","Confirmed"
"BLD-101109","2025-09-19","2025-12-18","Confirmed"
"BLD-101110","2025-09-08","2025-12-07","Confirmed"
"BLD-101111","2025-07-06","2025-10-04","Confirmed"
"BLD-101112","2024-06-13","2024-09-11","Confirmed"
"BLD-101113","2023-10-08","2024-01-06","Confirmed"
"BLD-101114","2024-03-09","2024-06-07","Confirmed"
"BLD-101115","2024-03-08","2024-06-06","Confirmed"
"BLD-101116","2025-02-16","2025-05-17","Confirmed"
"BLD-101117","2025-03-10","2025-06-08","Confirmed"
"BLD-101118","2024-03-24","2024-06-22","Confirmed"
"BLD-101119","2023-04-24","2023-07-23","Confirmed"
"BLD-101120","2025-11-17","2026-02-15","Confirmed"
"BLD-101121","2023-06-25","2023-09-23","Confirmed"
"BLD-101122","2025-04-05","2025-07-04","Confirmed"
"BLD-101123","2023-07-23","2023-10-21","Confirmed"
"BLD-101124","2024-04-25","2024-07-24","Confirmed"
"BLD-101125","2023-09-26","2023-12-25","Confirmed"
"BLD-101126","2024-05-23","2024-08-21","Confirmed"
"BLD-101127","2024-01-12","2024-04-11","Confirmed"
"BLD-101128","2024-03-20","2024-06-18","Confirmed"
"BLD-101129","2024-09-25","2024-12-24","Confirmed"
"BLD-101130","2025-07-26","2025-10-24","Confirmed"
"BLD-101131","2024-08-03","2024-11-01","Confirmed"
"BLD-101132","2024-01-22","2024-04-21","Confirmed"
"BLD-101133","2025-03-08","2025-06-06","Confirmed"
"BLD-101134","2023-07-06","2023-10-04","Confirmed"
"BLD-101135","2025-02-20","2025-05-21","Confirmed"
"BLD-101136","2025-08-21","2025-11-19","Confirmed"
"BLD-101137","2023-07-04","2023-10-02","Confirmed"
"BLD-101138","2023-03-07","2023-06-05","Confirmed"
"BLD-101139","2023-02-16","2023-05-17","Confirmed"
"BLD-101140","2025-11-27","2026-02-25","Confirmed"
"BLD-101141","2023-01-21","2023-04-21","Confirmed"
"BLD-101142","2023-07-01","2023-09-29","Confirmed"
"BLD-101143","2025-04-03","2025-07-02","Confirmed"
"BLD-101144","2025-08-08","2025-11-06","Confirmed"
"BLD-101145","2023-10-03","2024-01-01","Confirmed"
"BLD-101146","2025-03-19","2025-06-17","Confirmed"
"BLD-101147","2024-09-13","2024-12-12","Confirmed"
"BLD-101148","2023-04-10","2023-07-09","Confirmed"
"BLD-101149","2025-03-10","2025-06-08","Confirmed"
"BLD-101150","2023-01-12","2023-04-12","Confirmed"
"BLD-101151","2025-04-03","2025-07-02","Confirmed"
"BLD-101152","2024-09-18","2024-12-17","Confirmed"
"BLD-101153","2024-02-02","2024-05-02","Confirmed"
"BLD-101154","2025-02-04","2025-05-05","Confirmed"
"BLD-101155","2025-06-10","2025-09-08","Not Confirmed"
"BLD-101156","2025-01-16","2025-04-16","Confirmed"
"BLD-101157","2024-07-26","2024-10-24","Confirmed"
"BLD-101158","2024-01-12","2024-04-11","Confirmed"
"BLD-101159","2024-10-09","2025-01-07","Confirmed"
"BLD-101160","2023-08-08","2023-11-06","Confirmed"
"BLD-101161","2024-11-03","2025-02-01","Confirmed"
"BLD-101162","2023-05-23","2023-08-21","Confirmed"
"BLD-101163","2025-04-03","2025-07-02","Confirmed"
"BLD-101164","2023-09-05","2023-12-04","Confirmed"
"BLD-101165","2023-10-17","2024-01-15","Confirmed"
"BLD-101166","2024-04-05","2024-07-04","Not Confirmed"
"BLD-101167","2023-08-08","2023-11-06","Confirmed"
"BLD-101168","2023-10-06","2024-01-04","Extended"
"BLD-101169","2024-12-22","2025-03-22","Confirmed"
"BLD-101170","2025-08-19","2025-11-17","Confirmed"
"BLD-101171","2025-08-15","2025-11-13","Confirmed"
"BLD-101172","2023-01-03","2023-04-03","Confirmed"
"BLD-101173","2023-01-26","2023-04-26","Confirmed"
"BLD-101174","2025-10-21","2026-01-19","Not Confirmed"
"BLD-101175","2023-09-09","2023-12-08","Confirmed"
"BLD-101176","2023-03-07","2023-06-05","Confirmed"
"BLD-101177","2024-02-17","2024-05-17","Confirmed"
"BLD-101178","2025-08-08","2025-11-06","Confirmed"
"BLD-101179","2023-10-22","2024-01-20","Confirmed"
"BLD-101180","2023-07-23","2023-10-21","Not Confirmed"
"BLD-101181","2024-02-12","2024-05-12","Confirmed"
"BLD-101182","2023-10-08","2024-01-06","Confirmed"
"BLD-101183","2024-06-02","2024-08-31","Confirmed"
"BLD-101184","2025-05-09","2025-08-07","Confirmed"
"BLD-101185","2023-04-15","2023-07-14","Confirmed"
"BLD-101186","2024-09-04","2024-12-03","Confirmed"
"BLD-101187","2024-10-16","2025-01-14","Not Confirmed"
"BLD-101188","2023-09-17","2023-12-16","Confirmed"
"BLD-101189","2024-07-20","2024-10-18","Confirmed"
"BLD-101190","2024-06-03","2024-09-01","Confirmed"
"BLD-101191","2023-06-18","2023-09-16","Confirmed"
"BLD-101192","2025-10-02","2025-12-31","Confirmed"
"BLD-101193","2023-07-08","2023-10-06","Confirmed"
"BLD-101194","2024-07-23","2024-10-21","Confirmed"
"BLD-101195","2025-03-06","2025-06-04","Confirmed"
"BLD-101196","2024-01-21","2024-04-20","Confirmed"
"BLD-101197","2023-01-14","2023-04-14","Confirmed"
"BLD-101198","2025-09-11","2025-12-10","Confirmed"
"BLD-101199","2025-04-19","2025-07-18","Confirmed"
"BLD-101200","2023-02-22","2023-05-23","Confirmed"
"BLD-101201","2024-03-17","2024-06-15","Confirmed"
"BLD-101202","2024-09-24","2024-12-23","Confirmed"
"BLD-101203","2024-11-14","2025-02-12","Confirmed"
"BLD-101204","2025-09-24","2025-12-23","Confirmed"
"BLD-101205","2023-07-04","2023-10-02","Confirmed"
"BLD-101206","2023-01-15","2023-04-15","Confirmed"
"BLD-101207","2024-09-13","2024-12-12","Confirmed"
"BLD-101208","2024-05-08","2024-08-06","Confirmed"
"BLD-101209","2024-02-17","2024-05-17","Not Confirmed"
"BLD-101210","2024-09-09","2024-12-08","Confirmed"
"BLD-101211","2025-10-02","2025-12-31","Confirmed"
"BLD-101212","2023-01-27","2023-04-27","Confirmed"
"BLD-101213","2025-05-02","2025-07-31","Confirmed"
"BLD-101214","2024-01-03","2024-04-02","Confirmed"
"BLD-101215","2024-06-07","2024-09-05","Confirmed"
"BLD-101216","2025-07-08","2025-10-06","Confirmed"
"BLD-101217","2023-12-08","2024-03-07","Confirmed"
"BLD-101218","2023-12-12","2024-03-11","Extended"
"BLD-101219","2025-10-03","2026-01-01","Confirmed"
"BLD-101220","2025-03-15","2025-06-13","Confirmed"
"BLD-101221","2025-03-12","2025-06-10","Confirmed"
"BLD-101222","2024-08-12","2024-11-10","Confirmed"
"BLD-101223","2025-08-05","2025-11-03","Confirmed"
"BLD-101224","2023-10-17","2024-01-15","Confirmed"
"BLD-101225","2023-03-02","2023-05-31","Confirmed"
"BLD-101226","2024-03-23","2024-06-21","Confirmed"
"BLD-101227","2023-03-10","2023-06-08","Confirmed"
"BLD-101228","2025-06-07","2025-09-05","Confirmed"
"BLD-101229","2023-05-24","2023-08-22","Confirmed"
"BLD-101230","2023-04-14","2023-07-13","Confirmed"
"BLD-101231","2024-01-06","2024-04-05","Confirmed"
"BLD-101232","2024-08-15","2024-11-13","Confirmed"
"BLD-101233","2025-04-25","2025-07-24","Confirmed"
"BLD-101234","2025-08-06","2025-11-04","Confirmed"
"BLD-101235","2025-01-08","2025-04-08","Confirmed"
"BLD-101236","2024-11-12","2025-02-10","Not Confirmed"
"BLD-101237","2023-01-08","2023-04-08","Confirmed"
"BLD-101238","2024-08-25","2024-11-23","Confirmed"
"BLD-101239","2025-12-11","2026-03-11","Confirmed"
"BLD-101240","2023-10-12","2024-01-10","Confirmed"
"BLD-101241","2025-05-18","2025-08-16","Confirmed"
"BLD-101242","2025-03-04","2025-06-02","Confirmed"
"BLD-101243","2023-01-14","2023-04-14","Confirmed"
"BLD-101244","2025-03-21","2025-06-19","Not Confirmed"
"BLD-101245","2023-11-26","2024-02-24","Confirmed"
"BLD-101246","2023-04-24","2023-07-23","Confirmed"
"BLD-101247","2025-01-20","2025-04-20","Confirmed"
"BLD-101248","2025-10-12","2026-01-10","Confirmed"
"BLD-101249","2025-08-12","2025-11-10","Confirmed"
"BLD-101250","2025-01-01","2025-04-01","Confirmed"
"BLD-101251","2024-09-13","2024-12-12","Confirmed"
"BLD-101252","2023-09-17","2023-12-16","Confirmed"
"BLD-101253","2024-10-08","2025-01-06","Confirmed"
"BLD-101254","2024-06-10","2024-09-08","Confirmed"
"BLD-101255","2025-07-07","2025-10-05","Confirmed"
"BLD-101256","2023-01-23","2023-04-23","Confirmed"
"BLD-101257","2023-05-11","2023-08-09","Confirmed"
"BLD-101258","2025-03-07","2025-06-05","Not Confirmed"
"BLD-101259","2025-10-11","2026-01-09","Confirmed"
"BLD-101260","2023-07-13","2023-10-11","Extended"
"BLD-101261","2025-02-04","2025-05-05","Confirmed"
"BLD-101262","2023-02-02","2023-05-03","Confirmed"
"BLD-101263","2025-12-20","2026-03-20","Confirmed"
"BLD-101264","2024-03-24","2024-06-22","Confirmed"
"BLD-101265","2023-02-25","2023-05-26","Confirmed"
"BLD-101266","2023-09-15","2023-12-14","Not Confirmed"
"BLD-101267","2025-10-23","2026-01-21","Confirmed"
"BLD-101268","2024-12-13","2025-03-13","Confirmed"
"BLD-101269","2023-03-15","2023-06-13","Confirmed"
"BLD-101270","2024-01-17","2024-04-16","Confirmed"
"BLD-101271","2025-03-05","2025-06-03","Confirmed"
"BLD-101272","2023-06-18","2023-09-16","Confirmed"
"BLD-101273","2025-02-15","2025-05-16","Confirmed"
"BLD-101274","2024-09-26","2024-12-25","Confirmed"
"BLD-101275","2023-10-22","2024-01-20","Confirmed"
"BLD-101276","2025-10-16","2026-01-14","Confirmed"
"BLD-101277","2025-09-19","2025-12-18","Not Confirmed"
"BLD-101278","2025-10-27","2026-01-25","Confirmed"
"BLD-101279","2024-02-16","2024-05-16","Confirmed"
"BLD-101280","2025-02-05","2025-05-06","Confirmed"
"BLD-101281","2023-06-26","2023-09-24","Confirmed"
"BLD-101282","2024-01-11","2024-04-10","Confirmed"
"BLD-101283","2024-01-05","2024-04-04","Confirmed"
"BLD-101284","2023-06-21","2023-09-19","Confirmed"
"BLD-101285","2024-04-01","2024-06-30","Confirmed"
"BLD-101286","2024-03-24","2024-06-22","Confirmed"
"BLD-101287","2024-07-17","2024-10-15","Confirmed"
"BLD-101288","2025-08-09","2025-11-07","Confirmed"
"BLD-101289","2023-01-22","2023-04-22","Confirmed"
"BLD-101290","2024-11-25","2025-02-23","Confirmed"
"BLD-101291","2023-11-05","2024-02-03","Confirmed"
"BLD-101292","2024-06-16","2024-09-14","Confirmed"
"BLD-101293","2025-06-10","2025-09-08","Confirmed"
"BLD-101294","2023-02-10","2023-05-11","Confirmed"
"BLD-101295","2025-02-07","2025-05-08","Confirmed"
"BLD-101296","2023-10-04","2024-01-02","Confirmed"
"BLD-101297","2024-04-05","2024-07-04","Confirmed"
"BLD-101298","2024-12-14","2025-03-14","Confirmed"
"BLD-101299","2023-02-10","2023-05-11","Confirmed"
"BLD-101300","2023-03-12","2023-06-10","Not Confirmed"
"BLD-101301","2023-01-08","2023-04-08","Confirmed"
"BLD-101302","2023-08-13","2023-11-11","Confirmed"
"BLD-101303","2025-03-03","2025-06-01","Confirmed"
"BLD-101304","2023-05-15","2023-08-13","Confirmed"
"BLD-101305","2023-12-18","2024-03-17","Confirmed"
"BLD-101306","2023-03-17","2023-06-15","Confirmed"
"BLD-101307","2024-12-14","2025-03-14","Confirmed"
"BLD-101308","2023-03-24","2023-06-22","Confirmed"
"BLD-101309","2025-07-08","2025-10-06","Confirmed"
"BLD-101310","2023-09-14","2023-12-13","Confirmed"
"BLD-101311","2024-05-12","2024-08-10","Confirmed"
"BLD-101312","2025-01-15","2025-04-15","Confirmed"
"BLD-101313","2023-02-23","2023-05-24","Extended"
"BLD-101314","2025-07-22","2025-10-20","Confirmed"
"BLD-101315","2024-06-27","2024-09-25","Not Confirmed"
"BLD-101316","2025-10-10","2026-01-08","Confirmed"
"BLD-101317","2024-12-27","2025-03-27","Confirmed"
"BLD-101318","2023-11-13","2024-02-11","Confirmed"
"BLD-101319","2023-10-25","2024-01-23","Confirmed"
"BLD-101320","2024-03-23","2024-06-21","Extended"
"BLD-101321","2024-03-02","2024-05-31","Confirmed"
"BLD-101322","2024-03-20","2024-06-18","Confirmed"
"BLD-101323","2024-09-11","2024-12-10","Confirmed"
"BLD-101324","2023-03-26","2023-06-24","Confirmed"
"BLD-101325","2024-06-23","2024-09-21","Not Confirmed"
"BLD-101326","2023-09-10","2023-12-09","Confirmed"
"BLD-101327","2024-08-10","2024-11-08","Confirmed"
"BLD-101328","2025-07-15","2025-10-13","Confirmed"
"BLD-101329","2024-08-03","2024-11-01","Confirmed"
"BLD-101330","2023-05-16","2023-08-14","Confirmed"
"BLD-101331","2025-10-22","2026-01-20","Confirmed"
"BLD-101332","2024-07-25","2024-10-23","Confirmed"
"BLD-101333","2025-12-11","2026-03-11","Confirmed"
"BLD-101334","2024-10-05","2025-01-03","Confirmed"
"BLD-101335","2023-08-04","2023-11-02","Confirmed"
"BLD-101336","2025-01-20","2025-04-20","Confirmed"
"BLD-101337","2024-08-07","2024-11-05","Confirmed"
"BLD-101338","2023-05-05","2023-08-03","Confirmed"
"BLD-101339","2023-11-21","2024-02-19","Confirmed"
"BLD-101340","2023-04-05","2023-07-04","Confirmed"
"BLD-101341","2023-08-04","2023-11-02","Confirmed"
"BLD-101342","2024-09-19","2024-12-18","Confirmed"
"BLD-101343","2025-07-02","2025-09-30","Confirmed"
"BLD-101344","2023-06-08","2023-09-06","Confirmed"
"BLD-101345","2023-01-21","2023-04-21","Confirmed"
"BLD-101346","2024-09-01","2024-11-30","Confirmed"
"BLD-101347","2023-06-08","2023-09-06","Confirmed"
"BLD-101348","2023-04-01","2023-06-30","Confirmed"
"BLD-101349","2024-10-05","2025-01-03","Confirmed"
"BLD-101350","2025-02-16","2025-05-17","Confirmed"
"BLD-101351","2025-03-08","2025-06-06","Confirmed"
"BLD-101352","2024-09-25","2024-12-24","Confirmed"
"BLD-101353","2024-06-25","2024-09-23","Confirmed"
"BLD-101354","2023-05-26","2023-08-24","Confirmed"
"BLD-101355","2024-09-15","2024-12-14","Confirmed"
"BLD-101356","2024-07-18","2024-10-16","Confirmed"
"BLD-101357","2023-01-06","2023-04-06","Confirmed"
"BLD-101358","2024-09-07","2024-12-06","Confirmed"
"BLD-101359","2024-11-26","2025-02-24","Confirmed"
"BLD-101360","2024-02-26","2024-05-26","Extended"
"BLD-101361","2023-12-14","2024-03-13","Confirmed"
"BLD-101362","2024-08-14","2024-11-12","Confirmed"
"BLD-101363","2024-05-14","2024-08-12","Confirmed"
"BLD-101364","2025-12-12","2026-03-12","Confirmed"
"BLD-101365","2025-03-07","2025-06-05","Confirmed"
"BLD-101366","2023-01-24","2023-04-24","Not Confirmed"
"BLD-101367","2025-05-01","2025-07-30","Confirmed"
"BLD-101368","2025-06-02","2025-08-31","Confirmed"
"BLD-101369","2023-05-18","2023-08-16","Confirmed"
"BLD-101370","2023-01-15","2023-04-15","Confirmed"
"BLD-101371","2023-04-21","2023-07-20","Confirmed"
"BLD-101372","2024-12-19","2025-03-19","Confirmed"
"BLD-101373","2025-07-11","2025-10-09","Confirmed"
"BLD-101374","2025-01-26","2025-04-26","Confirmed"
"BLD-101375","2023-08-03","2023-11-01","Confirmed"
"BLD-101376","2025-03-06","2025-06-04","Confirmed"
"BLD-101377","2023-07-19","2023-10-17","Confirmed"
"BLD-101378","2023-07-08","2023-10-06","Not Confirmed"
"BLD-101379","2024-02-25","2024-05-25","Confirmed"
"BLD-101380","2023-10-21","2024-01-19","Confirmed"
"BLD-101381","2025-08-11","2025-11-09","Confirmed"
"BLD-101382","2023-12-13","2024-03-12","Confirmed"
"BLD-101383","2025-09-18","2025-12-17","Confirmed"
"BLD-101384","2025-11-15","2026-02-13","Confirmed"
"BLD-101385","2025-11-14","2026-02-12","Confirmed"
"BLD-101386","2025-08-18","2025-11-16","Confirmed"
"BLD-101387","2025-08-24","2025-11-22","Confirmed"
"BLD-101388","2023-10-04","2024-01-02","Confirmed"
"BLD-101389","2024-11-17","2025-02-15","Confirmed"
"BLD-101390","2024-10-18","2025-01-16","Confirmed"
"BLD-101391","2023-09-15","2023-12-14","Confirmed"
"BLD-101392","2024-10-11","2025-01-09","Confirmed"
"BLD-101393","2025-08-21","2025-11-19","Confirmed"
"BLD-101394","2024-03-27","2024-06-25","Not Confirmed"
"BLD-101395","2024-11-18","2025-02-16","Confirmed"
"BLD-101396","2024-06-27","2024-09-25","Confirmed"
"BLD-101397","2025-05-27","2025-08-25","Confirmed"
"BLD-101398","2024-12-01","2025-03-01","Confirmed"
"BLD-101399","2024-01-20","2024-04-19","Confirmed"
"BLD-101400","2023-04-27","2023-07-26","Confirmed"
"BLD-101401","2024-05-21","2024-08-19","Confirmed"
"BLD-101402","2025-01-06","2025-04-06","Confirmed"
"BLD-101403","2024-05-01","2024-07-30","Confirmed"
"BLD-101404","2023-08-05","2023-11-03","Not Confirmed"
"BLD-101405","2024-06-12","2024-09-10","Confirmed"
"BLD-101406","2025-06-14","2025-09-12","Confirmed"
"BLD-101407","2025-09-15","2025-12-14","Confirmed"
"BLD-101408","2023-04-22","2023-07-21","Confirmed"
"BLD-101409","2024-01-19","2024-04-18","Confirmed"
"BLD-101410","2023-03-05","2023-06-03","Confirmed"
"BLD-101411","2023-12-15","2024-03-14","Confirmed"
"BLD-101412","2025-11-18","2026-02-16","Confirmed"
"BLD-101413","2024-09-15","2024-12-14","Confirmed"
"BLD-101414","2024-02-18","2024-05-18","Confirmed"
"BLD-101415","2025-09-01","2025-11-30","Confirmed"
"BLD-101416","2024-08-18","2024-11-16","Confirmed"
"BLD-101417","2024-01-03","2024-04-02","Confirmed"
"BLD-101418","2024-08-23","2024-11-21","Confirmed"
"BLD-101419","2025-10-26","2026-01-24","Confirmed"
"BLD-101420","2023-02-13","2023-05-14","Confirmed"
"BLD-101421","2023-04-13","2023-07-12","Confirmed"
"BLD-101422","2023-11-09","2024-02-07","Confirmed"
"BLD-101423","2023-09-15","2023-12-14","Confirmed"
"BLD-101424","2024-08-01","2024-10-30","Not Confirmed"
"BLD-101425","2024-07-10","2024-10-08","Confirmed"
"BLD-101426","2024-11-01","2025-01-30","Confirmed"
"BLD-101427","2025-01-20","2025-04-20","Confirmed"
"BLD-101428","2024-02-19","2024-05-19","Confirmed"
"BLD-101429","2023-02-22","2023-05-23","Confirmed"
"BLD-101430","2024-12-13","2025-03-13","Confirmed"
"BLD-101431","2023-01-14","2023-04-14","Confirmed"
"BLD-101432","2023-05-01","2023-07-30","Confirmed"
"BLD-101433","2023-07-21","2023-10-19","Confirmed"
"BLD-101434","2025-09-15","2025-12-14","Confirmed"
"BLD-101435","2023-09-04","2023-12-03","Confirmed"
"BLD-101436","2023-06-18","2023-09-16","Confirmed"
"BLD-101437","2024-11-14","2025-02-12","Confirmed"
"BLD-101438","2024-04-04","2024-07-03","Confirmed"
"BLD-101439","2025-12-14","2026-03-14","Confirmed"
"BLD-101440","2023-09-17","2023-12-16","Confirmed"
"BLD-101441","2025-05-18","2025-08-16","Confirmed"
"BLD-101442","2025-04-10","2025-07-09","Confirmed"
"BLD-101443","2025-10-01","2025-12-30","Confirmed"
"BLD-101444","2023-02-18","2023-05-19","Confirmed"
"BLD-101445","2023-09-03","2023-12-02","Confirmed"
"BLD-101446","2023-07-13","2023-10-11","Confirmed"
"BLD-101447","2023-09-20","2023-12-19","Confirmed"
"BLD-101448","2024-04-23","2024-07-22","Confirmed"
"BLD-101449","2025-04-15","2025-07-14","Confirmed"
"BLD-101450","2023-09-21","2023-12-20","Confirmed"
"BLD-101451","2025-10-17","2026-01-15","Confirmed"
"BLD-101452","2025-03-19","2025-06-17","Confirmed"
"BLD-101453","2023-03-16","2023-06-14","Confirmed"
"BLD-101454","2023-11-04","2024-02-02","Confirmed"
"BLD-101455","2023-03-06","2023-06-04","Confirmed"
"BLD-101456","2025-01-06","2025-04-06","Confirmed"
"BLD-101457","2025-11-14","2026-02-12","Confirmed"
"BLD-101458","2025-06-13","2025-09-11","Confirmed"
"BLD-101459","2025-03-20","2025-06-18","Confirmed"
"BLD-101460","2025-08-18","2025-11-16","Confirmed"
"BLD-101461","2025-09-27","2025-12-26","Not Confirmed"
"BLD-101462","2023-05-16","2023-08-14","Confirmed"
"BLD-101463","2024-03-04","2024-06-02","Confirmed"
"BLD-101464","2023-07-15","2023-10-13","Extended"
"BLD-101465","2023-12-24","2024-03-23","Confirmed"
"BLD-101466","2024-06-07","2024-09-05","Confirmed"
"BLD-101467","2024-09-15","2024-12-14","Confirmed"
"BLD-101468","2025-07-23","2025-10-21","Confirmed"
"BLD-101469","2023-10-06","2024-01-04","Confirmed"
"BLD-101470","2025-03-01","2025-05-30","Confirmed"
"BLD-101471","2024-02-23","2024-05-23","Confirmed"
"BLD-101472","2023-10-12","2024-01-10","Confirmed"
"BLD-101473","2024-03-04","2024-06-02","Confirmed"
"BLD-101474","2024-07-11","2024-10-09","Confirmed"
"BLD-101475","2023-04-22","2023-07-21","Confirmed"
"BLD-101476","2023-02-07","2023-05-08","Confirmed"
"BLD-101477","2024-03-01","2024-05-30","Confirmed"
"BLD-101478","2025-09-21","2025-12-20","Confirmed"
"BLD-101479","2023-02-27","2023-05-28","Confirmed"
"BLD-101480","2025-04-14","2025-07-13","Confirmed"
"BLD-101481","2024-03-21","2024-06-19","Confirmed"
"BLD-101482","2024-10-02","2024-12-31","Confirmed"
"BLD-101483","2023-09-03","2023-12-02","Confirmed"
"BLD-101484","2025-07-21","2025-10-19","Confirmed"
"BLD-101485","2025-03-04","2025-06-02","Confirmed"
"BLD-101486","2025-02-14","2025-05-15","Confirmed"
"BLD-101487","2025-04-22","2025-07-21","Confirmed"
"BLD-101488","2024-04-13","2024-07-12","Confirmed"
"BLD-101489","2024-02-10","2024-05-10","Confirmed"
"BLD-101490","2023-09-15","2023-12-14","Confirmed"
"BLD-101491","2024-07-07","2024-10-05","Confirmed"
"BLD-101492","2023-11-20","2024-02-18","Confirmed"
"BLD-101493","2023-01-23","2023-04-23","Not Confirmed"
"BLD-101494","2025-01-07","2025-04-07","Confirmed"
"BLD-101495","2023-07-19","2023-10-17","Confirmed"
"BLD-101496","2023-08-22","2023-11-20","Confirmed"
"BLD-101497","2024-03-27","2024-06-25","Confirmed"
"BLD-101498","2025-01-21","2025-04-21","Confirmed"
"BLD-101499","2023-07-08","2023-10-06","Confirmed"
"BLD-101500","2024-08-17","2024-11-15","Confirmed"
"BLD-101501","2023-07-16","2023-10-14","Confirmed"
"BLD-101502","2024-07-15","2024-10-13","Confirmed"
"BLD-101503","2023-03-22","2023-06-20","Confirmed"
"BLD-101504","2023-01-06","2023-04-06","Confirmed"
"BLD-101505","2024-09-07","2024-12-06","Confirmed"
"BLD-101506","2024-10-26","2025-01-24","Confirmed"
"BLD-101507","2025-02-16","2025-05-17","Confirmed"
"BLD-101508","2024-01-10","2024-04-09","Confirmed"
"BLD-101509","2023-08-06","2023-11-04","Confirmed"
"BLD-101510","2023-04-09","2023-07-08","Confirmed"
"BLD-101511","2024-03-11","2024-06-09","Confirmed"
